=== RUN   TestDifferential1500
    diff_run_test.go:16: step=0 | RegisterDevice(id=dev0 class=1 fs=0) | => <nil> | CT 无场强；MR 场强为正整数
    diff_run_test.go:16: step=1 | RegisterDevice(id=dev1 class=2 fs=70) | => <nil> | CT 无场强；MR 场强为正整数
    diff_run_test.go:16: step=2 | RegisterDevice(id=dev2 class=1 fs=0) | => <nil> | CT 无场强；MR 场强为正整数
    diff_run_test.go:16: step=3 | RegisterDevice(id=dev3 class=1 fs=0) | => <nil> | CT 无场强；MR 场强为正整数
    diff_run_test.go:16: step=4 | RegisterExamType(id=ex0 class=1 dur=34 enh=false) | => <nil> | 检查类型确定类别/时长/是否增强
    diff_run_test.go:16: step=5 | RegisterExamType(id=ex1 class=1 dur=109 enh=true) | => <nil> | 检查类型确定类别/时长/是否增强
    diff_run_test.go:16: step=6 | RegisterExamType(id=ex2 class=1 dur=71 enh=false) | => <nil> | 检查类型确定类别/时长/是否增强
    diff_run_test.go:16: step=7 | RegisterExamType(id=ex3 class=2 dur=46 enh=false) | => <nil> | 检查类型确定类别/时长/是否增强
    diff_run_test.go:16: step=8 | RegisterExamType(id=ex4 class=1 dur=28 enh=true) | => <nil> | 检查类型确定类别/时长/是否增强
    diff_run_test.go:16: step=9 | RegisterExamType(id=ex5 class=2 dur=87 enh=false) | => <nil> | 检查类型确定类别/时长/是否增强
    diff_run_test.go:16: step=10 | RegisterPatient(id=pat0 hi=true noImp=true maxFS=0 allerg=true) | => <nil> | 患者确定风险等级、植入物场强上限与过敏史
    diff_run_test.go:16: step=11 | RegisterPatient(id=pat1 hi=false noImp=false maxFS=15 allerg=false) | => <nil> | 患者确定风险等级、植入物场强上限与过敏史
    diff_run_test.go:16: step=12 | RegisterPatient(id=pat2 hi=false noImp=false maxFS=70 allerg=false) | => <nil> | 患者确定风险等级、植入物场强上限与过敏史
    diff_run_test.go:16: step=13 | RegisterPatient(id=pat3 hi=false noImp=false maxFS=15 allerg=false) | => <nil> | 患者确定风险等级、植入物场强上限与过敏史
    diff_run_test.go:16: step=14 | RegisterPatient(id=pat4 hi=false noImp=true maxFS=0 allerg=false) | => <nil> | 患者确定风险等级、植入物场强上限与过敏史
    diff_run_test.go:16: step=15 | RegisterPatient(id=pat5 hi=true noImp=false maxFS=30 allerg=false) | => <nil> | 患者确定风险等级、植入物场强上限与过敏史
    diff_run_test.go:16: step=16 | CheckIn(apt=ghost now=631) | => 对象不存在 | 窗口[start-30,start+15]；复核肾/水化/预处理，失败转需改期并释放
    diff_run_test.go:16: step=17 | CheckIn(apt=ghost now=540) | => 对象不存在 | 窗口[start-30,start+15]；复核肾/水化/预处理，失败转需改期并释放
    diff_run_test.go:16: step=18 | AddQC(dev=dev0 [538,642)) | => <nil> | 质控为日内半开区间，与每日重复模板求交
    diff_run_test.go:16: step=19 | Cancel(apt=ghost now=710) | => 对象不存在 | 已签到/已取消不可取消；否则释放占用
    diff_run_test.go:16: step=20 | CheckIn(apt=ghost now=696) | => 对象不存在 | 窗口[start-30,start+15]；复核肾/水化/预处理，失败转需改期并释放
    diff_run_test.go:16: step=21 | Premed(apt=ghost at=279 now=662) | => 对象不存在 | 仅已受理状态可登记；开始时刻不晚于 now
    diff_run_test.go:16: step=22 | RegisterExamType(id=ex6 class=2 dur=116 enh=true) | => <nil> | 检查类型确定类别/时长/是否增强
    diff_run_test.go:16: step=23 | RegisterExamType(id=ex7 class=2 dur=74 enh=false) | => <nil> | 检查类型确定类别/时长/是否增强
    diff_run_test.go:16: step=24 | Hydration(apt=ghost at=647 now=770) | => 对象不存在 | 仅已受理状态可登记；开始时刻不晚于 now
    diff_run_test.go:16: step=25 | CheckIn(apt=ghost now=913) | => 对象不存在 | 窗口[start-30,start+15]；复核肾/水化/预处理，失败转需改期并释放
    diff_run_test.go:16: step=26 | Book(id=apt27 p=pat1 ex=ex1 dev=dev3 start=2102 now=1766) | => 结果缺失或过期 | 优先级：类别>植入物>肾时效>肾下限>设备>质控>留观；半开区间恰相接合法
    diff_run_test.go:16: step=27 | Book(id=apt28 p=pat1 ex=ex4 dev=dev2 start=3943 now=1598) | => 结果缺失或过期 | 优先级：类别>植入物>肾时效>肾下限>设备>质控>留观；半开区间恰相接合法
    diff_run_test.go:16: step=28 | CheckIn(apt=apt28 now=1027) | => 对象不存在 | 窗口[start-30,start+15]；复核肾/水化/预处理，失败转需改期并释放
    diff_run_test.go:16: step=29 | Cancel(apt=apt27 now=985) | => 对象不存在 | 已签到/已取消不可取消；否则释放占用
    diff_run_test.go:16: step=30 | Book(id=apt31 p=pat4 ex=ex2 dev=dev2 start=2682 now=2385) | => <nil> | 优先级：类别>植入物>肾时效>肾下限>设备>质控>留观；半开区间恰相接合法
    diff_run_test.go:16: step=31 | Cancel(apt=apt28 now=1054) | => 时钟回退 | 已签到/已取消不可取消；否则释放占用
    diff_run_test.go:16: step=32 | RegisterExamType(id=ex8 class=1 dur=41 enh=false) | => <nil> | 检查类型确定类别/时长/是否增强
    diff_run_test.go:16: step=33 | Reschedule(apt=apt27 start=5186 dev="" now=1201) | => 时钟回退 | 旧占用不阻挡自身；全条件重判；成功后水化/预处理作废
    diff_run_test.go:16: step=34 | RegisterDevice(id=dev3 class=2 fs=30) | => 参数非法 | CT 无场强；MR 场强为正整数
    diff_run_test.go:16: step=35 | AddQC(dev=dev3 [118,143)) | => <nil> | 质控为日内半开区间，与每日重复模板求交
    diff_run_test.go:16: step=36 | RegisterPatient(id=pat6 hi=false noImp=true maxFS=0 allerg=false) | => <nil> | 患者确定风险等级、植入物场强上限与过敏史
    diff_run_test.go:16: step=37 | RecordKidney(p=pat0 v=21 at=1094 now=1280) | => 时钟回退 | 采样最晚、并列登记后者生效；now 必须单调
    diff_run_test.go:16: step=38 | Premed(apt=apt28 at=850 now=1214) | => 时钟回退 | 仅已受理状态可登记；开始时刻不晚于 now
    diff_run_test.go:16: step=39 | Book(id=apt40 p=pat3 ex=ex3 dev=dev1 start=5867 now=5789) | => 植入物不兼容 | 优先级：类别>植入物>肾时效>肾下限>设备>质控>留观；半开区间恰相接合法
    diff_run_test.go:16: step=40 | Book(id=apt41 p=pat1 ex=ex0 dev=dev0 start=1843 now=1677) | => 时钟回退 | 优先级：类别>植入物>肾时效>肾下限>设备>质控>留观；半开区间恰相接合法
    diff_run_test.go:16: step=41 | Book(id=apt42 p=pat5 ex=ex3 dev=dev1 start=2515 now=2476) | => 植入物不兼容 | 优先级：类别>植入物>肾时效>肾下限>设备>质控>留观；半开区间恰相接合法
    diff_run_test.go:16: step=42 | Reschedule(apt=apt40 start=2820 dev="dev4" now=1360) | => 时钟回退 | 旧占用不阻挡自身；全条件重判；成功后水化/预处理作废
    diff_run_test.go:16: step=43 | RegisterDevice(id=dev5 class=2 fs=30) | => <nil> | CT 无场强；MR 场强为正整数
    diff_run_test.go:16: step=44 | RegisterExamType(id=ex9 class=2 dur=20 enh=true) | => <nil> | 检查类型确定类别/时长/是否增强
    diff_run_test.go:16: step=45 | RecordKidney(p=pat4 v=79 at=1124 now=1380) | => 时钟回退 | 采样最晚、并列登记后者生效；now 必须单调
    diff_run_test.go:16: step=46 | RegisterDevice(id=dev6 class=2 fs=30) | => <nil> | CT 无场强；MR 场强为正整数
    diff_run_test.go:16: step=47 | Premed(apt=apt42 at=1195 now=1487) | => 时钟回退 | 仅已受理状态可登记；开始时刻不晚于 now
    diff_run_test.go:16: step=48 | RecordKidney(p=pat3 v=86 at=1240 now=1558) | => 时钟回退 | 采样最晚、并列登记后者生效；now 必须单调
    diff_run_test.go:16: step=49 | Hydration(apt=apt42 at=1477 now=1552) | => 时钟回退 | 仅已受理状态可登记；开始时刻不晚于 now
    diff_run_test.go:16: step=50 | AddQC(dev=dev0 [195,213)) | => <nil> | 质控为日内半开区间，与每日重复模板求交
    diff_run_test.go:16: step=51 | CheckIn(apt=apt41 now=1746) | => 时钟回退 | 窗口[start-30,start+15]；复核肾/水化/预处理，失败转需改期并释放
    diff_run_test.go:16: step=52 | Premed(apt=apt41 at=1483 now=1712) | => 时钟回退 | 仅已受理状态可登记；开始时刻不晚于 now
    diff_run_test.go:16: step=53 | Book(id=apt54 p=pat1 ex=ex0 dev=dev3 start=1564 now=1551) | => 时钟回退 | 优先级：类别>植入物>肾时效>肾下限>设备>质控>留观；半开区间恰相接合法
    diff_run_test.go:16: step=54 | CheckIn(apt=apt31 now=1650) | => 时钟回退 | 窗口[start-30,start+15]；复核肾/水化/预处理，失败转需改期并释放
    diff_run_test.go:16: step=55 | Cancel(apt=apt31 now=1841) | => 时钟回退 | 已签到/已取消不可取消；否则释放占用
    diff_run_test.go:16: step=56 | RecordKidney(p=pat1 v=64 at=1606 now=1725) | => 时钟回退 | 采样最晚、并列登记后者生效；now 必须单调
    diff_run_test.go:16: step=57 | RegisterDevice(id=dev0 class=1 fs=0) | => 参数非法 | CT 无场强；MR 场强为正整数
    diff_run_test.go:16: step=58 | Premed(apt=apt27 at=1792 now=1813) | => 时钟回退 | 仅已受理状态可登记；开始时刻不晚于 now
    diff_run_test.go:16: step=59 | Book(id=apt60 p=pat0 ex=ex9 dev=dev1 start=3572 now=3177) | => 结果缺失或过期 | 优先级：类别>植入物>肾时效>肾下限>设备>质控>留观；半开区间恰相接合法
    diff_run_test.go:16: step=60 | Book(id=apt61 p=pat0 ex=ex4 dev=dev2 start=5748 now=5328) | => 结果缺失或过期 | 优先级：类别>植入物>肾时效>肾下限>设备>质控>留观；半开区间恰相接合法
    diff_run_test.go:16: step=61 | Book(id=apt62 p=pat5 ex=ex7 dev=dev4 start=5579 now=5450) | => 对象不存在 | 优先级：类别>植入物>肾时效>肾下限>设备>质控>留观；半开区间恰相接合法
    diff_run_test.go:16: step=62 | RegisterPatient(id=pat7 hi=false noImp=false maxFS=15 allerg=false) | => <nil> | 患者确定风险等级、植入物场强上限与过敏史
    diff_run_test.go:16: step=63 | Book(id=apt64 p=pat6 ex=ex9 dev=dev1 start=1628 now=1354) | => 时钟回退 | 优先级：类别>植入物>肾时效>肾下限>设备>质控>留观；半开区间恰相接合法
    diff_run_test.go:16: step=64 | RecordKidney(p=pat7 v=56 at=1919 now=2056) | => 时钟回退 | 采样最晚、并列登记后者生效；now 必须单调
    diff_run_test.go:16: step=65 | RegisterPatient(id=pat8 hi=true noImp=true maxFS=0 allerg=true) | => <nil> | 患者确定风险等级、植入物场强上限与过敏史
    diff_run_test.go:16: step=66 | Book(id=apt67 p=pat6 ex=ex4 dev=dev7 start=5474 now=5443) | => 对象不存在 | 优先级：类别>植入物>肾时效>肾下限>设备>质控>留观；半开区间恰相接合法
    diff_run_test.go:16: step=67 | RegisterExamType(id=ex10 class=2 dur=108 enh=true) | => <nil> | 检查类型确定类别/时长/是否增强
    diff_run_test.go:16: step=68 | Reschedule(apt=apt28 start=4151 dev="dev4" now=2232) | => 时钟回退 | 旧占用不阻挡自身；全条件重判；成功后水化/预处理作废
    diff_run_test.go:16: step=69 | AddQC(dev=dev2 [987,1018)) | => <nil> | 质控为日内半开区间，与每日重复模板求交
    diff_run_test.go:16: step=70 | AddQC(dev=dev0 [859,881)) | => <nil> | 质控为日内半开区间，与每日重复模板求交
    diff_run_test.go:16: step=71 | Reschedule(apt=apt31 start=1971 dev="" now=2200) | => 时钟回退 | 旧占用不阻挡自身；全条件重判；成功后水化/预处理作废
    diff_run_test.go:16: step=72 | RegisterDevice(id=dev8 class=2 fs=15) | => <nil> | CT 无场强；MR 场强为正整数
    diff_run_test.go:16: step=73 | CheckIn(apt=apt54 now=2315) | => 时钟回退 | 窗口[start-30,start+15]；复核肾/水化/预处理，失败转需改期并释放
    diff_run_test.go:16: step=74 | RecordKidney(p=pat1 v=25 at=2039 now=2317) | => 时钟回退 | 采样最晚、并列登记后者生效；now 必须单调
    diff_run_test.go:16: step=75 | CheckIn(apt=apt61 now=2631) | => 对象不存在 | 窗口[start-30,start+15]；复核肾/水化/预处理，失败转需改期并释放
    diff_run_test.go:16: step=76 | Book(id=apt77 p=pat0 ex=ex6 dev=dev6 start=5773 now=5520) | => 结果缺失或过期 | 优先级：类别>植入物>肾时效>肾下限>设备>质控>留观；半开区间恰相接合法
    diff_run_test.go:16: step=77 | Book(id=apt78 p=pat8 ex=ex5 dev=dev6 start=2674 now=2434) | => <nil> | 优先级：类别>植入物>肾时效>肾下限>设备>质控>留观；半开区间恰相接合法
    diff_run_test.go:16: step=78 | Cancel(apt=apt64 now=2372) | => 时钟回退 | 已签到/已取消不可取消；否则释放占用
    diff_run_test.go:16: step=79 | Reschedule(apt=apt28 start=4287 dev="dev7" now=2404) | => 时钟回退 | 旧占用不阻挡自身；全条件重判；成功后水化/预处理作废
    diff_run_test.go:16: step=80 | AddQC(dev=dev3 [398,475)) | => <nil> | 质控为日内半开区间，与每日重复模板求交
    diff_run_test.go:16: step=81 | CheckIn(apt=apt41 now=2554) | => 对象不存在 | 窗口[start-30,start+15]；复核肾/水化/预处理，失败转需改期并释放
    diff_run_test.go:16: step=82 | Book(id=apt83 p=pat6 ex=ex3 dev=dev8 start=107 now=0) | => 时钟回退 | 优先级：类别>植入物>肾时效>肾下限>设备>质控>留观；半开区间恰相接合法
    diff_run_test.go:16: step=83 | Book(id=apt84 p=pat5 ex=ex9 dev=dev8 start=4645 now=4564) | => 结果缺失或过期 | 优先级：类别>植入物>肾时效>肾下限>设备>质控>留观；半开区间恰相接合法
    diff_run_test.go:16: step=84 | Hydration(apt=apt67 at=2476 now=2579) | => 对象不存在 | 仅已受理状态可登记；开始时刻不晚于 now
    diff_run_test.go:16: step=85 | Cancel(apt=apt41 now=2655) | => 对象不存在 | 已签到/已取消不可取消；否则释放占用
    diff_run_test.go:16: step=86 | CheckIn(apt=apt83 now=2627) | => 对象不存在 | 窗口[start-30,start+15]；复核肾/水化/预处理，失败转需改期并释放
    diff_run_test.go:16: step=87 | Hydration(apt=apt84 at=2639 now=2645) | => 对象不存在 | 仅已受理状态可登记；开始时刻不晚于 now
    diff_run_test.go:16: step=88 | Book(id=apt89 p=pat6 ex=ex10 dev=dev5 start=1674 now=2030) | => 时钟回退 | 优先级：类别>植入物>肾时效>肾下限>设备>质控>留观；半开区间恰相接合法
    diff_run_test.go:16: step=89 | Cancel(apt=apt61 now=2750) | => 对象不存在 | 已签到/已取消不可取消；否则释放占用
    diff_run_test.go:16: step=90 | Book(id=apt91 p=pat1 ex=ex3 dev=dev6 start=4834 now=4480) | => 植入物不兼容 | 优先级：类别>植入物>肾时效>肾下限>设备>质控>留观；半开区间恰相接合法
    diff_run_test.go:16: step=91 | Book(id=apt92 p=pat8 ex=ex10 dev=dev4 start=3401 now=2913) | => 对象不存在 | 优先级：类别>植入物>肾时效>肾下限>设备>质控>留观；半开区间恰相接合法
    diff_run_test.go:16: step=92 | Premed(apt=apt64 at=2557 now=2930) | => 对象不存在 | 仅已受理状态可登记；开始时刻不晚于 now
    diff_run_test.go:16: step=93 | RecordKidney(p=pat4 v=83 at=2858 now=2930) | => <nil> | 采样最晚、并列登记后者生效；now 必须单调
    diff_run_test.go:16: step=94 | Reschedule(apt=apt27 start=1546 dev="" now=2894) | => 时钟回退 | 旧占用不阻挡自身；全条件重判；成功后水化/预处理作废
    diff_run_test.go:16: step=95 | Hydration(apt=apt84 at=2945 now=2968) | => 对象不存在 | 仅已受理状态可登记；开始时刻不晚于 now
    diff_run_test.go:16: step=96 | AddQC(dev=dev7 [19,20)) | => 对象不存在 | 质控为日内半开区间，与每日重复模板求交
    diff_run_test.go:16: step=97 | Reschedule(apt=apt67 start=151 dev="dev5" now=2959) | => 对象不存在 | 旧占用不阻挡自身；全条件重判；成功后水化/预处理作废
    diff_run_test.go:16: step=98 | RegisterExamType(id=ex11 class=2 dur=65 enh=false) | => <nil> | 检查类型确定类别/时长/是否增强
    diff_run_test.go:16: step=99 | RegisterExamType(id=ex12 class=2 dur=34 enh=false) | => <nil> | 检查类型确定类别/时长/是否增强
    diff_run_test.go:16: step=100 | Reschedule(apt=apt54 start=188 dev="dev8" now=4560) | => 对象不存在 | 旧占用不阻挡自身；全条件重判；成功后水化/预处理作废
    diff_run_test.go:16: step=101 | RegisterDevice(id=dev9 class=2 fs=70) | => <nil> | CT 无场强；MR 场强为正整数
    diff_run_test.go:16: step=102 | Book(id=apt103 p=pat4 ex=ex11 dev=dev4 start=2063 now=1805) | => 时钟回退 | 优先级：类别>植入物>肾时效>肾下限>设备>质控>留观；半开区间恰相接合法
    diff_run_test.go:16: step=103 | Premed(apt=apt103 at=3113 now=3253) | => 对象不存在 | 仅已受理状态可登记；开始时刻不晚于 now
    diff_run_test.go:16: step=104 | RegisterPatient(id=pat9 hi=true noImp=true maxFS=0 allerg=true) | => <nil> | 患者确定风险等级、植入物场强上限与过敏史
    diff_run_test.go:16: step=105 | Book(id=apt106 p=pat7 ex=ex4 dev=dev0 start=3109 now=2753) | => 时钟回退 | 优先级：类别>植入物>肾时效>肾下限>设备>质控>留观；半开区间恰相接合法
    diff_run_test.go:16: step=106 | Reschedule(apt=apt31 start=2542 dev="" now=3349) | => <nil> | 旧占用不阻挡自身；全条件重判；成功后水化/预处理作废
    diff_run_test.go:16: step=107 | Book(id=apt108 p=pat9 ex=ex6 dev=dev2 start=2313 now=1985) | => 时钟回退 | 优先级：类别>植入物>肾时效>肾下限>设备>质控>留观；半开区间恰相接合法
    diff_run_test.go:16: step=108 | AddQC(dev=dev4 [1062,1106)) | => 对象不存在 | 质控为日内半开区间，与每日重复模板求交
    diff_run_test.go:16: step=109 | Book(id=apt110 p=pat0 ex=ex8 dev=dev0 start=442 now=44) | => 时钟回退 | 优先级：类别>植入物>肾时效>肾下限>设备>质控>留观；半开区间恰相接合法
    diff_run_test.go:16: step=110 | AddQC(dev=dev7 [912,968)) | => 对象不存在 | 质控为日内半开区间，与每日重复模板求交
    diff_run_test.go:16: step=111 | RegisterDevice(id=dev10 class=1 fs=0) | => <nil> | CT 无场强；MR 场强为正整数
    diff_run_test.go:16: step=112 | RegisterPatient(id=pat10 hi=true noImp=false maxFS=70 allerg=false) | => <nil> | 患者确定风险等级、植入物场强上限与过敏史
    diff_run_test.go:16: step=113 | RegisterExamType(id=ex13 class=2 dur=22 enh=true) | => <nil> | 检查类型确定类别/时长/是否增强
    diff_run_test.go:16: step=114 | Reschedule(apt=apt89 start=1626 dev="dev1" now=3475) | => 对象不存在 | 旧占用不阻挡自身；全条件重判；成功后水化/预处理作废
    diff_run_test.go:16: step=115 | Premed(apt=apt60 at=3410 now=3531) | => 对象不存在 | 仅已受理状态可登记；开始时刻不晚于 now
    diff_run_test.go:16: step=116 | CheckIn(apt=apt62 now=3580) | => 对象不存在 | 窗口[start-30,start+15]；复核肾/水化/预处理，失败转需改期并释放
    diff_run_test.go:16: step=117 | Book(id=apt118 p=pat8 ex=ex1 dev=dev0 start=3685 now=3627) | => 结果缺失或过期 | 优先级：类别>植入物>肾时效>肾下限>设备>质控>留观；半开区间恰相接合法
    diff_run_test.go:16: step=118 | RegisterExamType(id=ex14 class=1 dur=115 enh=false) | => <nil> | 检查类型确定类别/时长/是否增强
    diff_run_test.go:16: step=119 | Book(id=apt120 p=pat4 ex=ex6 dev=dev1 start=673 now=512) | => 时钟回退 | 优先级：类别>植入物>肾时效>肾下限>设备>质控>留观；半开区间恰相接合法
    diff_run_test.go:16: step=0 | RegisterDevice(id=dev0 class=1 fs=0) | => <nil> | CT 无场强；MR 场强为正整数
    diff_run_test.go:16: step=1 | RegisterDevice(id=dev1 class=2 fs=70) | => <nil> | CT 无场强；MR 场强为正整数
    diff_run_test.go:16: step=2 | RegisterDevice(id=dev0 class=1 fs=0) | => 参数非法 | CT 无场强；MR 场强为正整数
    diff_run_test.go:16: step=3 | RegisterDevice(id=dev0 class=2 fs=15) | => 参数非法 | CT 无场强；MR 场强为正整数
    diff_run_test.go:16: step=4 | RegisterExamType(id=ex0 class=2 dur=132 enh=true) | => <nil> | 检查类型确定类别/时长/是否增强
    diff_run_test.go:16: step=5 | RegisterExamType(id=ex1 class=2 dur=135 enh=true) | => <nil> | 检查类型确定类别/时长/是否增强
    diff_run_test.go:16: step=6 | RegisterExamType(id=ex2 class=2 dur=57 enh=true) | => <nil> | 检查类型确定类别/时长/是否增强
    diff_run_test.go:16: step=7 | RegisterExamType(id=ex3 class=1 dur=73 enh=true) | => <nil> | 检查类型确定类别/时长/是否增强
    diff_run_test.go:16: step=8 | RegisterExamType(id=ex4 class=1 dur=59 enh=false) | => <nil> | 检查类型确定类别/时长/是否增强
    diff_run_test.go:16: step=9 | RegisterExamType(id=ex5 class=2 dur=104 enh=true) | => <nil> | 检查类型确定类别/时长/是否增强
    diff_run_test.go:16: step=10 | RegisterPatient(id=pat0 hi=true noImp=false maxFS=30 allerg=false) | => <nil> | 患者确定风险等级、植入物场强上限与过敏史
    diff_run_test.go:16: step=11 | RegisterPatient(id=pat1 hi=false noImp=false maxFS=30 allerg=false) | => <nil> | 患者确定风险等级、植入物场强上限与过敏史
    diff_run_test.go:16: step=12 | RegisterPatient(id=pat2 hi=false noImp=false maxFS=30 allerg=false) | => <nil> | 患者确定风险等级、植入物场强上限与过敏史
    diff_run_test.go:16: step=13 | RegisterPatient(id=pat3 hi=true noImp=true maxFS=0 allerg=false) | => <nil> | 患者确定风险等级、植入物场强上限与过敏史
    diff_run_test.go:16: step=14 | RegisterPatient(id=pat4 hi=false noImp=false maxFS=70 allerg=false) | => <nil> | 患者确定风险等级、植入物场强上限与过敏史
    diff_run_test.go:16: step=15 | RegisterPatient(id=pat5 hi=true noImp=false maxFS=30 allerg=true) | => <nil> | 患者确定风险等级、植入物场强上限与过敏史
    diff_run_test.go:16: step=16 | RecordKidney(p=pat1 v=45 at=460 now=621) | => <nil> | 采样最晚、并列登记后者生效；now 必须单调
    diff_run_test.go:16: step=17 | RegisterPatient(id=pat6 hi=false noImp=true maxFS=0 allerg=true) | => <nil> | 患者确定风险等级、植入物场强上限与过敏史
    diff_run_test.go:16: step=18 | AddQC(dev=dev1 [632,647)) | => <nil> | 质控为日内半开区间，与每日重复模板求交
    diff_run_test.go:16: step=19 | Cancel(apt=ghost now=678) | => 对象不存在 | 已签到/已取消不可取消；否则释放占用
    diff_run_test.go:16: step=20 | Reschedule(apt=ghost start=947 dev="dev1" now=631) | => 对象不存在 | 旧占用不阻挡自身；全条件重判；成功后水化/预处理作废
    diff_run_test.go:16: step=21 | Book(id=apt22 p=pat2 ex=ex1 dev=dev1 start=2716 now=1619) | => 植入物不兼容 | 优先级：类别>植入物>肾时效>肾下限>设备>质控>留观；半开区间恰相接合法
    diff_run_test.go:16: step=22 | Book(id=apt23 p=pat6 ex=ex3 dev=dev0 start=2274 now=1790) | => 结果缺失或过期 | 优先级：类别>植入物>肾时效>肾下限>设备>质控>留观；半开区间恰相接合法
    diff_run_test.go:16: step=23 | RecordKidney(p=pat0 v=72 at=441 now=768) | => <nil> | 采样最晚、并列登记后者生效；now 必须单调
    diff_run_test.go:16: step=24 | CheckIn(apt=apt22 now=874) | => 对象不存在 | 窗口[start-30,start+15]；复核肾/水化/预处理，失败转需改期并释放
    diff_run_test.go:16: step=25 | RecordKidney(p=pat6 v=22 at=672 now=968) | => <nil> | 采样最晚、并列登记后者生效；now 必须单调
    diff_run_test.go:16: step=26 | RegisterDevice(id=dev4 class=1 fs=0) | => <nil> | CT 无场强；MR 场强为正整数
    diff_run_test.go:16: step=27 | Book(id=apt28 p=pat3 ex=ex0 dev=dev1 start=4993 now=4773) | => 结果缺失或过期 | 优先级：类别>植入物>肾时效>肾下限>设备>质控>留观；半开区间恰相接合法
    diff_run_test.go:16: step=28 | Book(id=apt29 p=pat2 ex=ex2 dev=dev1 start=2470 now=1033) | => 植入物不兼容 | 优先级：类别>植入物>肾时效>肾下限>设备>质控>留观；半开区间恰相接合法
    diff_run_test.go:16: step=29 | RecordKidney(p=pat3 v=10 at=2471 now=2710) | => <nil> | 采样最晚、并列登记后者生效；now 必须单调
    diff_run_test.go:16: step=30 | Book(id=apt31 p=pat2 ex=ex1 dev=dev3 start=4526 now=101) | => 时钟回退 | 优先级：类别>植入物>肾时效>肾下限>设备>质控>留观；半开区间恰相接合法
    diff_run_test.go:16: step=31 | Premed(apt=apt23 at=987 now=1079) | => 时钟回退 | 仅已受理状态可登记；开始时刻不晚于 now
    diff_run_test.go:16: step=32 | Cancel(apt=apt28 now=1082) | => 时钟回退 | 已签到/已取消不可取消；否则释放占用
    diff_run_test.go:16: step=33 | Premed(apt=apt31 at=1171 now=1179) | => 时钟回退 | 仅已受理状态可登记；开始时刻不晚于 now
    diff_run_test.go:16: step=34 | Premed(apt=apt23 at=1098 now=1115) | => 时钟回退 | 仅已受理状态可登记；开始时刻不晚于 now
    diff_run_test.go:16: step=35 | RecordKidney(p=pat4 v=23 at=3808 now=4091) | => <nil> | 采样最晚、并列登记后者生效；now 必须单调
    diff_run_test.go:16: step=36 | Reschedule(apt=apt31 start=5644 dev="" now=1213) | => 时钟回退 | 旧占用不阻挡自身；全条件重判；成功后水化/预处理作废
    diff_run_test.go:16: step=37 | RegisterExamType(id=ex6 class=1 dur=50 enh=false) | => <nil> | 检查类型确定类别/时长/是否增强
    diff_run_test.go:16: step=38 | CheckIn(apt=apt23 now=1239) | => 时钟回退 | 窗口[start-30,start+15]；复核肾/水化/预处理，失败转需改期并释放
    diff_run_test.go:16: step=39 | Cancel(apt=apt31 now=1386) | => 时钟回退 | 已签到/已取消不可取消；否则释放占用
    diff_run_test.go:16: step=40 | RecordKidney(p=pat0 v=54 at=1353 now=1416) | => 时钟回退 | 采样最晚、并列登记后者生效；now 必须单调
    diff_run_test.go:16: step=41 | Premed(apt=apt22 at=1126 now=1397) | => 时钟回退 | 仅已受理状态可登记；开始时刻不晚于 now
    diff_run_test.go:16: step=42 | RecordKidney(p=pat2 v=32 at=1073 now=1458) | => 时钟回退 | 采样最晚、并列登记后者生效；now 必须单调
    diff_run_test.go:16: step=43 | CheckIn(apt=apt28 now=1461) | => 时钟回退 | 窗口[start-30,start+15]；复核肾/水化/预处理，失败转需改期并释放
    diff_run_test.go:16: step=44 | AddQC(dev=dev0 [145,254)) | => <nil> | 质控为日内半开区间，与每日重复模板求交
    diff_run_test.go:16: step=45 | Premed(apt=apt22 at=1128 now=1413) | => 时钟回退 | 仅已受理状态可登记；开始时刻不晚于 now
    diff_run_test.go:16: step=46 | CheckIn(apt=apt31 now=1602) | => 时钟回退 | 窗口[start-30,start+15]；复核肾/水化/预处理，失败转需改期并释放
    diff_run_test.go:16: step=47 | CheckIn(apt=apt31 now=1444) | => 时钟回退 | 窗口[start-30,start+15]；复核肾/水化/预处理，失败转需改期并释放
    diff_run_test.go:16: step=48 | Book(id=apt49 p=pat6 ex=ex6 dev=dev4 start=2642 now=2448) | => 时钟回退 | 优先级：类别>植入物>肾时效>肾下限>设备>质控>留观；半开区间恰相接合法
    diff_run_test.go:16: step=49 | Book(id=apt50 p=pat5 ex=ex6 dev=dev4 start=5905 now=5722) | => <nil> | 优先级：类别>植入物>肾时效>肾下限>设备>质控>留观；半开区间恰相接合法
    diff_run_test.go:16: step=50 | Book(id=apt51 p=pat5 ex=ex3 dev=dev4 start=5297 now=4727) | => 时钟回退 | 优先级：类别>植入物>肾时效>肾下限>设备>质控>留观；半开区间恰相接合法
    diff_run_test.go:16: step=51 | AddQC(dev=dev0 [1268,1333)) | => <nil> | 质控为日内半开区间，与每日重复模板求交
    diff_run_test.go:16: step=52 | RegisterDevice(id=dev5 class=1 fs=0) | => <nil> | CT 无场强；MR 场强为正整数
    diff_run_test.go:16: step=53 | CheckIn(apt=apt49 now=1693) | => 时钟回退 | 窗口[start-30,start+15]；复核肾/水化/预处理，失败转需改期并释放
    diff_run_test.go:16: step=54 | AddQC(dev=dev0 [634,732)) | => <nil> | 质控为日内半开区间，与每日重复模板求交
    diff_run_test.go:16: step=55 | RegisterDevice(id=dev6 class=1 fs=0) | => <nil> | CT 无场强；MR 场强为正整数
    diff_run_test.go:16: step=56 | RecordKidney(p=pat5 v=86 at=1783 now=1907) | => 时钟回退 | 采样最晚、并列登记后者生效；now 必须单调
    diff_run_test.go:16: step=57 | AddQC(dev=dev3 [1104,1210)) | => 对象不存在 | 质控为日内半开区间，与每日重复模板求交
    diff_run_test.go:16: step=58 | RegisterDevice(id=dev7 class=1 fs=0) | => <nil> | CT 无场强；MR 场强为正整数
    diff_run_test.go:16: step=59 | Premed(apt=apt28 at=1804 now=1868) | => 时钟回退 | 仅已受理状态可登记；开始时刻不晚于 now
    diff_run_test.go:16: step=60 | AddQC(dev=dev4 [77,132)) | => <nil> | 质控为日内半开区间，与每日重复模板求交
    diff_run_test.go:16: step=61 | Hydration(apt=apt28 at=1972 now=2024) | => 时钟回退 | 仅已受理状态可登记；开始时刻不晚于 now
    diff_run_test.go:16: step=62 | Book(id=apt63 p=pat6 ex=ex5 dev=dev3 start=4340 now=3965) | => 时钟回退 | 优先级：类别>植入物>肾时效>肾下限>设备>质控>留观；半开区间恰相接合法
    diff_run_test.go:16: step=63 | Book(id=apt64 p=pat4 ex=ex1 dev=dev1 start=5193 now=5189) | => 时钟回退 | 优先级：类别>植入物>肾时效>肾下限>设备>质控>留观；半开区间恰相接合法
    diff_run_test.go:16: step=64 | RegisterDevice(id=dev8 class=2 fs=15) | => <nil> | CT 无场强；MR 场强为正整数
    diff_run_test.go:16: step=65 | Premed(apt=apt50 at=1788 now=2044) | => 时钟回退 | 仅已受理状态可登记；开始时刻不晚于 now
    diff_run_test.go:16: step=66 | Reschedule(apt=apt31 start=740 dev="dev5" now=3839) | => 时钟回退 | 旧占用不阻挡自身；全条件重判；成功后水化/预处理作废
    diff_run_test.go:16: step=67 | Hydration(apt=apt29 at=1927 now=2094) | => 时钟回退 | 仅已受理状态可登记；开始时刻不晚于 now
    diff_run_test.go:16: step=68 | RegisterDevice(id=dev4 class=1 fs=0) | => 参数非法 | CT 无场强；MR 场强为正整数
    diff_run_test.go:16: step=69 | RegisterDevice(id=dev10 class=2 fs=15) | => <nil> | CT 无场强；MR 场强为正整数
    diff_run_test.go:16: step=70 | Book(id=apt71 p=pat6 ex=ex0 dev=dev10 start=1363 now=963) | => 时钟回退 | 优先级：类别>植入物>肾时效>肾下限>设备>质控>留观；半开区间恰相接合法
    diff_run_test.go:16: step=71 | CheckIn(apt=apt23 now=2239) | => 时钟回退 | 窗口[start-30,start+15]；复核肾/水化/预处理，失败转需改期并释放
    diff_run_test.go:16: step=72 | Hydration(apt=apt64 at=2205 now=2361) | => 时钟回退 | 仅已受理状态可登记；开始时刻不晚于 now
    diff_run_test.go:16: step=73 | AddQC(dev=dev1 [577,650)) | => <nil> | 质控为日内半开区间，与每日重复模板求交
    diff_run_test.go:16: step=74 | Book(id=apt75 p=pat2 ex=ex2 dev=dev10 start=3479 now=3474) | => 时钟回退 | 优先级：类别>植入物>肾时效>肾下限>设备>质控>留观；半开区间恰相接合法
    diff_run_test.go:16: step=75 | Cancel(apt=apt50 now=2316) | => 时钟回退 | 已签到/已取消不可取消；否则释放占用
    diff_run_test.go:16: step=76 | RegisterDevice(id=dev11 class=1 fs=0) | => <nil> | CT 无场强；MR 场强为正整数
    diff_run_test.go:16: step=77 | Cancel(apt=apt64 now=2364) | => 时钟回退 | 已签到/已取消不可取消；否则释放占用
    diff_run_test.go:16: step=78 | RecordKidney(p=pat2 v=87 at=2425 now=2495) | => 时钟回退 | 采样最晚、并列登记后者生效；now 必须单调
    diff_run_test.go:16: step=79 | CheckIn(apt=apt75 now=3749) | => 时钟回退 | 窗口[start-30,start+15]；复核肾/水化/预处理，失败转需改期并释放
    diff_run_test.go:16: step=80 | RegisterDevice(id=dev9 class=2 fs=15) | => <nil> | CT 无场强；MR 场强为正整数
    diff_run_test.go:16: step=81 | Reschedule(apt=apt50 start=2416 dev="" now=1989) | => 时钟回退 | 旧占用不阻挡自身；全条件重判；成功后水化/预处理作废
    diff_run_test.go:16: step=82 | Book(id=apt83 p=pat2 ex=ex6 dev=dev9 start=5488 now=4993) | => 时钟回退 | 优先级：类别>植入物>肾时效>肾下限>设备>质控>留观；半开区间恰相接合法
    diff_run_test.go:16: step=83 | RegisterPatient(id=pat7 hi=false noImp=false maxFS=70 allerg=true) | => <nil> | 患者确定风险等级、植入物场强上限与过敏史
    diff_run_test.go:16: step=84 | Book(id=apt85 p=pat7 ex=ex5 dev=dev10 start=3681 now=3440) | => 时钟回退 | 优先级：类别>植入物>肾时效>肾下限>设备>质控>留观；半开区间恰相接合法
    diff_run_test.go:16: step=85 | Premed(apt=apt49 at=2411 now=2689) | => 时钟回退 | 仅已受理状态可登记；开始时刻不晚于 now
    diff_run_test.go:16: step=86 | Reschedule(apt=apt49 start=5176 dev="dev3" now=2652) | => 时钟回退 | 旧占用不阻挡自身；全条件重判；成功后水化/预处理作废
    diff_run_test.go:16: step=87 | RecordKidney(p=pat1 v=75 at=2507 now=2785) | => 时钟回退 | 采样最晚、并列登记后者生效；now 必须单调
    diff_run_test.go:16: step=88 | AddQC(dev=dev4 [786,905)) | => <nil> | 质控为日内半开区间，与每日重复模板求交
    diff_run_test.go:16: step=89 | Book(id=apt90 p=pat5 ex=ex6 dev=dev4 start=4220 now=3990) | => 时钟回退 | 优先级：类别>植入物>肾时效>肾下限>设备>质控>留观；半开区间恰相接合法
    diff_run_test.go:16: step=90 | CheckIn(apt=apt85 now=2763) | => 时钟回退 | 窗口[start-30,start+15]；复核肾/水化/预处理，失败转需改期并释放
    diff_run_test.go:16: step=91 | Book(id=apt92 p=pat6 ex=ex3 dev=dev12 start=4494 now=495) | => 时钟回退 | 优先级：类别>植入物>肾时效>肾下限>设备>质控>留观；半开区间恰相接合法
    diff_run_test.go:16: step=92 | RecordKidney(p=pat6 v=35 at=2738 now=2853) | => 时钟回退 | 采样最晚、并列登记后者生效；now 必须单调
    diff_run_test.go:16: step=93 | CheckIn(apt=apt22 now=2960) | => 时钟回退 | 窗口[start-30,start+15]；复核肾/水化/预处理，失败转需改期并释放
    diff_run_test.go:16: step=94 | Premed(apt=apt63 at=2858 now=2945) | => 时钟回退 | 仅已受理状态可登记；开始时刻不晚于 now
    diff_run_test.go:16: step=95 | Book(id=apt96 p=pat7 ex=ex0 dev=dev8 start=1306 now=1173) | => 时钟回退 | 优先级：类别>植入物>肾时效>肾下限>设备>质控>留观；半开区间恰相接合法
    diff_run_test.go:16: step=96 | CheckIn(apt=apt50 now=3033) | => 时钟回退 | 窗口[start-30,start+15]；复核肾/水化/预处理，失败转需改期并释放
    diff_run_test.go:16: step=97 | RecordKidney(p=pat0 v=40 at=2652 now=3007) | => 时钟回退 | 采样最晚、并列登记后者生效；now 必须单调
    diff_run_test.go:16: step=98 | RegisterExamType(id=ex7 class=2 dur=77 enh=true) | => <nil> | 检查类型确定类别/时长/是否增强
    diff_run_test.go:16: step=99 | Reschedule(apt=apt50 start=2916 dev="" now=3607) | => 时钟回退 | 旧占用不阻挡自身；全条件重判；成功后水化/预处理作废
    diff_run_test.go:16: step=100 | AddQC(dev=dev4 [724,751)) | => <nil> | 质控为日内半开区间，与每日重复模板求交
    diff_run_test.go:16: step=101 | RegisterPatient(id=pat8 hi=false noImp=false maxFS=70 allerg=false) | => <nil> | 患者确定风险等级、植入物场强上限与过敏史
    diff_run_test.go:16: step=102 | Book(id=apt103 p=pat3 ex=ex6 dev=dev7 start=5115 now=4638) | => 时钟回退 | 优先级：类别>植入物>肾时效>肾下限>设备>质控>留观；半开区间恰相接合法
    diff_run_test.go:16: step=103 | Hydration(apt=apt83 at=2930 now=3214) | => 时钟回退 | 仅已受理状态可登记；开始时刻不晚于 now
    diff_run_test.go:16: step=104 | Reschedule(apt=apt22 start=2955 dev="" now=750) | => 时钟回退 | 旧占用不阻挡自身；全条件重判；成功后水化/预处理作废
    diff_run_test.go:16: step=105 | Book(id=apt106 p=pat8 ex=ex4 dev=dev11 start=528 now=257) | => 时钟回退 | 优先级：类别>植入物>肾时效>肾下限>设备>质控>留观；半开区间恰相接合法
    diff_run_test.go:16: step=106 | RegisterExamType(id=ex8 class=1 dur=116 enh=false) | => <nil> | 检查类型确定类别/时长/是否增强
    diff_run_test.go:16: step=107 | Cancel(apt=apt23 now=3329) | => 时钟回退 | 已签到/已取消不可取消；否则释放占用
    diff_run_test.go:16: step=108 | AddQC(dev=dev1 [127,179)) | => <nil> | 质控为日内半开区间，与每日重复模板求交
    diff_run_test.go:16: step=109 | RecordKidney(p=pat4 v=83 at=3093 now=3469) | => 时钟回退 | 采样最晚、并列登记后者生效；now 必须单调
    diff_run_test.go:16: step=110 | Cancel(apt=apt49 now=3501) | => 时钟回退 | 已签到/已取消不可取消；否则释放占用
    diff_run_test.go:16: step=111 | RegisterPatient(id=pat9 hi=true noImp=false maxFS=30 allerg=false) | => <nil> | 患者确定风险等级、植入物场强上限与过敏史
    diff_run_test.go:16: step=112 | Premed(apt=apt23 at=3488 now=3489) | => 时钟回退 | 仅已受理状态可登记；开始时刻不晚于 now
    diff_run_test.go:16: step=113 | Book(id=apt114 p=pat2 ex=ex3 dev=dev11 start=3568 now=829) | => 时钟回退 | 优先级：类别>植入物>肾时效>肾下限>设备>质控>留观；半开区间恰相接合法
    diff_run_test.go:16: step=114 | RegisterExamType(id=ex9 class=2 dur=95 enh=false) | => <nil> | 检查类型确定类别/时长/是否增强
    diff_run_test.go:16: step=115 | Book(id=apt116 p=pat7 ex=ex2 dev=dev8 start=1722 now=696) | => 时钟回退 | 优先级：类别>植入物>肾时效>肾下限>设备>质控>留观；半开区间恰相接合法
    diff_run_test.go:16: step=116 | Cancel(apt=apt85 now=3547) | => 时钟回退 | 已签到/已取消不可取消；否则释放占用
    diff_run_test.go:16: step=117 | Cancel(apt=apt28 now=3566) | => 时钟回退 | 已签到/已取消不可取消；否则释放占用
    diff_run_test.go:16: step=118 | CheckIn(apt=apt51 now=3732) | => 时钟回退 | 窗口[start-30,start+15]；复核肾/水化/预处理，失败转需改期并释放
    diff_run_test.go:16: step=119 | Book(id=apt120 p=pat9 ex=ex1 dev=dev1 start=6039 now=5604) | => 时钟回退 | 优先级：类别>植入物>肾时效>肾下限>设备>质控>留观；半开区间恰相接合法
    diff_run_test.go:16: step=0 | RegisterDevice(id=dev0 class=1 fs=0) | => <nil> | CT 无场强；MR 场强为正整数
    diff_run_test.go:16: step=1 | RegisterDevice(id=dev1 class=2 fs=15) | => <nil> | CT 无场强；MR 场强为正整数
    diff_run_test.go:16: step=2 | RegisterDevice(id=dev2 class=2 fs=15) | => <nil> | CT 无场强；MR 场强为正整数
    diff_run_test.go:16: step=3 | RegisterDevice(id=dev3 class=1 fs=0) | => <nil> | CT 无场强；MR 场强为正整数
    diff_run_test.go:16: step=4 | RegisterExamType(id=ex0 class=1 dur=50 enh=false) | => <nil> | 检查类型确定类别/时长/是否增强
    diff_run_test.go:16: step=5 | RegisterExamType(id=ex1 class=2 dur=26 enh=false) | => <nil> | 检查类型确定类别/时长/是否增强
    diff_run_test.go:16: step=6 | RegisterExamType(id=ex2 class=1 dur=58 enh=true) | => <nil> | 检查类型确定类别/时长/是否增强
    diff_run_test.go:16: step=7 | RegisterExamType(id=ex3 class=1 dur=53 enh=false) | => <nil> | 检查类型确定类别/时长/是否增强
    diff_run_test.go:16: step=8 | RegisterExamType(id=ex4 class=2 dur=102 enh=false) | => <nil> | 检查类型确定类别/时长/是否增强
    diff_run_test.go:16: step=9 | RegisterExamType(id=ex5 class=2 dur=107 enh=true) | => <nil> | 检查类型确定类别/时长/是否增强
    diff_run_test.go:16: step=10 | RegisterPatient(id=pat0 hi=true noImp=true maxFS=0 allerg=false) | => <nil> | 患者确定风险等级、植入物场强上限与过敏史
    diff_run_test.go:16: step=11 | RegisterPatient(id=pat1 hi=true noImp=false maxFS=15 allerg=false) | => <nil> | 患者确定风险等级、植入物场强上限与过敏史
    diff_run_test.go:16: step=12 | RegisterPatient(id=pat2 hi=false noImp=true maxFS=0 allerg=false) | => <nil> | 患者确定风险等级、植入物场强上限与过敏史
    diff_run_test.go:16: step=13 | RegisterPatient(id=pat3 hi=false noImp=true maxFS=0 allerg=false) | => <nil> | 患者确定风险等级、植入物场强上限与过敏史
    diff_run_test.go:16: step=14 | RegisterPatient(id=pat4 hi=false noImp=true maxFS=0 allerg=false) | => <nil> | 患者确定风险等级、植入物场强上限与过敏史
    diff_run_test.go:16: step=15 | RegisterPatient(id=pat5 hi=true noImp=false maxFS=15 allerg=false) | => <nil> | 患者确定风险等级、植入物场强上限与过敏史
    diff_run_test.go:16: step=16 | AddQC(dev=dev2 [206,286)) | => <nil> | 质控为日内半开区间，与每日重复模板求交
    diff_run_test.go:16: step=17 | CheckIn(apt=ghost now=1045) | => 对象不存在 | 窗口[start-30,start+15]；复核肾/水化/预处理，失败转需改期并释放
    diff_run_test.go:16: step=18 | Book(id=apt19 p=pat0 ex=ex2 dev=dev0 start=4412 now=4087) | => 结果缺失或过期 | 优先级：类别>植入物>肾时效>肾下限>设备>质控>留观；半开区间恰相接合法
    diff_run_test.go:16: step=19 | Reschedule(apt=apt19 start=1119 dev="" now=709) | => 对象不存在 | 旧占用不阻挡自身；全条件重判；成功后水化/预处理作废
    diff_run_test.go:16: step=20 | Hydration(apt=apt19 at=720 now=734) | => 对象不存在 | 仅已受理状态可登记；开始时刻不晚于 now
    diff_run_test.go:16: step=21 | RegisterPatient(id=pat6 hi=false noImp=true maxFS=0 allerg=false) | => <nil> | 患者确定风险等级、植入物场强上限与过敏史
    diff_run_test.go:16: step=22 | Premed(apt=apt19 at=407 now=737) | => 对象不存在 | 仅已受理状态可登记；开始时刻不晚于 now
    diff_run_test.go:16: step=23 | RegisterExamType(id=ex6 class=1 dur=110 enh=true) | => <nil> | 检查类型确定类别/时长/是否增强
    diff_run_test.go:16: step=24 | Book(id=apt25 p=pat2 ex=ex5 dev=dev2 start=4555 now=4205) | => 结果缺失或过期 | 优先级：类别>植入物>肾时效>肾下限>设备>质控>留观；半开区间恰相接合法
    diff_run_test.go:16: step=25 | Book(id=apt26 p=pat0 ex=ex0 dev=dev3 start=5413 now=5105) | => <nil> | 优先级：类别>植入物>肾时效>肾下限>设备>质控>留观；半开区间恰相接合法
    diff_run_test.go:16: step=26 | CheckIn(apt=apt25 now=876) | => 时钟回退 | 窗口[start-30,start+15]；复核肾/水化/预处理，失败转需改期并释放
    diff_run_test.go:16: step=27 | RecordKidney(p=pat2 v=17 at=883 now=926) | => 时钟回退 | 采样最晚、并列登记后者生效；now 必须单调
    diff_run_test.go:16: step=28 | RegisterPatient(id=pat7 hi=false noImp=false maxFS=15 allerg=false) | => <nil> | 患者确定风险等级、植入物场强上限与过敏史
    diff_run_test.go:16: step=29 | CheckIn(apt=apt26 now=1028) | => 时钟回退 | 窗口[start-30,start+15]；复核肾/水化/预处理，失败转需改期并释放
    diff_run_test.go:16: step=30 | RegisterDevice(id=dev3 class=2 fs=70) | => 参数非法 | CT 无场强；MR 场强为正整数
    diff_run_test.go:16: step=31 | RegisterPatient(id=pat8 hi=true noImp=true maxFS=0 allerg=false) | => <nil> | 患者确定风险等级、植入物场强上限与过敏史
    diff_run_test.go:16: step=32 | Cancel(apt=apt26 now=1186) | => 时钟回退 | 已签到/已取消不可取消；否则释放占用
    diff_run_test.go:16: step=33 | CheckIn(apt=apt26 now=1187) | => 时钟回退 | 窗口[start-30,start+15]；复核肾/水化/预处理，失败转需改期并释放
    diff_run_test.go:16: step=34 | RegisterExamType(id=ex7 class=1 dur=91 enh=false) | => <nil> | 检查类型确定类别/时长/是否增强
    diff_run_test.go:16: step=35 | Book(id=apt36 p=pat8 ex=ex6 dev=dev3 start=2925 now=2860) | => 时钟回退 | 优先级：类别>植入物>肾时效>肾下限>设备>质控>留观；半开区间恰相接合法
    diff_run_test.go:16: step=36 | Book(id=apt37 p=pat5 ex=ex2 dev=dev0 start=4359 now=4092) | => 时钟回退 | 优先级：类别>植入物>肾时效>肾下限>设备>质控>留观；半开区间恰相接合法
    diff_run_test.go:16: step=37 | AddQC(dev=dev3 [689,702)) | => <nil> | 质控为日内半开区间，与每日重复模板求交
    diff_run_test.go:16: step=38 | Premed(apt=apt36 at=957 now=1271) | => 时钟回退 | 仅已受理状态可登记；开始时刻不晚于 now
    diff_run_test.go:16: step=39 | Reschedule(apt=apt37 start=1244 dev="dev2" now=1370) | => 时钟回退 | 旧占用不阻挡自身；全条件重判；成功后水化/预处理作废
    diff_run_test.go:16: step=40 | Hydration(apt=apt37 at=1223 now=1299) | => 时钟回退 | 仅已受理状态可登记；开始时刻不晚于 now
    diff_run_test.go:16: step=41 | AddQC(dev=dev3 [1102,1138)) | => <nil> | 质控为日内半开区间，与每日重复模板求交
    diff_run_test.go:16: step=42 | RegisterPatient(id=pat9 hi=false noImp=false maxFS=15 allerg=true) | => <nil> | 患者确定风险等级、植入物场强上限与过敏史
    diff_run_test.go:16: step=43 | Premed(apt=apt37 at=1091 now=1395) | => 时钟回退 | 仅已受理状态可登记；开始时刻不晚于 now
    diff_run_test.go:16: step=44 | Hydration(apt=apt25 at=1176 now=1460) | => 时钟回退 | 仅已受理状态可登记；开始时刻不晚于 now
    diff_run_test.go:16: step=45 | RegisterPatient(id=pat10 hi=true noImp=false maxFS=30 allerg=false) | => <nil> | 患者确定风险等级、植入物场强上限与过敏史
    diff_run_test.go:16: step=46 | Book(id=apt47 p=pat8 ex=ex5 dev=dev2 start=5152 now=4983) | => 时钟回退 | 优先级：类别>植入物>肾时效>肾下限>设备>质控>留观；半开区间恰相接合法
    diff_run_test.go:16: step=47 | RegisterExamType(id=ex8 class=1 dur=52 enh=false) | => <nil> | 检查类型确定类别/时长/是否增强
    diff_run_test.go:16: step=48 | RegisterPatient(id=pat11 hi=true noImp=true maxFS=0 allerg=false) | => <nil> | 患者确定风险等级、植入物场强上限与过敏史
    diff_run_test.go:16: step=49 | Reschedule(apt=apt19 start=2161 dev="dev4" now=1571) | => 时钟回退 | 旧占用不阻挡自身；全条件重判；成功后水化/预处理作废
    diff_run_test.go:16: step=50 | Hydration(apt=apt25 at=1429 now=1635) | => 时钟回退 | 仅已受理状态可登记；开始时刻不晚于 now
    diff_run_test.go:16: step=51 | RegisterExamType(id=ex9 class=1 dur=38 enh=false) | => <nil> | 检查类型确定类别/时长/是否增强
    diff_run_test.go:16: step=52 | Book(id=apt53 p=pat6 ex=ex5 dev=dev2 start=4323 now=4248) | => 时钟回退 | 优先级：类别>植入物>肾时效>肾下限>设备>质控>留观；半开区间恰相接合法
    diff_run_test.go:16: step=53 | CheckIn(apt=apt36 now=1694) | => 时钟回退 | 窗口[start-30,start+15]；复核肾/水化/预处理，失败转需改期并释放
    diff_run_test.go:16: step=54 | Reschedule(apt=apt37 start=2003 dev="dev0" now=1727) | => 时钟回退 | 旧占用不阻挡自身；全条件重判；成功后水化/预处理作废
    diff_run_test.go:16: step=55 | RegisterPatient(id=pat12 hi=true noImp=true maxFS=0 allerg=false) | => <nil> | 患者确定风险等级、植入物场强上限与过敏史
    diff_run_test.go:16: step=56 | Hydration(apt=apt47 at=2604 now=2611) | => 时钟回退 | 仅已受理状态可登记；开始时刻不晚于 now
    diff_run_test.go:16: step=57 | Cancel(apt=apt26 now=1865) | => 时钟回退 | 已签到/已取消不可取消；否则释放占用
    diff_run_test.go:16: step=58 | Hydration(apt=apt19 at=1607 now=1866) | => 时钟回退 | 仅已受理状态可登记；开始时刻不晚于 now
    diff_run_test.go:16: step=59 | Reschedule(apt=apt26 start=2301 dev="" now=1892) | => 时钟回退 | 旧占用不阻挡自身；全条件重判；成功后水化/预处理作废
    diff_run_test.go:16: step=60 | CheckIn(apt=apt36 now=1897) | => 时钟回退 | 窗口[start-30,start+15]；复核肾/水化/预处理，失败转需改期并释放
    diff_run_test.go:16: step=61 | CheckIn(apt=apt47 now=1904) | => 时钟回退 | 窗口[start-30,start+15]；复核肾/水化/预处理，失败转需改期并释放
    diff_run_test.go:16: step=62 | RecordKidney(p=pat6 v=21 at=1878 now=1997) | => 时钟回退 | 采样最晚、并列登记后者生效；now 必须单调
    diff_run_test.go:16: step=63 | RegisterDevice(id=dev5 class=1 fs=0) | => <nil> | CT 无场强；MR 场强为正整数
    diff_run_test.go:16: step=64 | AddQC(dev=dev5 [1290,1343)) | => <nil> | 质控为日内半开区间，与每日重复模板求交
    diff_run_test.go:16: step=65 | CheckIn(apt=apt47 now=2049) | => 时钟回退 | 窗口[start-30,start+15]；复核肾/水化/预处理，失败转需改期并释放
    diff_run_test.go:16: step=66 | RegisterDevice(id=dev5 class=2 fs=70) | => 参数非法 | CT 无场强；MR 场强为正整数
    diff_run_test.go:16: step=67 | Reschedule(apt=apt37 start=242 dev="dev6" now=1128) | => 时钟回退 | 旧占用不阻挡自身；全条件重判；成功后水化/预处理作废
    diff_run_test.go:16: step=68 | RegisterPatient(id=pat13 hi=true noImp=true maxFS=0 allerg=false) | => <nil> | 患者确定风险等级、植入物场强上限与过敏史
    diff_run_test.go:16: step=69 | Cancel(apt=apt37 now=3940) | => 时钟回退 | 已签到/已取消不可取消；否则释放占用
    diff_run_test.go:16: step=70 | Book(id=apt71 p=pat10 ex=ex7 dev=dev0 start=5427 now=5126) | => <nil> | 优先级：类别>植入物>肾时效>肾下限>设备>质控>留观；半开区间恰相接合法
    diff_run_test.go:16: step=71 | AddQC(dev=dev6 [1201,1301)) | => 对象不存在 | 质控为日内半开区间，与每日重复模板求交
    diff_run_test.go:16: step=72 | RecordKidney(p=pat3 v=41 at=2262 now=2387) | => 时钟回退 | 采样最晚、并列登记后者生效；now 必须单调
    diff_run_test.go:16: step=73 | CheckIn(apt=apt19 now=2376) | => 时钟回退 | 窗口[start-30,start+15]；复核肾/水化/预处理，失败转需改期并释放
    diff_run_test.go:16: step=74 | Cancel(apt=apt53 now=2392) | => 时钟回退 | 已签到/已取消不可取消；否则释放占用
    diff_run_test.go:16: step=75 | Reschedule(apt=apt47 start=5165 dev="" now=2478) | => 时钟回退 | 旧占用不阻挡自身；全条件重判；成功后水化/预处理作废
    diff_run_test.go:16: step=76 | RegisterDevice(id=dev7 class=2 fs=30) | => <nil> | CT 无场强；MR 场强为正整数
    diff_run_test.go:16: step=77 | RegisterDevice(id=dev8 class=1 fs=0) | => <nil> | CT 无场强；MR 场强为正整数
    diff_run_test.go:16: step=78 | RegisterExamType(id=ex10 class=2 dur=121 enh=true) | => <nil> | 检查类型确定类别/时长/是否增强
    diff_run_test.go:16: step=79 | CheckIn(apt=apt26 now=2550) | => 时钟回退 | 窗口[start-30,start+15]；复核肾/水化/预处理，失败转需改期并释放
    diff_run_test.go:16: step=80 | Hydration(apt=apt53 at=2342 now=2629) | => 时钟回退 | 仅已受理状态可登记；开始时刻不晚于 now
    diff_run_test.go:16: step=81 | Hydration(apt=apt36 at=2452 now=2615) | => 时钟回退 | 仅已受理状态可登记；开始时刻不晚于 now
    diff_run_test.go:16: step=82 | Hydration(apt=apt26 at=2503 now=2592) | => 时钟回退 | 仅已受理状态可登记；开始时刻不晚于 now
    diff_run_test.go:16: step=83 | Reschedule(apt=apt19 start=3871 dev="" now=2566) | => 时钟回退 | 旧占用不阻挡自身；全条件重判；成功后水化/预处理作废
    diff_run_test.go:16: step=84 | Book(id=apt85 p=pat11 ex=ex7 dev=dev3 start=1038 now=803) | => 时钟回退 | 优先级：类别>植入物>肾时效>肾下限>设备>质控>留观；半开区间恰相接合法
    diff_run_test.go:16: step=85 | Hydration(apt=apt47 at=2545 now=2696) | => 时钟回退 | 仅已受理状态可登记；开始时刻不晚于 now
    diff_run_test.go:16: step=86 | RegisterDevice(id=dev9 class=2 fs=15) | => <nil> | CT 无场强；MR 场强为正整数
    diff_run_test.go:16: step=87 | Book(id=apt88 p=pat13 ex=ex2 dev=dev8 start=4770 now=4350) | => 时钟回退 | 优先级：类别>植入物>肾时效>肾下限>设备>质控>留观；半开区间恰相接合法
    diff_run_test.go:16: step=88 | RegisterExamType(id=ex11 class=2 dur=124 enh=true) | => <nil> | 检查类型确定类别/时长/是否增强
    diff_run_test.go:16: step=89 | RecordKidney(p=pat2 v=51 at=2784 now=2852) | => 时钟回退 | 采样最晚、并列登记后者生效；now 必须单调
    diff_run_test.go:16: step=90 | RecordKidney(p=pat10 v=14 at=2650 now=2894) | => 时钟回退 | 采样最晚、并列登记后者生效；now 必须单调
    diff_run_test.go:16: step=91 | RegisterPatient(id=pat14 hi=true noImp=true maxFS=0 allerg=false) | => <nil> | 患者确定风险等级、植入物场强上限与过敏史
    diff_run_test.go:16: step=92 | CheckIn(apt=apt36 now=2980) | => 时钟回退 | 窗口[start-30,start+15]；复核肾/水化/预处理，失败转需改期并释放
    diff_run_test.go:16: step=93 | Reschedule(apt=apt88 start=162 dev="dev0" now=2897) | => 时钟回退 | 旧占用不阻挡自身；全条件重判；成功后水化/预处理作废
    diff_run_test.go:16: step=94 | RegisterDevice(id=dev10 class=2 fs=30) | => <nil> | CT 无场强；MR 场强为正整数
    diff_run_test.go:16: step=95 | Cancel(apt=apt71 now=3009) | => 时钟回退 | 已签到/已取消不可取消；否则释放占用
    diff_run_test.go:16: step=96 | Premed(apt=apt25 at=2927 now=3041) | => 时钟回退 | 仅已受理状态可登记；开始时刻不晚于 now
    diff_run_test.go:16: step=97 | CheckIn(apt=apt85 now=3036) | => 时钟回退 | 窗口[start-30,start+15]；复核肾/水化/预处理，失败转需改期并释放
    diff_run_test.go:16: step=98 | CheckIn(apt=apt47 now=3132) | => 时钟回退 | 窗口[start-30,start+15]；复核肾/水化/预处理，失败转需改期并释放
    diff_run_test.go:16: step=99 | RegisterDevice(id=dev11 class=1 fs=0) | => <nil> | CT 无场强；MR 场强为正整数
    diff_run_test.go:16: step=100 | Book(id=apt101 p=pat13 ex=ex11 dev=dev1 start=3115 now=2665) | => 时钟回退 | 优先级：类别>植入物>肾时效>肾下限>设备>质控>留观；半开区间恰相接合法
    diff_run_test.go:16: step=101 | RegisterDevice(id=dev6 class=1 fs=0) | => <nil> | CT 无场强；MR 场强为正整数
    diff_run_test.go:16: step=102 | RegisterDevice(id=dev13 class=1 fs=0) | => <nil> | CT 无场强；MR 场强为正整数
    diff_run_test.go:16: step=103 | Reschedule(apt=apt71 start=5624 dev="" now=3270) | => 时钟回退 | 旧占用不阻挡自身；全条件重判；成功后水化/预处理作废
    diff_run_test.go:16: step=104 | Premed(apt=apt37 at=2816 now=3156) | => 时钟回退 | 仅已受理状态可登记；开始时刻不晚于 now
    diff_run_test.go:16: step=105 | AddQC(dev=dev0 [1117,1169)) | => <nil> | 质控为日内半开区间，与每日重复模板求交
    diff_run_test.go:16: step=106 | Premed(apt=apt26 at=3030 now=3406) | => 时钟回退 | 仅已受理状态可登记；开始时刻不晚于 now
    diff_run_test.go:16: step=107 | RegisterExamType(id=ex12 class=1 dur=30 enh=false) | => <nil> | 检查类型确定类别/时长/是否增强
    diff_run_test.go:16: step=108 | CheckIn(apt=apt37 now=3530) | => 时钟回退 | 窗口[start-30,start+15]；复核肾/水化/预处理，失败转需改期并释放
    diff_run_test.go:16: step=109 | CheckIn(apt=apt19 now=3453) | => 时钟回退 | 窗口[start-30,start+15]；复核肾/水化/预处理，失败转需改期并释放
    diff_run_test.go:16: step=110 | Book(id=apt111 p=pat5 ex=ex0 dev=dev5 start=113 now=81) | => 时钟回退 | 优先级：类别>植入物>肾时效>肾下限>设备>质控>留观；半开区间恰相接合法
    diff_run_test.go:16: step=111 | Book(id=apt112 p=pat4 ex=ex8 dev=dev3 start=3655 now=1540) | => 时钟回退 | 优先级：类别>植入物>肾时效>肾下限>设备>质控>留观；半开区间恰相接合法
    diff_run_test.go:16: step=112 | RegisterExamType(id=ex13 class=2 dur=20 enh=false) | => <nil> | 检查类型确定类别/时长/是否增强
    diff_run_test.go:16: step=113 | Book(id=apt114 p=pat11 ex=ex0 dev=dev3 start=4303 now=4004) | => 时钟回退 | 优先级：类别>植入物>肾时效>肾下限>设备>质控>留观；半开区间恰相接合法
    diff_run_test.go:16: step=114 | Cancel(apt=apt71 now=3600) | => 时钟回退 | 已签到/已取消不可取消；否则释放占用
    diff_run_test.go:16: step=115 | RegisterDevice(id=dev14 class=2 fs=70) | => <nil> | CT 无场强；MR 场强为正整数
    diff_run_test.go:16: step=116 | RegisterExamType(id=ex14 class=2 dur=71 enh=true) | => <nil> | 检查类型确定类别/时长/是否增强
    diff_run_test.go:16: step=117 | RegisterExamType(id=ex15 class=1 dur=133 enh=false) | => <nil> | 检查类型确定类别/时长/是否增强
    diff_run_test.go:16: step=118 | Reschedule(apt=apt88 start=5768 dev="dev13" now=3741) | => 时钟回退 | 旧占用不阻挡自身；全条件重判；成功后水化/预处理作废
    diff_run_test.go:16: step=119 | AddQC(dev=dev13 [180,282)) | => <nil> | 质控为日内半开区间，与每日重复模板求交
    diff_run_test.go:16: step=0 | RegisterDevice(id=dev0 class=1 fs=0) | => <nil> | CT 无场强；MR 场强为正整数
    diff_run_test.go:16: step=1 | RegisterDevice(id=dev1 class=2 fs=70) | => <nil> | CT 无场强；MR 场强为正整数
    diff_run_test.go:16: step=2 | RegisterDevice(id=dev2 class=2 fs=30) | => <nil> | CT 无场强；MR 场强为正整数
    diff_run_test.go:16: step=3 | RegisterDevice(id=dev3 class=2 fs=15) | => <nil> | CT 无场强；MR 场强为正整数
    diff_run_test.go:16: step=4 | RegisterExamType(id=ex0 class=1 dur=95 enh=false) | => <nil> | 检查类型确定类别/时长/是否增强
    diff_run_test.go:16: step=5 | RegisterExamType(id=ex1 class=1 dur=30 enh=false) | => <nil> | 检查类型确定类别/时长/是否增强
    diff_run_test.go:16: step=6 | RegisterExamType(id=ex2 class=1 dur=100 enh=true) | => <nil> | 检查类型确定类别/时长/是否增强
    diff_run_test.go:16: step=7 | RegisterExamType(id=ex3 class=2 dur=139 enh=false) | => <nil> | 检查类型确定类别/时长/是否增强
    diff_run_test.go:16: step=8 | RegisterExamType(id=ex4 class=1 dur=116 enh=true) | => <nil> | 检查类型确定类别/时长/是否增强
    diff_run_test.go:16: step=9 | RegisterExamType(id=ex5 class=1 dur=138 enh=false) | => <nil> | 检查类型确定类别/时长/是否增强
    diff_run_test.go:16: step=10 | RegisterPatient(id=pat0 hi=true noImp=false maxFS=30 allerg=false) | => <nil> | 患者确定风险等级、植入物场强上限与过敏史
    diff_run_test.go:16: step=11 | RegisterPatient(id=pat1 hi=false noImp=true maxFS=0 allerg=false) | => <nil> | 患者确定风险等级、植入物场强上限与过敏史
    diff_run_test.go:16: step=12 | RegisterPatient(id=pat2 hi=true noImp=false maxFS=15 allerg=false) | => <nil> | 患者确定风险等级、植入物场强上限与过敏史
    diff_run_test.go:16: step=13 | RegisterPatient(id=pat3 hi=false noImp=false maxFS=15 allerg=false) | => <nil> | 患者确定风险等级、植入物场强上限与过敏史
    diff_run_test.go:16: step=14 | RegisterPatient(id=pat4 hi=true noImp=false maxFS=30 allerg=false) | => <nil> | 患者确定风险等级、植入物场强上限与过敏史
    diff_run_test.go:16: step=15 | RegisterPatient(id=pat5 hi=false noImp=true maxFS=0 allerg=true) | => <nil> | 患者确定风险等级、植入物场强上限与过敏史
    diff_run_test.go:16: step=16 | Book(id=apt17 p=pat2 ex=ex4 dev=dev0 start=4419 now=4138) | => 结果缺失或过期 | 优先级：类别>植入物>肾时效>肾下限>设备>质控>留观；半开区间恰相接合法
    diff_run_test.go:16: step=17 | Premed(apt=apt17 at=443 now=586) | => 对象不存在 | 仅已受理状态可登记；开始时刻不晚于 now
    diff_run_test.go:16: step=18 | Reschedule(apt=apt17 start=4073 dev="" now=706) | => 对象不存在 | 旧占用不阻挡自身；全条件重判；成功后水化/预处理作废
    diff_run_test.go:16: step=19 | RegisterExamType(id=ex6 class=2 dur=80 enh=true) | => <nil> | 检查类型确定类别/时长/是否增强
    diff_run_test.go:16: step=20 | CheckIn(apt=apt17 now=659) | => 对象不存在 | 窗口[start-30,start+15]；复核肾/水化/预处理，失败转需改期并释放
    diff_run_test.go:16: step=21 | RegisterExamType(id=ex7 class=2 dur=83 enh=true) | => <nil> | 检查类型确定类别/时长/是否增强
    diff_run_test.go:16: step=22 | Cancel(apt=apt17 now=729) | => 对象不存在 | 已签到/已取消不可取消；否则释放占用
    diff_run_test.go:16: step=23 | Book(id=apt24 p=pat5 ex=ex1 dev=dev2 start=5630 now=5573) | => 设备类别不符 | 优先级：类别>植入物>肾时效>肾下限>设备>质控>留观；半开区间恰相接合法
    diff_run_test.go:16: step=24 | Book(id=apt25 p=pat0 ex=ex6 dev=dev0 start=3201 now=1096) | => 设备类别不符 | 优先级：类别>植入物>肾时效>肾下限>设备>质控>留观；半开区间恰相接合法
    diff_run_test.go:16: step=25 | RecordKidney(p=pat0 v=42 at=556 now=812) | => <nil> | 采样最晚、并列登记后者生效；now 必须单调
    diff_run_test.go:16: step=26 | RegisterExamType(id=ex8 class=2 dur=92 enh=false) | => <nil> | 检查类型确定类别/时长/是否增强
    diff_run_test.go:16: step=27 | AddQC(dev=dev0 [773,864)) | => <nil> | 质控为日内半开区间，与每日重复模板求交
    diff_run_test.go:16: step=28 | Cancel(apt=apt25 now=947) | => 对象不存在 | 已签到/已取消不可取消；否则释放占用
    diff_run_test.go:16: step=29 | Book(id=apt30 p=pat2 ex=ex4 dev=dev0 start=4213 now=3768) | => 结果缺失或过期 | 优先级：类别>植入物>肾时效>肾下限>设备>质控>留观；半开区间恰相接合法
    diff_run_test.go:16: step=30 | RecordKidney(p=pat3 v=62 at=1096 now=1108) | => <nil> | 采样最晚、并列登记后者生效；now 必须单调
    diff_run_test.go:16: step=31 | RecordKidney(p=pat2 v=75 at=1031 now=1106) | => 时钟回退 | 采样最晚、并列登记后者生效；now 必须单调
    diff_run_test.go:16: step=32 | RegisterPatient(id=pat6 hi=true noImp=true maxFS=0 allerg=true) | => <nil> | 患者确定风险等级、植入物场强上限与过敏史
    diff_run_test.go:16: step=33 | RegisterDevice(id=dev4 class=1 fs=0) | => <nil> | CT 无场强；MR 场强为正整数
    diff_run_test.go:16: step=34 | Book(id=apt35 p=pat1 ex=ex7 dev=dev3 start=5431 now=5041) | => 结果缺失或过期 | 优先级：类别>植入物>肾时效>肾下限>设备>质控>留观；半开区间恰相接合法
    diff_run_test.go:16: step=35 | CheckIn(apt=apt30 now=1156) | => 对象不存在 | 窗口[start-30,start+15]；复核肾/水化/预处理，失败转需改期并释放
    diff_run_test.go:16: step=36 | RegisterExamType(id=ex9 class=2 dur=43 enh=false) | => <nil> | 检查类型确定类别/时长/是否增强
    diff_run_test.go:16: step=37 | RecordKidney(p=pat1 v=23 at=823 now=1184) | => <nil> | 采样最晚、并列登记后者生效；now 必须单调
    diff_run_test.go:16: step=38 | Hydration(apt=apt17 at=0 now=148) | => 时钟回退 | 仅已受理状态可登记；开始时刻不晚于 now
    diff_run_test.go:16: step=39 | Cancel(apt=apt17 now=1238) | => 对象不存在 | 已签到/已取消不可取消；否则释放占用
    diff_run_test.go:16: step=40 | Hydration(apt=apt35 at=1149 now=1295) | => 对象不存在 | 仅已受理状态可登记；开始时刻不晚于 now
    diff_run_test.go:16: step=41 | RecordKidney(p=pat0 v=20 at=3909 now=4226) | => <nil> | 采样最晚、并列登记后者生效；now 必须单调
    diff_run_test.go:16: step=42 | RecordKidney(p=pat3 v=87 at=1227 now=1344) | => 时钟回退 | 采样最晚、并列登记后者生效；now 必须单调
    diff_run_test.go:16: step=43 | Cancel(apt=apt25 now=1478) | => 时钟回退 | 已签到/已取消不可取消；否则释放占用
    diff_run_test.go:16: step=44 | Book(id=apt45 p=pat4 ex=ex9 dev=dev3 start=620 now=319) | => 时钟回退 | 优先级：类别>植入物>肾时效>肾下限>设备>质控>留观；半开区间恰相接合法
    diff_run_test.go:16: step=45 | Premed(apt=apt35 at=1306 now=1477) | => 时钟回退 | 仅已受理状态可登记；开始时刻不晚于 now
    diff_run_test.go:16: step=46 | RegisterDevice(id=dev5 class=1 fs=0) | => <nil> | CT 无场强；MR 场强为正整数
    diff_run_test.go:16: step=47 | Premed(apt=apt30 at=1233 now=1580) | => 时钟回退 | 仅已受理状态可登记；开始时刻不晚于 now
    diff_run_test.go:16: step=48 | Premed(apt=apt45 at=1462 now=1627) | => 时钟回退 | 仅已受理状态可登记；开始时刻不晚于 now
    diff_run_test.go:16: step=49 | RegisterExamType(id=ex10 class=1 dur=31 enh=false) | => <nil> | 检查类型确定类别/时长/是否增强
    diff_run_test.go:16: step=50 | RegisterDevice(id=dev6 class=2 fs=15) | => <nil> | CT 无场强；MR 场强为正整数
    diff_run_test.go:16: step=51 | Hydration(apt=apt17 at=1324 now=1595) | => 时钟回退 | 仅已受理状态可登记；开始时刻不晚于 now
    diff_run_test.go:16: step=52 | RegisterPatient(id=pat7 hi=true noImp=false maxFS=70 allerg=false) | => <nil> | 患者确定风险等级、植入物场强上限与过敏史
    diff_run_test.go:16: step=53 | Hydration(apt=apt45 at=1560 now=1687) | => 时钟回退 | 仅已受理状态可登记；开始时刻不晚于 now
    diff_run_test.go:16: step=54 | RegisterPatient(id=pat8 hi=false noImp=true maxFS=0 allerg=false) | => <nil> | 患者确定风险等级、植入物场强上限与过敏史
    diff_run_test.go:16: step=55 | RegisterDevice(id=dev7 class=1 fs=0) | => <nil> | CT 无场强；MR 场强为正整数
    diff_run_test.go:16: step=56 | CheckIn(apt=apt17 now=1856) | => 时钟回退 | 窗口[start-30,start+15]；复核肾/水化/预处理，失败转需改期并释放
    diff_run_test.go:16: step=57 | Premed(apt=apt24 at=1636 now=1894) | => 时钟回退 | 仅已受理状态可登记；开始时刻不晚于 now
    diff_run_test.go:16: step=58 | RecordKidney(p=pat4 v=54 at=1761 now=1821) | => 时钟回退 | 采样最晚、并列登记后者生效；now 必须单调
    diff_run_test.go:16: step=59 | Premed(apt=apt35 at=1633 now=1947) | => 时钟回退 | 仅已受理状态可登记；开始时刻不晚于 now
    diff_run_test.go:16: step=60 | Premed(apt=apt25 at=1700 now=1970) | => 时钟回退 | 仅已受理状态可登记；开始时刻不晚于 now
    diff_run_test.go:16: step=61 | AddQC(dev=dev3 [378,465)) | => <nil> | 质控为日内半开区间，与每日重复模板求交
    diff_run_test.go:16: step=62 | Hydration(apt=apt35 at=1096 now=1183) | => 时钟回退 | 仅已受理状态可登记；开始时刻不晚于 now
    diff_run_test.go:16: step=63 | CheckIn(apt=apt24 now=1929) | => 时钟回退 | 窗口[start-30,start+15]；复核肾/水化/预处理，失败转需改期并释放
    diff_run_test.go:16: step=64 | Hydration(apt=apt45 at=1941 now=2095) | => 时钟回退 | 仅已受理状态可登记；开始时刻不晚于 now
    diff_run_test.go:16: step=65 | RegisterExamType(id=ex11 class=2 dur=82 enh=false) | => <nil> | 检查类型确定类别/时长/是否增强
    diff_run_test.go:16: step=66 | Book(id=apt67 p=pat1 ex=ex11 dev=dev4 start=2621 now=2556) | => 时钟回退 | 优先级：类别>植入物>肾时效>肾下限>设备>质控>留观；半开区间恰相接合法
    diff_run_test.go:16: step=67 | Premed(apt=apt24 at=1970 now=2099) | => 时钟回退 | 仅已受理状态可登记；开始时刻不晚于 now
    diff_run_test.go:16: step=68 | RegisterDevice(id=dev8 class=1 fs=0) | => <nil> | CT 无场强；MR 场强为正整数
    diff_run_test.go:16: step=69 | Reschedule(apt=apt17 start=2591 dev="dev5" now=2159) | => 时钟回退 | 旧占用不阻挡自身；全条件重判；成功后水化/预处理作废
    diff_run_test.go:16: step=70 | RegisterDevice(id=dev9 class=2 fs=15) | => <nil> | CT 无场强；MR 场强为正整数
    diff_run_test.go:16: step=71 | Book(id=apt72 p=pat0 ex=ex6 dev=dev2 start=2121 now=2079) | => 时钟回退 | 优先级：类别>植入物>肾时效>肾下限>设备>质控>留观；半开区间恰相接合法
    diff_run_test.go:16: step=72 | Cancel(apt=apt24 now=2268) | => 时钟回退 | 已签到/已取消不可取消；否则释放占用
    diff_run_test.go:16: step=73 | RegisterPatient(id=pat9 hi=false noImp=true maxFS=0 allerg=true) | => <nil> | 患者确定风险等级、植入物场强上限与过敏史
    diff_run_test.go:16: step=74 | RegisterPatient(id=pat10 hi=false noImp=true maxFS=0 allerg=false) | => <nil> | 患者确定风险等级、植入物场强上限与过敏史
    diff_run_test.go:16: step=75 | RecordKidney(p=pat3 v=33 at=2330 now=2435) | => 时钟回退 | 采样最晚、并列登记后者生效；now 必须单调
    diff_run_test.go:16: step=76 | RegisterDevice(id=dev10 class=2 fs=70) | => <nil> | CT 无场强；MR 场强为正整数
    diff_run_test.go:16: step=77 | RegisterPatient(id=pat11 hi=false noImp=false maxFS=70 allerg=false) | => <nil> | 患者确定风险等级、植入物场强上限与过敏史
    diff_run_test.go:16: step=78 | Hydration(apt=apt24 at=2789 now=3005) | => 时钟回退 | 仅已受理状态可登记；开始时刻不晚于 now
    diff_run_test.go:16: step=79 | Hydration(apt=apt30 at=2243 now=2449) | => 时钟回退 | 仅已受理状态可登记；开始时刻不晚于 now
    diff_run_test.go:16: step=80 | AddQC(dev=dev7 [665,703)) | => <nil> | 质控为日内半开区间，与每日重复模板求交
    diff_run_test.go:16: step=81 | RecordKidney(p=pat4 v=48 at=2548 now=2572) | => 时钟回退 | 采样最晚、并列登记后者生效；now 必须单调
    diff_run_test.go:16: step=82 | RegisterPatient(id=pat12 hi=true noImp=true maxFS=0 allerg=true) | => <nil> | 患者确定风险等级、植入物场强上限与过敏史
    diff_run_test.go:16: step=83 | Cancel(apt=apt30 now=2610) | => 时钟回退 | 已签到/已取消不可取消；否则释放占用
    diff_run_test.go:16: step=84 | Reschedule(apt=apt67 start=2061 dev="dev2" now=2665) | => 时钟回退 | 旧占用不阻挡自身；全条件重判；成功后水化/预处理作废
    diff_run_test.go:16: step=85 | Cancel(apt=apt17 now=1467) | => 时钟回退 | 已签到/已取消不可取消；否则释放占用
    diff_run_test.go:16: step=86 | Reschedule(apt=apt72 start=3712 dev="" now=2748) | => 时钟回退 | 旧占用不阻挡自身；全条件重判；成功后水化/预处理作废
    diff_run_test.go:16: step=87 | Book(id=apt88 p=pat0 ex=ex11 dev=dev1 start=5864 now=5509) | => 植入物不兼容 | 优先级：类别>植入物>肾时效>肾下限>设备>质控>留观；半开区间恰相接合法
    diff_run_test.go:16: step=88 | RegisterPatient(id=pat13 hi=true noImp=false maxFS=15 allerg=false) | => <nil> | 患者确定风险等级、植入物场强上限与过敏史
    diff_run_test.go:16: step=89 | CheckIn(apt=apt67 now=2718) | => 时钟回退 | 窗口[start-30,start+15]；复核肾/水化/预处理，失败转需改期并释放
    diff_run_test.go:16: step=90 | RegisterDevice(id=dev9 class=1 fs=0) | => 参数非法 | CT 无场强；MR 场强为正整数
    diff_run_test.go:16: step=91 | Hydration(apt=apt45 at=3890 now=3990) | => 时钟回退 | 仅已受理状态可登记；开始时刻不晚于 now
    diff_run_test.go:16: step=92 | RegisterPatient(id=pat14 hi=true noImp=true maxFS=0 allerg=false) | => <nil> | 患者确定风险等级、植入物场强上限与过敏史
    diff_run_test.go:16: step=93 | AddQC(dev=dev11 [439,529)) | => 对象不存在 | 质控为日内半开区间，与每日重复模板求交
    diff_run_test.go:16: step=94 | Hydration(apt=apt30 at=2642 now=2891) | => 时钟回退 | 仅已受理状态可登记；开始时刻不晚于 now
    diff_run_test.go:16: step=95 | RegisterExamType(id=ex12 class=1 dur=90 enh=true) | => <nil> | 检查类型确定类别/时长/是否增强
    diff_run_test.go:16: step=96 | Reschedule(apt=apt24 start=1613 dev="" now=3001) | => 时钟回退 | 旧占用不阻挡自身；全条件重判；成功后水化/预处理作废
    diff_run_test.go:16: step=97 | RegisterDevice(id=dev12 class=2 fs=30) | => <nil> | CT 无场强；MR 场强为正整数
    diff_run_test.go:16: step=98 | Hydration(apt=apt67 at=2865 now=3154) | => 时钟回退 | 仅已受理状态可登记；开始时刻不晚于 now
    diff_run_test.go:16: step=99 | Book(id=apt100 p=pat2 ex=ex7 dev=dev6 start=6021 now=5977) | => 结果缺失或过期 | 优先级：类别>植入物>肾时效>肾下限>设备>质控>留观；半开区间恰相接合法
    diff_run_test.go:16: step=100 | Book(id=apt101 p=pat10 ex=ex3 dev=dev9 start=4454 now=4400) | => <nil> | 优先级：类别>植入物>肾时效>肾下限>设备>质控>留观；半开区间恰相接合法
    diff_run_test.go:16: step=101 | AddQC(dev=dev2 [238,284)) | => <nil> | 质控为日内半开区间，与每日重复模板求交
    diff_run_test.go:16: step=102 | Cancel(apt=apt88 now=3168) | => 时钟回退 | 已签到/已取消不可取消；否则释放占用
    diff_run_test.go:16: step=103 | RecordKidney(p=pat3 v=78 at=3257 now=3294) | => 时钟回退 | 采样最晚、并列登记后者生效；now 必须单调
    diff_run_test.go:16: step=104 | AddQC(dev=dev5 [518,607)) | => <nil> | 质控为日内半开区间，与每日重复模板求交
    diff_run_test.go:16: step=105 | CheckIn(apt=apt24 now=3261) | => 时钟回退 | 窗口[start-30,start+15]；复核肾/水化/预处理，失败转需改期并释放
    diff_run_test.go:16: step=106 | RecordKidney(p=pat12 v=75 at=3026 now=3298) | => 时钟回退 | 采样最晚、并列登记后者生效；now 必须单调
    diff_run_test.go:16: step=107 | CheckIn(apt=apt17 now=3426) | => 时钟回退 | 窗口[start-30,start+15]；复核肾/水化/预处理，失败转需改期并释放
    diff_run_test.go:16: step=108 | RegisterPatient(id=pat15 hi=false noImp=false maxFS=30 allerg=true) | => <nil> | 患者确定风险等级、植入物场强上限与过敏史
    diff_run_test.go:16: step=109 | Premed(apt=apt67 at=2534 now=2682) | => 时钟回退 | 仅已受理状态可登记；开始时刻不晚于 now
    diff_run_test.go:16: step=110 | Book(id=apt111 p=pat3 ex=ex3 dev=dev9 start=3976 now=3828) | => 时钟回退 | 优先级：类别>植入物>肾时效>肾下限>设备>质控>留观；半开区间恰相接合法
    diff_run_test.go:16: step=111 | Reschedule(apt=apt72 start=602 dev="" now=3382) | => 时钟回退 | 旧占用不阻挡自身；全条件重判；成功后水化/预处理作废
    diff_run_test.go:16: step=112 | AddQC(dev=dev11 [983,988)) | => 对象不存在 | 质控为日内半开区间，与每日重复模板求交
    diff_run_test.go:16: step=113 | RegisterExamType(id=ex13 class=2 dur=78 enh=false) | => <nil> | 检查类型确定类别/时长/是否增强
    diff_run_test.go:16: step=114 | Book(id=apt115 p=pat5 ex=ex8 dev=dev10 start=1725 now=1449) | => 时钟回退 | 优先级：类别>植入物>肾时效>肾下限>设备>质控>留观；半开区间恰相接合法
    diff_run_test.go:16: step=115 | Hydration(apt=apt67 at=3519 now=3531) | => 时钟回退 | 仅已受理状态可登记；开始时刻不晚于 now
    diff_run_test.go:16: step=116 | Cancel(apt=apt111 now=263) | => 时钟回退 | 已签到/已取消不可取消；否则释放占用
    diff_run_test.go:16: step=117 | RegisterExamType(id=ex14 class=2 dur=26 enh=true) | => <nil> | 检查类型确定类别/时长/是否增强
    diff_run_test.go:16: step=118 | Cancel(apt=apt72 now=3414) | => 时钟回退 | 已签到/已取消不可取消；否则释放占用
    diff_run_test.go:16: step=119 | RegisterPatient(id=pat16 hi=true noImp=false maxFS=70 allerg=true) | => <nil> | 患者确定风险等级、植入物场强上限与过敏史
    diff_run_test.go:16: step=0 | RegisterDevice(id=dev0 class=1 fs=0) | => <nil> | CT 无场强；MR 场强为正整数
    diff_run_test.go:16: step=1 | RegisterDevice(id=dev1 class=2 fs=30) | => <nil> | CT 无场强；MR 场强为正整数
    diff_run_test.go:16: step=2 | RegisterDevice(id=dev2 class=1 fs=0) | => <nil> | CT 无场强；MR 场强为正整数
    diff_run_test.go:16: step=3 | RegisterDevice(id=dev3 class=2 fs=30) | => <nil> | CT 无场强；MR 场强为正整数
    diff_run_test.go:16: step=4 | RegisterExamType(id=ex0 class=1 dur=44 enh=false) | => <nil> | 检查类型确定类别/时长/是否增强
    diff_run_test.go:16: step=5 | RegisterExamType(id=ex1 class=1 dur=94 enh=true) | => <nil> | 检查类型确定类别/时长/是否增强
    diff_run_test.go:16: step=6 | RegisterExamType(id=ex2 class=1 dur=47 enh=true) | => <nil> | 检查类型确定类别/时长/是否增强
    diff_run_test.go:16: step=7 | RegisterExamType(id=ex3 class=1 dur=27 enh=false) | => <nil> | 检查类型确定类别/时长/是否增强
    diff_run_test.go:16: step=8 | RegisterExamType(id=ex4 class=1 dur=52 enh=false) | => <nil> | 检查类型确定类别/时长/是否增强
    diff_run_test.go:16: step=9 | RegisterExamType(id=ex5 class=1 dur=99 enh=false) | => <nil> | 检查类型确定类别/时长/是否增强
    diff_run_test.go:16: step=10 | RegisterPatient(id=pat0 hi=false noImp=false maxFS=30 allerg=true) | => <nil> | 患者确定风险等级、植入物场强上限与过敏史
    diff_run_test.go:16: step=11 | RegisterPatient(id=pat1 hi=true noImp=false maxFS=30 allerg=false) | => <nil> | 患者确定风险等级、植入物场强上限与过敏史
    diff_run_test.go:16: step=12 | RegisterPatient(id=pat2 hi=false noImp=false maxFS=15 allerg=true) | => <nil> | 患者确定风险等级、植入物场强上限与过敏史
    diff_run_test.go:16: step=13 | RegisterPatient(id=pat3 hi=true noImp=true maxFS=0 allerg=false) | => <nil> | 患者确定风险等级、植入物场强上限与过敏史
    diff_run_test.go:16: step=14 | RegisterPatient(id=pat4 hi=true noImp=true maxFS=0 allerg=true) | => <nil> | 患者确定风险等级、植入物场强上限与过敏史
    diff_run_test.go:16: step=15 | RegisterPatient(id=pat5 hi=false noImp=false maxFS=30 allerg=true) | => <nil> | 患者确定风险等级、植入物场强上限与过敏史
    diff_run_test.go:16: step=16 | Cancel(apt=ghost now=542) | => 对象不存在 | 已签到/已取消不可取消；否则释放占用
    diff_run_test.go:16: step=17 | Premed(apt=ghost at=335 now=653) | => 对象不存在 | 仅已受理状态可登记；开始时刻不晚于 now
    diff_run_test.go:16: step=18 | RegisterDevice(id=dev4 class=2 fs=15) | => <nil> | CT 无场强；MR 场强为正整数
    diff_run_test.go:16: step=19 | Cancel(apt=ghost now=692) | => 对象不存在 | 已签到/已取消不可取消；否则释放占用
    diff_run_test.go:16: step=20 | Book(id=apt21 p=pat3 ex=ex1 dev=dev2 start=1937 now=5407) | => 结果缺失或过期 | 优先级：类别>植入物>肾时效>肾下限>设备>质控>留观；半开区间恰相接合法
    diff_run_test.go:16: step=21 | Hydration(apt=apt21 at=719 now=756) | => 对象不存在 | 仅已受理状态可登记；开始时刻不晚于 now
    diff_run_test.go:16: step=22 | RegisterDevice(id=dev5 class=2 fs=30) | => <nil> | CT 无场强；MR 场强为正整数
    diff_run_test.go:16: step=23 | CheckIn(apt=apt21 now=744) | => 对象不存在 | 窗口[start-30,start+15]；复核肾/水化/预处理，失败转需改期并释放
    diff_run_test.go:16: step=24 | Reschedule(apt=apt21 start=2281 dev="" now=834) | => 对象不存在 | 旧占用不阻挡自身；全条件重判；成功后水化/预处理作废
    diff_run_test.go:16: step=25 | RegisterExamType(id=ex6 class=1 dur=23 enh=false) | => <nil> | 检查类型确定类别/时长/是否增强
    diff_run_test.go:16: step=26 | RegisterDevice(id=dev6 class=2 fs=15) | => <nil> | CT 无场强；MR 场强为正整数
    diff_run_test.go:16: step=27 | RegisterDevice(id=dev7 class=2 fs=70) | => <nil> | CT 无场强；MR 场强为正整数
    diff_run_test.go:16: step=28 | Cancel(apt=apt21 now=928) | => 对象不存在 | 已签到/已取消不可取消；否则释放占用
    diff_run_test.go:16: step=29 | RecordKidney(p=pat4 v=49 at=2160 now=2302) | => <nil> | 采样最晚、并列登记后者生效；now 必须单调
    diff_run_test.go:16: step=30 | Premed(apt=apt21 at=917 now=1032) | => 时钟回退 | 仅已受理状态可登记；开始时刻不晚于 now
    diff_run_test.go:16: step=31 | Premed(apt=apt21 at=771 now=1153) | => 时钟回退 | 仅已受理状态可登记；开始时刻不晚于 now
    diff_run_test.go:16: step=32 | Premed(apt=apt21 at=993 now=1117) | => 时钟回退 | 仅已受理状态可登记；开始时刻不晚于 now
    diff_run_test.go:16: step=33 | RegisterExamType(id=ex7 class=2 dur=113 enh=false) | => <nil> | 检查类型确定类别/时长/是否增强
    diff_run_test.go:16: step=34 | Book(id=apt35 p=pat3 ex=ex3 dev=dev2 start=4913 now=4803) | => <nil> | 优先级：类别>植入物>肾时效>肾下限>设备>质控>留观；半开区间恰相接合法
    diff_run_test.go:16: step=35 | RegisterDevice(id=dev8 class=1 fs=0) | => <nil> | CT 无场强；MR 场强为正整数
    diff_run_test.go:16: step=36 | Book(id=apt37 p=pat1 ex=ex3 dev=dev2 start=523 now=300) | => 时钟回退 | 优先级：类别>植入物>肾时效>肾下限>设备>质控>留观；半开区间恰相接合法
    diff_run_test.go:16: step=37 | Reschedule(apt=apt35 start=6038 dev="dev5" now=3061) | => 时钟回退 | 旧占用不阻挡自身；全条件重判；成功后水化/预处理作废
    diff_run_test.go:16: step=38 | Premed(apt=apt35 at=975 now=1374) | => 时钟回退 | 仅已受理状态可登记；开始时刻不晚于 now
    diff_run_test.go:16: step=39 | CheckIn(apt=apt35 now=1292) | => 时钟回退 | 窗口[start-30,start+15]；复核肾/水化/预处理，失败转需改期并释放
    diff_run_test.go:16: step=40 | RegisterPatient(id=pat6 hi=false noImp=false maxFS=30 allerg=false) | => <nil> | 患者确定风险等级、植入物场强上限与过敏史
    diff_run_test.go:16: step=41 | Cancel(apt=apt21 now=1431) | => 时钟回退 | 已签到/已取消不可取消；否则释放占用
    diff_run_test.go:16: step=42 | Reschedule(apt=apt21 start=1763 dev="" now=1817) | => 时钟回退 | 旧占用不阻挡自身；全条件重判；成功后水化/预处理作废
    diff_run_test.go:16: step=43 | CheckIn(apt=apt21 now=1412) | => 时钟回退 | 窗口[start-30,start+15]；复核肾/水化/预处理，失败转需改期并释放
    diff_run_test.go:16: step=44 | AddQC(dev=dev8 [1095,1112)) | => <nil> | 质控为日内半开区间，与每日重复模板求交
    diff_run_test.go:16: step=45 | Cancel(apt=apt37 now=1510) | => 时钟回退 | 已签到/已取消不可取消；否则释放占用
    diff_run_test.go:16: step=46 | AddQC(dev=dev6 [790,891)) | => <nil> | 质控为日内半开区间，与每日重复模板求交
    diff_run_test.go:16: step=47 | Premed(apt=apt35 at=0 now=21) | => 时钟回退 | 仅已受理状态可登记；开始时刻不晚于 now
    diff_run_test.go:16: step=48 | Book(id=apt49 p=pat3 ex=ex2 dev=dev0 start=6066 now=5881) | => 结果缺失或过期 | 优先级：类别>植入物>肾时效>肾下限>设备>质控>留观；半开区间恰相接合法
    diff_run_test.go:16: step=49 | Hydration(apt=apt35 at=1511 now=1612) | => 时钟回退 | 仅已受理状态可登记；开始时刻不晚于 now
    diff_run_test.go:16: step=50 | Book(id=apt51 p=pat4 ex=ex4 dev=dev0 start=5416 now=5343) | => <nil> | 优先级：类别>植入物>肾时效>肾下限>设备>质控>留观；半开区间恰相接合法
    diff_run_test.go:16: step=51 | RegisterDevice(id=dev9 class=1 fs=0) | => <nil> | CT 无场强；MR 场强为正整数
    diff_run_test.go:16: step=52 | Hydration(apt=apt35 at=4532 now=4551) | => 时钟回退 | 仅已受理状态可登记；开始时刻不晚于 now
    diff_run_test.go:16: step=53 | AddQC(dev=dev9 [354,412)) | => <nil> | 质控为日内半开区间，与每日重复模板求交
    diff_run_test.go:16: step=54 | RegisterPatient(id=pat7 hi=true noImp=false maxFS=30 allerg=true) | => <nil> | 患者确定风险等级、植入物场强上限与过敏史
    diff_run_test.go:16: step=55 | Book(id=apt56 p=pat1 ex=ex4 dev=dev4 start=756 now=387) | => 时钟回退 | 优先级：类别>植入物>肾时效>肾下限>设备>质控>留观；半开区间恰相接合法
    diff_run_test.go:16: step=56 | RegisterExamType(id=ex8 class=2 dur=49 enh=true) | => <nil> | 检查类型确定类别/时长/是否增强
    diff_run_test.go:16: step=57 | Book(id=apt58 p=pat2 ex=ex5 dev=dev8 start=935 now=571) | => 时钟回退 | 优先级：类别>植入物>肾时效>肾下限>设备>质控>留观；半开区间恰相接合法
    diff_run_test.go:16: step=58 | RegisterDevice(id=dev10 class=2 fs=30) | => <nil> | CT 无场强；MR 场强为正整数
    diff_run_test.go:16: step=59 | RegisterDevice(id=dev0 class=2 fs=30) | => 参数非法 | CT 无场强；MR 场强为正整数
    diff_run_test.go:16: step=60 | Reschedule(apt=apt35 start=2223 dev="" now=2022) | => 时钟回退 | 旧占用不阻挡自身；全条件重判；成功后水化/预处理作废
    diff_run_test.go:16: step=61 | RegisterExamType(id=ex9 class=2 dur=29 enh=false) | => <nil> | 检查类型确定类别/时长/是否增强
    diff_run_test.go:16: step=62 | AddQC(dev=dev1 [1100,1155)) | => <nil> | 质控为日内半开区间，与每日重复模板求交
    diff_run_test.go:16: step=63 | Premed(apt=apt35 at=1696 now=2005) | => 时钟回退 | 仅已受理状态可登记；开始时刻不晚于 now
    diff_run_test.go:16: step=64 | Book(id=apt65 p=pat1 ex=ex0 dev=dev9 start=439 now=369) | => 时钟回退 | 优先级：类别>植入物>肾时效>肾下限>设备>质控>留观；半开区间恰相接合法
    diff_run_test.go:16: step=65 | Book(id=apt66 p=pat1 ex=ex6 dev=dev2 start=3550 now=3079) | => 时钟回退 | 优先级：类别>植入物>肾时效>肾下限>设备>质控>留观；半开区间恰相接合法
    diff_run_test.go:16: step=66 | RegisterDevice(id=dev12 class=1 fs=0) | => <nil> | CT 无场强；MR 场强为正整数
    diff_run_test.go:16: step=67 | Hydration(apt=apt58 at=2138 now=2153) | => 时钟回退 | 仅已受理状态可登记；开始时刻不晚于 now
    diff_run_test.go:16: step=68 | Book(id=apt69 p=pat2 ex=ex5 dev=dev0 start=1889 now=1580) | => 时钟回退 | 优先级：类别>植入物>肾时效>肾下限>设备>质控>留观；半开区间恰相接合法
    diff_run_test.go:16: step=69 | RegisterPatient(id=pat8 hi=true noImp=true maxFS=0 allerg=false) | => <nil> | 患者确定风险等级、植入物场强上限与过敏史
    diff_run_test.go:16: step=70 | RegisterDevice(id=dev13 class=2 fs=70) | => <nil> | CT 无场强；MR 场强为正整数
    diff_run_test.go:16: step=71 | RegisterExamType(id=ex10 class=2 dur=134 enh=false) | => <nil> | 检查类型确定类别/时长/是否增强
    diff_run_test.go:16: step=72 | Cancel(apt=apt56 now=2323) | => 时钟回退 | 已签到/已取消不可取消；否则释放占用
    diff_run_test.go:16: step=73 | AddQC(dev=dev3 [319,335)) | => <nil> | 质控为日内半开区间，与每日重复模板求交
    diff_run_test.go:16: step=74 | RegisterDevice(id=dev6 class=2 fs=30) | => 参数非法 | CT 无场强；MR 场强为正整数
    diff_run_test.go:16: step=75 | AddQC(dev=dev13 [1062,1156)) | => <nil> | 质控为日内半开区间，与每日重复模板求交
    diff_run_test.go:16: step=76 | Book(id=apt77 p=pat8 ex=ex7 dev=dev5 start=5677 now=5587) | => <nil> | 优先级：类别>植入物>肾时效>肾下限>设备>质控>留观；半开区间恰相接合法
    diff_run_test.go:16: step=77 | Cancel(apt=apt37 now=2516) | => 时钟回退 | 已签到/已取消不可取消；否则释放占用
    diff_run_test.go:16: step=78 | RegisterPatient(id=pat9 hi=true noImp=true maxFS=0 allerg=true) | => <nil> | 患者确定风险等级、植入物场强上限与过敏史
    diff_run_test.go:16: step=79 | AddQC(dev=dev6 [249,282)) | => <nil> | 质控为日内半开区间，与每日重复模板求交
    diff_run_test.go:16: step=80 | Book(id=apt81 p=pat4 ex=ex5 dev=dev2 start=3278 now=2812) | => 时钟回退 | 优先级：类别>植入物>肾时效>肾下限>设备>质控>留观；半开区间恰相接合法
    diff_run_test.go:16: step=81 | Book(id=apt82 p=pat3 ex=ex5 dev=dev12 start=348 now=11) | => 时钟回退 | 优先级：类别>植入物>肾时效>肾下限>设备>质控>留观；半开区间恰相接合法
    diff_run_test.go:16: step=82 | Hydration(apt=apt58 at=2469 now=2642) | => 时钟回退 | 仅已受理状态可登记；开始时刻不晚于 now
    diff_run_test.go:16: step=83 | Reschedule(apt=apt51 start=1763 dev="dev2" now=2520) | => 时钟回退 | 旧占用不阻挡自身；全条件重判；成功后水化/预处理作废
    diff_run_test.go:16: step=84 | AddQC(dev=dev7 [667,723)) | => <nil> | 质控为日内半开区间，与每日重复模板求交
    diff_run_test.go:16: step=85 | Premed(apt=apt21 at=2717 now=2746) | => 时钟回退 | 仅已受理状态可登记；开始时刻不晚于 now
    diff_run_test.go:16: step=86 | Book(id=apt87 p=pat1 ex=ex7 dev=dev14 start=3353 now=3147) | => 时钟回退 | 优先级：类别>植入物>肾时效>肾下限>设备>质控>留观；半开区间恰相接合法
    diff_run_test.go:16: step=87 | AddQC(dev=dev13 [834,851)) | => <nil> | 质控为日内半开区间，与每日重复模板求交
    diff_run_test.go:16: step=88 | CheckIn(apt=apt82 now=2727) | => 时钟回退 | 窗口[start-30,start+15]；复核肾/水化/预处理，失败转需改期并释放
    diff_run_test.go:16: step=89 | RegisterExamType(id=ex11 class=1 dur=32 enh=false) | => <nil> | 检查类型确定类别/时长/是否增强
    diff_run_test.go:16: step=90 | AddQC(dev=dev11 [1261,1290)) | => 对象不存在 | 质控为日内半开区间，与每日重复模板求交
    diff_run_test.go:16: step=91 | RecordKidney(p=pat6 v=19 at=2545 now=2911) | => 时钟回退 | 采样最晚、并列登记后者生效；now 必须单调
    diff_run_test.go:16: step=92 | Hydration(apt=apt81 at=2513 now=2812) | => 时钟回退 | 仅已受理状态可登记；开始时刻不晚于 now
    diff_run_test.go:16: step=93 | RegisterDevice(id=dev15 class=2 fs=70) | => <nil> | CT 无场强；MR 场强为正整数
    diff_run_test.go:16: step=94 | RegisterDevice(id=dev16 class=1 fs=0) | => <nil> | CT 无场强；MR 场强为正整数
    diff_run_test.go:16: step=95 | CheckIn(apt=apt56 now=2906) | => 时钟回退 | 窗口[start-30,start+15]；复核肾/水化/预处理，失败转需改期并释放
    diff_run_test.go:16: step=96 | Hydration(apt=apt21 at=2917 now=3041) | => 时钟回退 | 仅已受理状态可登记；开始时刻不晚于 now
    diff_run_test.go:16: step=97 | RecordKidney(p=pat0 v=48 at=2800 now=3003) | => 时钟回退 | 采样最晚、并列登记后者生效；now 必须单调
    diff_run_test.go:16: step=98 | Book(id=apt99 p=pat1 ex=ex9 dev=dev1 start=1966 now=1905) | => 时钟回退 | 优先级：类别>植入物>肾时效>肾下限>设备>质控>留观；半开区间恰相接合法
    diff_run_test.go:16: step=99 | Hydration(apt=apt65 at=2752 now=3002) | => 时钟回退 | 仅已受理状态可登记；开始时刻不晚于 now
    diff_run_test.go:16: step=100 | RegisterDevice(id=dev17 class=1 fs=0) | => <nil> | CT 无场强；MR 场强为正整数
    diff_run_test.go:16: step=101 | Cancel(apt=apt58 now=3182) | => 时钟回退 | 已签到/已取消不可取消；否则释放占用
    diff_run_test.go:16: step=102 | AddQC(dev=dev17 [951,1001)) | => <nil> | 质控为日内半开区间，与每日重复模板求交
    diff_run_test.go:16: step=103 | AddQC(dev=dev13 [435,528)) | => <nil> | 质控为日内半开区间，与每日重复模板求交
    diff_run_test.go:16: step=104 | RegisterDevice(id=dev12 class=1 fs=0) | => 参数非法 | CT 无场强；MR 场强为正整数
    diff_run_test.go:16: step=105 | Book(id=apt106 p=pat3 ex=ex4 dev=dev9 start=948 now=782) | => 时钟回退 | 优先级：类别>植入物>肾时效>肾下限>设备>质控>留观；半开区间恰相接合法
    diff_run_test.go:16: step=106 | RecordKidney(p=pat8 v=73 at=3292 now=3409) | => 时钟回退 | 采样最晚、并列登记后者生效；now 必须单调
    diff_run_test.go:16: step=107 | RegisterExamType(id=ex12 class=2 dur=89 enh=false) | => <nil> | 检查类型确定类别/时长/是否增强
    diff_run_test.go:16: step=108 | RegisterExamType(id=ex13 class=2 dur=65 enh=true) | => <nil> | 检查类型确定类别/时长/是否增强
    diff_run_test.go:16: step=109 | AddQC(dev=dev9 [289,353)) | => <nil> | 质控为日内半开区间，与每日重复模板求交
    diff_run_test.go:16: step=110 | CheckIn(apt=apt58 now=3425) | => 时钟回退 | 窗口[start-30,start+15]；复核肾/水化/预处理，失败转需改期并释放
    diff_run_test.go:16: step=111 | RegisterDevice(id=dev19 class=1 fs=0) | => <nil> | CT 无场强；MR 场强为正整数
    diff_run_test.go:16: step=112 | CheckIn(apt=apt87 now=3519) | => 时钟回退 | 窗口[start-30,start+15]；复核肾/水化/预处理，失败转需改期并释放
    diff_run_test.go:16: step=113 | Hydration(apt=apt58 at=3167 now=3429) | => 时钟回退 | 仅已受理状态可登记；开始时刻不晚于 now
    diff_run_test.go:16: step=114 | RecordKidney(p=pat4 v=58 at=4166 now=4401) | => 时钟回退 | 采样最晚、并列登记后者生效；now 必须单调
    diff_run_test.go:16: step=115 | Book(id=apt116 p=pat1 ex=ex7 dev=dev11 start=2830 now=2454) | => 时钟回退 | 优先级：类别>植入物>肾时效>肾下限>设备>质控>留观；半开区间恰相接合法
    diff_run_test.go:16: step=116 | Book(id=apt117 p=pat2 ex=ex12 dev=dev5 start=885 now=756) | => 时钟回退 | 优先级：类别>植入物>肾时效>肾下限>设备>质控>留观；半开区间恰相接合法
    diff_run_test.go:16: step=117 | Book(id=apt118 p=pat4 ex=ex3 dev=dev13 start=466 now=1488) | => 时钟回退 | 优先级：类别>植入物>肾时效>肾下限>设备>质控>留观；半开区间恰相接合法
    diff_run_test.go:16: step=118 | RegisterPatient(id=pat10 hi=false noImp=false maxFS=15 allerg=true) | => <nil> | 患者确定风险等级、植入物场强上限与过敏史
    diff_run_test.go:16: step=119 | RecordKidney(p=pat8 v=89 at=3441 now=3649) | => 时钟回退 | 采样最晚、并列登记后者生效；now 必须单调
    diff_run_test.go:16: step=0 | RegisterDevice(id=dev0 class=1 fs=0) | => <nil> | CT 无场强；MR 场强为正整数
    diff_run_test.go:16: step=1 | RegisterDevice(id=dev1 class=2 fs=30) | => <nil> | CT 无场强；MR 场强为正整数
    diff_run_test.go:16: step=2 | RegisterDevice(id=dev1 class=2 fs=70) | => 参数非法 | CT 无场强；MR 场强为正整数
    diff_run_test.go:16: step=3 | RegisterDevice(id=dev3 class=2 fs=15) | => <nil> | CT 无场强；MR 场强为正整数
    diff_run_test.go:16: step=4 | RegisterExamType(id=ex0 class=1 dur=55 enh=false) | => <nil> | 检查类型确定类别/时长/是否增强
    diff_run_test.go:16: step=5 | RegisterExamType(id=ex1 class=2 dur=28 enh=false) | => <nil> | 检查类型确定类别/时长/是否增强
    diff_run_test.go:16: step=6 | RegisterExamType(id=ex2 class=2 dur=57 enh=true) | => <nil> | 检查类型确定类别/时长/是否增强
    diff_run_test.go:16: step=7 | RegisterExamType(id=ex3 class=2 dur=130 enh=false) | => <nil> | 检查类型确定类别/时长/是否增强
    diff_run_test.go:16: step=8 | RegisterExamType(id=ex4 class=1 dur=68 enh=true) | => <nil> | 检查类型确定类别/时长/是否增强
    diff_run_test.go:16: step=9 | RegisterExamType(id=ex5 class=1 dur=111 enh=true) | => <nil> | 检查类型确定类别/时长/是否增强
    diff_run_test.go:16: step=10 | RegisterPatient(id=pat0 hi=true noImp=true maxFS=0 allerg=true) | => <nil> | 患者确定风险等级、植入物场强上限与过敏史
    diff_run_test.go:16: step=11 | RegisterPatient(id=pat1 hi=false noImp=true maxFS=0 allerg=false) | => <nil> | 患者确定风险等级、植入物场强上限与过敏史
    diff_run_test.go:16: step=12 | RegisterPatient(id=pat2 hi=true noImp=false maxFS=70 allerg=false) | => <nil> | 患者确定风险等级、植入物场强上限与过敏史
    diff_run_test.go:16: step=13 | RegisterPatient(id=pat3 hi=false noImp=true maxFS=0 allerg=false) | => <nil> | 患者确定风险等级、植入物场强上限与过敏史
    diff_run_test.go:16: step=14 | RegisterPatient(id=pat4 hi=true noImp=true maxFS=0 allerg=false) | => <nil> | 患者确定风险等级、植入物场强上限与过敏史
    diff_run_test.go:16: step=15 | RegisterPatient(id=pat5 hi=true noImp=false maxFS=70 allerg=false) | => <nil> | 患者确定风险等级、植入物场强上限与过敏史
    diff_run_test.go:16: step=16 | Premed(apt=ghost at=500 now=674) | => 对象不存在 | 仅已受理状态可登记；开始时刻不晚于 now
    diff_run_test.go:16: step=17 | CheckIn(apt=ghost now=649) | => 对象不存在 | 窗口[start-30,start+15]；复核肾/水化/预处理，失败转需改期并释放
    diff_run_test.go:16: step=18 | Book(id=apt19 p=pat0 ex=ex5 dev=dev0 start=3402 now=3402) | => 结果缺失或过期 | 优先级：类别>植入物>肾时效>肾下限>设备>质控>留观；半开区间恰相接合法
    diff_run_test.go:16: step=19 | Book(id=apt20 p=pat5 ex=ex0 dev=dev3 start=2762 now=2640) | => 设备类别不符 | 优先级：类别>植入物>肾时效>肾下限>设备>质控>留观；半开区间恰相接合法
    diff_run_test.go:16: step=20 | Cancel(apt=apt19 now=733) | => 对象不存在 | 已签到/已取消不可取消；否则释放占用
    diff_run_test.go:16: step=21 | Book(id=apt22 p=pat1 ex=ex1 dev=dev3 start=323 now=75) | => <nil> | 优先级：类别>植入物>肾时效>肾下限>设备>质控>留观；半开区间恰相接合法
    diff_run_test.go:16: step=22 | RegisterPatient(id=pat6 hi=true noImp=false maxFS=15 allerg=false) | => <nil> | 患者确定风险等级、植入物场强上限与过敏史
    diff_run_test.go:16: step=23 | Cancel(apt=apt22 now=3407) | => <nil> | 已签到/已取消不可取消；否则释放占用
    diff_run_test.go:16: step=24 | Book(id=apt25 p=pat4 ex=ex4 dev=dev3 start=6005 now=5588) | => 设备类别不符 | 优先级：类别>植入物>肾时效>肾下限>设备>质控>留观；半开区间恰相接合法
    diff_run_test.go:16: step=25 | AddQC(dev=dev0 [19,70)) | => <nil> | 质控为日内半开区间，与每日重复模板求交
    diff_run_test.go:16: step=26 | RecordKidney(p=pat0 v=80 at=903 now=912) | => 时钟回退 | 采样最晚、并列登记后者生效；now 必须单调
    diff_run_test.go:16: step=27 | CheckIn(apt=apt25 now=966) | => 时钟回退 | 窗口[start-30,start+15]；复核肾/水化/预处理，失败转需改期并释放
    diff_run_test.go:16: step=28 | Book(id=apt29 p=pat6 ex=ex4 dev=dev0 start=1929 now=2668) | => 时钟回退 | 优先级：类别>植入物>肾时效>肾下限>设备>质控>留观；半开区间恰相接合法
    diff_run_test.go:16: step=29 | RecordKidney(p=pat4 v=47 at=754 now=993) | => 时钟回退 | 采样最晚、并列登记后者生效；now 必须单调
    diff_run_test.go:16: step=30 | CheckIn(apt=apt29 now=943) | => 时钟回退 | 窗口[start-30,start+15]；复核肾/水化/预处理，失败转需改期并释放
    diff_run_test.go:16: step=31 | Book(id=apt32 p=pat2 ex=ex5 dev=dev2 start=4629 now=4479) | => 对象不存在 | 优先级：类别>植入物>肾时效>肾下限>设备>质控>留观；半开区间恰相接合法
    diff_run_test.go:16: step=32 | AddQC(dev=dev0 [1154,1221)) | => <nil> | 质控为日内半开区间，与每日重复模板求交
    diff_run_test.go:16: step=33 | RegisterExamType(id=ex6 class=2 dur=111 enh=false) | => <nil> | 检查类型确定类别/时长/是否增强
    diff_run_test.go:16: step=34 | Reschedule(apt=apt19 start=4717 dev="" now=1165) | => 时钟回退 | 旧占用不阻挡自身；全条件重判；成功后水化/预处理作废
    diff_run_test.go:16: step=35 | AddQC(dev=dev0 [323,335)) | => <nil> | 质控为日内半开区间，与每日重复模板求交
    diff_run_test.go:16: step=36 | AddQC(dev=dev0 [630,696)) | => <nil> | 质控为日内半开区间，与每日重复模板求交
    diff_run_test.go:16: step=37 | RegisterExamType(id=ex7 class=2 dur=71 enh=true) | => <nil> | 检查类型确定类别/时长/是否增强
    diff_run_test.go:16: step=38 | CheckIn(apt=apt22 now=1322) | => 时钟回退 | 窗口[start-30,start+15]；复核肾/水化/预处理，失败转需改期并释放
    diff_run_test.go:16: step=39 | Reschedule(apt=apt25 start=1799 dev="dev2" now=1399) | => 时钟回退 | 旧占用不阻挡自身；全条件重判；成功后水化/预处理作废
    diff_run_test.go:16: step=40 | CheckIn(apt=apt19 now=1429) | => 时钟回退 | 窗口[start-30,start+15]；复核肾/水化/预处理，失败转需改期并释放
    diff_run_test.go:16: step=41 | RegisterDevice(id=dev4 class=2 fs=30) | => <nil> | CT 无场强；MR 场强为正整数
    diff_run_test.go:16: step=42 | RegisterDevice(id=dev5 class=1 fs=0) | => <nil> | CT 无场强；MR 场强为正整数
    diff_run_test.go:16: step=43 | Hydration(apt=apt25 at=1352 now=1519) | => 时钟回退 | 仅已受理状态可登记；开始时刻不晚于 now
    diff_run_test.go:16: step=44 | Reschedule(apt=apt25 start=5485 dev="dev4" now=1460) | => 时钟回退 | 旧占用不阻挡自身；全条件重判；成功后水化/预处理作废
    diff_run_test.go:16: step=45 | Hydration(apt=apt25 at=1394 now=1482) | => 时钟回退 | 仅已受理状态可登记；开始时刻不晚于 now
    diff_run_test.go:16: step=46 | Book(id=apt47 p=pat2 ex=ex4 dev=dev0 start=171 now=0) | => 时钟回退 | 优先级：类别>植入物>肾时效>肾下限>设备>质控>留观；半开区间恰相接合法
    diff_run_test.go:16: step=47 | Book(id=apt48 p=pat5 ex=ex4 dev=dev5 start=2714 now=2461) | => 时钟回退 | 优先级：类别>植入物>肾时效>肾下限>设备>质控>留观；半开区间恰相接合法
    diff_run_test.go:16: step=48 | RegisterDevice(id=dev6 class=1 fs=0) | => <nil> | CT 无场强；MR 场强为正整数
    diff_run_test.go:16: step=49 | RecordKidney(p=pat1 v=25 at=3166 now=3261) | => 时钟回退 | 采样最晚、并列登记后者生效；now 必须单调
    diff_run_test.go:16: step=50 | Cancel(apt=apt48 now=1657) | => 时钟回退 | 已签到/已取消不可取消；否则释放占用
    diff_run_test.go:16: step=51 | Book(id=apt52 p=pat3 ex=ex2 dev=dev3 start=6031 now=5174) | => 结果缺失或过期 | 优先级：类别>植入物>肾时效>肾下限>设备>质控>留观；半开区间恰相接合法
    diff_run_test.go:16: step=52 | Cancel(apt=apt25 now=1776) | => 时钟回退 | 已签到/已取消不可取消；否则释放占用
    diff_run_test.go:16: step=53 | RegisterPatient(id=pat7 hi=false noImp=false maxFS=70 allerg=true) | => <nil> | 患者确定风险等级、植入物场强上限与过敏史
    diff_run_test.go:16: step=54 | AddQC(dev=dev4 [886,931)) | => <nil> | 质控为日内半开区间，与每日重复模板求交
    diff_run_test.go:16: step=55 | RegisterExamType(id=ex8 class=2 dur=55 enh=false) | => <nil> | 检查类型确定类别/时长/是否增强
    diff_run_test.go:16: step=56 | Cancel(apt=apt25 now=1754) | => 时钟回退 | 已签到/已取消不可取消；否则释放占用
    diff_run_test.go:16: step=57 | Cancel(apt=apt20 now=1876) | => 时钟回退 | 已签到/已取消不可取消；否则释放占用
    diff_run_test.go:16: step=58 | Premed(apt=apt25 at=1703 now=1922) | => 时钟回退 | 仅已受理状态可登记；开始时刻不晚于 now
    diff_run_test.go:16: step=59 | RecordKidney(p=pat7 v=83 at=1922 now=1971) | => 时钟回退 | 采样最晚、并列登记后者生效；now 必须单调
    diff_run_test.go:16: step=60 | CheckIn(apt=apt32 now=1927) | => 时钟回退 | 窗口[start-30,start+15]；复核肾/水化/预处理，失败转需改期并释放
    diff_run_test.go:16: step=61 | Hydration(apt=apt52 at=1690 now=1880) | => 时钟回退 | 仅已受理状态可登记；开始时刻不晚于 now
    diff_run_test.go:16: step=62 | Premed(apt=apt20 at=1651 now=1912) | => 时钟回退 | 仅已受理状态可登记；开始时刻不晚于 now
    diff_run_test.go:16: step=63 | Book(id=apt64 p=pat6 ex=ex6 dev=dev1 start=2271 now=1899) | => 时钟回退 | 优先级：类别>植入物>肾时效>肾下限>设备>质控>留观；半开区间恰相接合法
    diff_run_test.go:16: step=64 | Reschedule(apt=apt52 start=5855 dev="dev5" now=2019) | => 时钟回退 | 旧占用不阻挡自身；全条件重判；成功后水化/预处理作废
    diff_run_test.go:16: step=65 | AddQC(dev=dev5 [664,670)) | => <nil> | 质控为日内半开区间，与每日重复模板求交
    diff_run_test.go:16: step=66 | CheckIn(apt=apt52 now=2092) | => 时钟回退 | 窗口[start-30,start+15]；复核肾/水化/预处理，失败转需改期并释放
    diff_run_test.go:16: step=67 | CheckIn(apt=apt47 now=2084) | => 时钟回退 | 窗口[start-30,start+15]；复核肾/水化/预处理，失败转需改期并释放
    diff_run_test.go:16: step=68 | Reschedule(apt=apt48 start=2041 dev="" now=2173) | => 时钟回退 | 旧占用不阻挡自身；全条件重判；成功后水化/预处理作废
    diff_run_test.go:16: step=69 | Cancel(apt=apt19 now=2148) | => 时钟回退 | 已签到/已取消不可取消；否则释放占用
    diff_run_test.go:16: step=70 | RecordKidney(p=pat1 v=60 at=2218 now=2401) | => 时钟回退 | 采样最晚、并列登记后者生效；now 必须单调
    diff_run_test.go:16: step=71 | RegisterExamType(id=ex9 class=2 dur=132 enh=false) | => <nil> | 检查类型确定类别/时长/是否增强
    diff_run_test.go:16: step=72 | Book(id=apt73 p=pat3 ex=ex1 dev=dev1 start=2656 now=2376) | => 时钟回退 | 优先级：类别>植入物>肾时效>肾下限>设备>质控>留观；半开区间恰相接合法
    diff_run_test.go:16: step=73 | AddQC(dev=dev5 [786,831)) | => <nil> | 质控为日内半开区间，与每日重复模板求交
    diff_run_test.go:16: step=74 | RegisterPatient(id=pat8 hi=false noImp=true maxFS=0 allerg=false) | => <nil> | 患者确定风险等级、植入物场强上限与过敏史
    diff_run_test.go:16: step=75 | Hydration(apt=apt64 at=2109 now=2404) | => 时钟回退 | 仅已受理状态可登记；开始时刻不晚于 now
    diff_run_test.go:16: step=76 | AddQC(dev=dev1 [1109,1163)) | => <nil> | 质控为日内半开区间，与每日重复模板求交
    diff_run_test.go:16: step=77 | RegisterExamType(id=ex10 class=1 dur=58 enh=false) | => <nil> | 检查类型确定类别/时长/是否增强
    diff_run_test.go:16: step=78 | Premed(apt=apt48 at=2271 now=2493) | => 时钟回退 | 仅已受理状态可登记；开始时刻不晚于 now
    diff_run_test.go:16: step=79 | RegisterExamType(id=ex11 class=1 dur=33 enh=true) | => <nil> | 检查类型确定类别/时长/是否增强
    diff_run_test.go:16: step=80 | RegisterPatient(id=pat9 hi=false noImp=true maxFS=0 allerg=false) | => <nil> | 患者确定风险等级、植入物场强上限与过敏史
    diff_run_test.go:16: step=81 | AddQC(dev=dev2 [1000,1080)) | => 对象不存在 | 质控为日内半开区间，与每日重复模板求交
    diff_run_test.go:16: step=82 | CheckIn(apt=apt73 now=2582) | => 时钟回退 | 窗口[start-30,start+15]；复核肾/水化/预处理，失败转需改期并释放
    diff_run_test.go:16: step=83 | CheckIn(apt=apt29 now=2611) | => 时钟回退 | 窗口[start-30,start+15]；复核肾/水化/预处理，失败转需改期并释放
    diff_run_test.go:16: step=84 | RegisterExamType(id=ex12 class=1 dur=104 enh=false) | => <nil> | 检查类型确定类别/时长/是否增强
    diff_run_test.go:16: step=85 | Book(id=apt86 p=pat7 ex=ex2 dev=dev1 start=4732 now=5267) | => 结果缺失或过期 | 优先级：类别>植入物>肾时效>肾下限>设备>质控>留观；半开区间恰相接合法
    diff_run_test.go:16: step=86 | AddQC(dev=dev5 [425,506)) | => <nil> | 质控为日内半开区间，与每日重复模板求交
    diff_run_test.go:16: step=87 | Premed(apt=apt29 at=2788 now=2839) | => 时钟回退 | 仅已受理状态可登记；开始时刻不晚于 now
    diff_run_test.go:16: step=88 | Hydration(apt=apt52 at=2505 now=2676) | => 时钟回退 | 仅已受理状态可登记；开始时刻不晚于 now
    diff_run_test.go:16: step=89 | Premed(apt=apt52 at=2589 now=2766) | => 时钟回退 | 仅已受理状态可登记；开始时刻不晚于 now
    diff_run_test.go:16: step=90 | Book(id=apt91 p=pat8 ex=ex2 dev=dev2 start=6091 now=6017) | => 对象不存在 | 优先级：类别>植入物>肾时效>肾下限>设备>质控>留观；半开区间恰相接合法
    diff_run_test.go:16: step=91 | Book(id=apt92 p=pat2 ex=ex0 dev=dev0 start=2057 now=1950) | => 时钟回退 | 优先级：类别>植入物>肾时效>肾下限>设备>质控>留观；半开区间恰相接合法
    diff_run_test.go:16: step=92 | Cancel(apt=apt32 now=2955) | => 时钟回退 | 已签到/已取消不可取消；否则释放占用
    diff_run_test.go:16: step=93 | RecordKidney(p=pat4 v=17 at=2925 now=2935) | => 时钟回退 | 采样最晚、并列登记后者生效；now 必须单调
    diff_run_test.go:16: step=94 | Book(id=apt95 p=pat5 ex=ex2 dev=dev2 start=530 now=466) | => 时钟回退 | 优先级：类别>植入物>肾时效>肾下限>设备>质控>留观；半开区间恰相接合法
    diff_run_test.go:16: step=95 | RegisterExamType(id=ex13 class=2 dur=57 enh=true) | => <nil> | 检查类型确定类别/时长/是否增强
    diff_run_test.go:16: step=96 | Book(id=apt97 p=pat8 ex=ex2 dev=dev0 start=5870 now=5457) | => 设备类别不符 | 优先级：类别>植入物>肾时效>肾下限>设备>质控>留观；半开区间恰相接合法
    diff_run_test.go:16: step=97 | Book(id=apt98 p=pat2 ex=ex2 dev=dev2 start=4889 now=4851) | => 对象不存在 | 优先级：类别>植入物>肾时效>肾下限>设备>质控>留观；半开区间恰相接合法
    diff_run_test.go:16: step=98 | RegisterDevice(id=dev7 class=1 fs=0) | => <nil> | CT 无场强；MR 场强为正整数
    diff_run_test.go:16: step=99 | Reschedule(apt=apt98 start=4268 dev="dev6" now=3182) | => 时钟回退 | 旧占用不阻挡自身；全条件重判；成功后水化/预处理作废
    diff_run_test.go:16: step=100 | Hydration(apt=apt91 at=2899 now=3078) | => 时钟回退 | 仅已受理状态可登记；开始时刻不晚于 now
    diff_run_test.go:16: step=101 | RecordKidney(p=pat2 v=67 at=2996 now=3141) | => 时钟回退 | 采样最晚、并列登记后者生效；now 必须单调
    diff_run_test.go:16: step=102 | Hydration(apt=apt32 at=3107 now=3141) | => 时钟回退 | 仅已受理状态可登记；开始时刻不晚于 now
    diff_run_test.go:16: step=103 | RegisterPatient(id=pat10 hi=false noImp=false maxFS=30 allerg=true) | => <nil> | 患者确定风险等级、植入物场强上限与过敏史
    diff_run_test.go:16: step=104 | Hydration(apt=apt20 at=3316 now=3342) | => 时钟回退 | 仅已受理状态可登记；开始时刻不晚于 now
    diff_run_test.go:16: step=105 | RegisterDevice(id=dev8 class=1 fs=0) | => <nil> | CT 无场强；MR 场强为正整数
    diff_run_test.go:16: step=106 | RecordKidney(p=pat8 v=33 at=3214 now=3327) | => 时钟回退 | 采样最晚、并列登记后者生效；now 必须单调
    diff_run_test.go:16: step=107 | RecordKidney(p=pat8 v=82 at=3048 now=3291) | => 时钟回退 | 采样最晚、并列登记后者生效；now 必须单调
    diff_run_test.go:16: step=108 | Reschedule(apt=apt95 start=2068 dev="dev8" now=3396) | => 时钟回退 | 旧占用不阻挡自身；全条件重判；成功后水化/预处理作废
    diff_run_test.go:16: step=109 | AddQC(dev=dev8 [1122,1163)) | => <nil> | 质控为日内半开区间，与每日重复模板求交
    diff_run_test.go:16: step=110 | Reschedule(apt=apt97 start=5239 dev="" now=3514) | => 对象不存在 | 旧占用不阻挡自身；全条件重判；成功后水化/预处理作废
    diff_run_test.go:16: step=111 | CheckIn(apt=apt64 now=3426) | => 对象不存在 | 窗口[start-30,start+15]；复核肾/水化/预处理，失败转需改期并释放
    diff_run_test.go:16: step=112 | Book(id=apt113 p=pat8 ex=ex8 dev=dev4 start=4259 now=1813) | => 时钟回退 | 优先级：类别>植入物>肾时效>肾下限>设备>质控>留观；半开区间恰相接合法
    diff_run_test.go:16: step=113 | Book(id=apt114 p=pat7 ex=ex3 dev=dev5 start=1575 now=1351) | => 时钟回退 | 优先级：类别>植入物>肾时效>肾下限>设备>质控>留观；半开区间恰相接合法
    diff_run_test.go:16: step=114 | Hydration(apt=apt19 at=3482 now=3521) | => 对象不存在 | 仅已受理状态可登记；开始时刻不晚于 now
    diff_run_test.go:16: step=115 | Cancel(apt=apt91 now=3591) | => 对象不存在 | 已签到/已取消不可取消；否则释放占用
    diff_run_test.go:16: step=116 | AddQC(dev=dev2 [1211,1265)) | => 对象不存在 | 质控为日内半开区间，与每日重复模板求交
    diff_run_test.go:16: step=117 | RecordKidney(p=pat1 v=41 at=3500 now=3693) | => <nil> | 采样最晚、并列登记后者生效；now 必须单调
    diff_run_test.go:16: step=118 | Hydration(apt=apt64 at=3469 now=3658) | => 时钟回退 | 仅已受理状态可登记；开始时刻不晚于 now
    diff_run_test.go:16: step=119 | RegisterPatient(id=pat11 hi=true noImp=false maxFS=15 allerg=false) | => <nil> | 患者确定风险等级、植入物场强上限与过敏史
    diff_run_test.go:16: step=0 | RegisterDevice(id=dev0 class=1 fs=0) | => <nil> | CT 无场强；MR 场强为正整数
    diff_run_test.go:16: step=1 | RegisterDevice(id=dev1 class=2 fs=15) | => <nil> | CT 无场强；MR 场强为正整数
    diff_run_test.go:16: step=2 | RegisterDevice(id=dev2 class=1 fs=0) | => <nil> | CT 无场强；MR 场强为正整数
    diff_run_test.go:16: step=3 | RegisterDevice(id=dev3 class=1 fs=0) | => <nil> | CT 无场强；MR 场强为正整数
    diff_run_test.go:16: step=4 | RegisterExamType(id=ex0 class=1 dur=88 enh=false) | => <nil> | 检查类型确定类别/时长/是否增强
    diff_run_test.go:16: step=5 | RegisterExamType(id=ex1 class=1 dur=70 enh=false) | => <nil> | 检查类型确定类别/时长/是否增强
    diff_run_test.go:16: step=6 | RegisterExamType(id=ex2 class=1 dur=132 enh=true) | => <nil> | 检查类型确定类别/时长/是否增强
    diff_run_test.go:16: step=7 | RegisterExamType(id=ex3 class=2 dur=130 enh=true) | => <nil> | 检查类型确定类别/时长/是否增强
    diff_run_test.go:16: step=8 | RegisterExamType(id=ex4 class=1 dur=23 enh=false) | => <nil> | 检查类型确定类别/时长/是否增强
    diff_run_test.go:16: step=9 | RegisterExamType(id=ex5 class=2 dur=41 enh=false) | => <nil> | 检查类型确定类别/时长/是否增强
    diff_run_test.go:16: step=10 | RegisterPatient(id=pat0 hi=false noImp=false maxFS=30 allerg=true) | => <nil> | 患者确定风险等级、植入物场强上限与过敏史
    diff_run_test.go:16: step=11 | RegisterPatient(id=pat1 hi=false noImp=false maxFS=30 allerg=false) | => <nil> | 患者确定风险等级、植入物场强上限与过敏史
    diff_run_test.go:16: step=12 | RegisterPatient(id=pat2 hi=false noImp=false maxFS=30 allerg=false) | => <nil> | 患者确定风险等级、植入物场强上限与过敏史
    diff_run_test.go:16: step=13 | RegisterPatient(id=pat3 hi=true noImp=true maxFS=0 allerg=false) | => <nil> | 患者确定风险等级、植入物场强上限与过敏史
    diff_run_test.go:16: step=14 | RegisterPatient(id=pat4 hi=false noImp=false maxFS=30 allerg=false) | => <nil> | 患者确定风险等级、植入物场强上限与过敏史
    diff_run_test.go:16: step=15 | RegisterPatient(id=pat5 hi=false noImp=false maxFS=70 allerg=true) | => <nil> | 患者确定风险等级、植入物场强上限与过敏史
    diff_run_test.go:16: step=16 | RegisterExamType(id=ex6 class=1 dur=32 enh=true) | => <nil> | 检查类型确定类别/时长/是否增强
    diff_run_test.go:16: step=17 | Book(id=apt18 p=pat0 ex=ex5 dev=dev1 start=5797 now=5354) | => <nil> | 优先级：类别>植入物>肾时效>肾下限>设备>质控>留观；半开区间恰相接合法
    diff_run_test.go:16: step=18 | CheckIn(apt=apt18 now=1424) | => 时钟回退 | 窗口[start-30,start+15]；复核肾/水化/预处理，失败转需改期并释放
    diff_run_test.go:16: step=19 | Book(id=apt20 p=pat0 ex=ex6 dev=dev3 start=6009 now=5520) | => 结果缺失或过期 | 优先级：类别>植入物>肾时效>肾下限>设备>质控>留观；半开区间恰相接合法
    diff_run_test.go:16: step=20 | Cancel(apt=apt20 now=719) | => 时钟回退 | 已签到/已取消不可取消；否则释放占用
    diff_run_test.go:16: step=21 | Reschedule(apt=apt20 start=4282 dev="dev1" now=849) | => 时钟回退 | 旧占用不阻挡自身；全条件重判；成功后水化/预处理作废
    diff_run_test.go:16: step=22 | Premed(apt=apt18 at=659 now=765) | => 时钟回退 | 仅已受理状态可登记；开始时刻不晚于 now
    diff_run_test.go:16: step=23 | RegisterPatient(id=pat6 hi=false noImp=false maxFS=30 allerg=false) | => <nil> | 患者确定风险等级、植入物场强上限与过敏史
    diff_run_test.go:16: step=24 | RegisterPatient(id=pat7 hi=true noImp=true maxFS=0 allerg=false) | => <nil> | 患者确定风险等级、植入物场强上限与过敏史
    diff_run_test.go:16: step=25 | Book(id=apt26 p=pat6 ex=ex5 dev=dev1 start=682 now=292) | => 时钟回退 | 优先级：类别>植入物>肾时效>肾下限>设备>质控>留观；半开区间恰相接合法
    diff_run_test.go:16: step=26 | RegisterPatient(id=pat8 hi=true noImp=true maxFS=0 allerg=false) | => <nil> | 患者确定风险等级、植入物场强上限与过敏史
    diff_run_test.go:16: step=27 | AddQC(dev=dev1 [1274,1321)) | => <nil> | 质控为日内半开区间，与每日重复模板求交
    diff_run_test.go:16: step=28 | CheckIn(apt=apt26 now=1046) | => 时钟回退 | 窗口[start-30,start+15]；复核肾/水化/预处理，失败转需改期并释放
    diff_run_test.go:16: step=29 | RegisterExamType(id=ex7 class=2 dur=101 enh=true) | => <nil> | 检查类型确定类别/时长/是否增强
    diff_run_test.go:16: step=30 | RegisterDevice(id=dev4 class=1 fs=0) | => <nil> | CT 无场强；MR 场强为正整数
    diff_run_test.go:16: step=31 | RegisterDevice(id=dev5 class=2 fs=30) | => <nil> | CT 无场强；MR 场强为正整数
    diff_run_test.go:16: step=32 | CheckIn(apt=apt20 now=1152) | => 时钟回退 | 窗口[start-30,start+15]；复核肾/水化/预处理，失败转需改期并释放
    diff_run_test.go:16: step=33 | Premed(apt=apt20 at=658 now=1051) | => 时钟回退 | 仅已受理状态可登记；开始时刻不晚于 now
    diff_run_test.go:16: step=34 | Cancel(apt=apt20 now=1138) | => 时钟回退 | 已签到/已取消不可取消；否则释放占用
    diff_run_test.go:16: step=35 | Reschedule(apt=apt20 start=3386 dev="" now=1147) | => 时钟回退 | 旧占用不阻挡自身；全条件重判；成功后水化/预处理作废
    diff_run_test.go:16: step=36 | RegisterExamType(id=ex8 class=2 dur=41 enh=true) | => <nil> | 检查类型确定类别/时长/是否增强
    diff_run_test.go:16: step=37 | AddQC(dev=dev2 [705,735)) | => <nil> | 质控为日内半开区间，与每日重复模板求交
    diff_run_test.go:16: step=38 | Book(id=apt39 p=pat1 ex=ex4 dev=dev1 start=3583 now=3468) | => 时钟回退 | 优先级：类别>植入物>肾时效>肾下限>设备>质控>留观；半开区间恰相接合法
    diff_run_test.go:16: step=39 | Book(id=apt40 p=pat2 ex=ex4 dev=dev5 start=2919 now=2499) | => 时钟回退 | 优先级：类别>植入物>肾时效>肾下限>设备>质控>留观；半开区间恰相接合法
    diff_run_test.go:16: step=40 | Book(id=apt41 p=pat7 ex=ex2 dev=dev5 start=3797 now=3779) | => 时钟回退 | 优先级：类别>植入物>肾时效>肾下限>设备>质控>留观；半开区间恰相接合法
    diff_run_test.go:16: step=41 | Reschedule(apt=apt20 start=1121 dev="" now=1334) | => 时钟回退 | 旧占用不阻挡自身；全条件重判；成功后水化/预处理作废
    diff_run_test.go:16: step=42 | CheckIn(apt=apt20 now=4127) | => 时钟回退 | 窗口[start-30,start+15]；复核肾/水化/预处理，失败转需改期并释放
    diff_run_test.go:16: step=43 | Hydration(apt=apt40 at=1418 now=1511) | => 时钟回退 | 仅已受理状态可登记；开始时刻不晚于 now
    diff_run_test.go:16: step=44 | Premed(apt=apt39 at=1046 now=1420) | => 时钟回退 | 仅已受理状态可登记；开始时刻不晚于 now
    diff_run_test.go:16: step=45 | AddQC(dev=dev1 [1009,1058)) | => <nil> | 质控为日内半开区间，与每日重复模板求交
    diff_run_test.go:16: step=46 | Book(id=apt47 p=pat5 ex=ex5 dev=dev1 start=1758 now=1464) | => 时钟回退 | 优先级：类别>植入物>肾时效>肾下限>设备>质控>留观；半开区间恰相接合法
    diff_run_test.go:16: step=47 | RegisterDevice(id=dev6 class=2 fs=30) | => <nil> | CT 无场强；MR 场强为正整数
    diff_run_test.go:16: step=48 | Premed(apt=apt41 at=1442 now=1491) | => 时钟回退 | 仅已受理状态可登记；开始时刻不晚于 now
    diff_run_test.go:16: step=49 | RegisterDevice(id=dev7 class=2 fs=15) | => <nil> | CT 无场强；MR 场强为正整数
    diff_run_test.go:16: step=50 | Cancel(apt=apt18 now=1659) | => 时钟回退 | 已签到/已取消不可取消；否则释放占用
    diff_run_test.go:16: step=51 | RegisterExamType(id=ex9 class=2 dur=132 enh=true) | => <nil> | 检查类型确定类别/时长/是否增强
    diff_run_test.go:16: step=52 | Cancel(apt=apt47 now=1725) | => 时钟回退 | 已签到/已取消不可取消；否则释放占用
    diff_run_test.go:16: step=53 | Reschedule(apt=apt26 start=5572 dev="dev0" now=855) | => 时钟回退 | 旧占用不阻挡自身；全条件重判；成功后水化/预处理作废
    diff_run_test.go:16: step=54 | Cancel(apt=apt40 now=1685) | => 时钟回退 | 已签到/已取消不可取消；否则释放占用
    diff_run_test.go:16: step=55 | Cancel(apt=apt39 now=162) | => 时钟回退 | 已签到/已取消不可取消；否则释放占用
    diff_run_test.go:16: step=56 | Hydration(apt=apt40 at=1668 now=1853) | => 时钟回退 | 仅已受理状态可登记；开始时刻不晚于 now
    diff_run_test.go:16: step=57 | AddQC(dev=dev2 [1202,1263)) | => <nil> | 质控为日内半开区间，与每日重复模板求交
    diff_run_test.go:16: step=58 | Hydration(apt=apt18 at=1637 now=1772) | => 时钟回退 | 仅已受理状态可登记；开始时刻不晚于 now
    diff_run_test.go:16: step=59 | RegisterPatient(id=pat9 hi=false noImp=false maxFS=15 allerg=true) | => <nil> | 患者确定风险等级、植入物场强上限与过敏史
    diff_run_test.go:16: step=60 | RegisterDevice(id=dev7 class=2 fs=70) | => 参数非法 | CT 无场强；MR 场强为正整数
    diff_run_test.go:16: step=61 | CheckIn(apt=apt20 now=1933) | => 时钟回退 | 窗口[start-30,start+15]；复核肾/水化/预处理，失败转需改期并释放
    diff_run_test.go:16: step=62 | AddQC(dev=dev1 [1275,1367)) | => <nil> | 质控为日内半开区间，与每日重复模板求交
    diff_run_test.go:16: step=63 | CheckIn(apt=apt47 now=2067) | => 时钟回退 | 窗口[start-30,start+15]；复核肾/水化/预处理，失败转需改期并释放
    diff_run_test.go:16: step=64 | Book(id=apt65 p=pat1 ex=ex1 dev=dev8 start=3486 now=4133) | => 时钟回退 | 优先级：类别>植入物>肾时效>肾下限>设备>质控>留观；半开区间恰相接合法
    diff_run_test.go:16: step=65 | CheckIn(apt=apt18 now=2078) | => 时钟回退 | 窗口[start-30,start+15]；复核肾/水化/预处理，失败转需改期并释放
    diff_run_test.go:16: step=66 | Book(id=apt67 p=pat1 ex=ex0 dev=dev8 start=2906 now=2609) | => 时钟回退 | 优先级：类别>植入物>肾时效>肾下限>设备>质控>留观；半开区间恰相接合法
    diff_run_test.go:16: step=67 | Hydration(apt=apt67 at=3880 now=4028) | => 时钟回退 | 仅已受理状态可登记；开始时刻不晚于 now
    diff_run_test.go:16: step=68 | Book(id=apt69 p=pat4 ex=ex4 dev=dev0 start=2345 now=2086) | => 时钟回退 | 优先级：类别>植入物>肾时效>肾下限>设备>质控>留观；半开区间恰相接合法
    diff_run_test.go:16: step=69 | Book(id=apt70 p=pat5 ex=ex2 dev=dev0 start=5427 now=5377) | => 结果缺失或过期 | 优先级：类别>植入物>肾时效>肾下限>设备>质控>留观；半开区间恰相接合法
    diff_run_test.go:16: step=70 | AddQC(dev=dev0 [425,481)) | => <nil> | 质控为日内半开区间，与每日重复模板求交
    diff_run_test.go:16: step=71 | Premed(apt=apt65 at=4392 now=4597) | => 时钟回退 | 仅已受理状态可登记；开始时刻不晚于 now
    diff_run_test.go:16: step=72 | AddQC(dev=dev2 [536,644)) | => <nil> | 质控为日内半开区间，与每日重复模板求交
    diff_run_test.go:16: step=73 | Cancel(apt=apt70 now=2315) | => 时钟回退 | 已签到/已取消不可取消；否则释放占用
    diff_run_test.go:16: step=74 | Book(id=apt75 p=pat0 ex=ex9 dev=dev4 start=1738 now=1354) | => 时钟回退 | 优先级：类别>植入物>肾时效>肾下限>设备>质控>留观；半开区间恰相接合法
    diff_run_test.go:16: step=75 | Cancel(apt=apt75 now=103) | => 时钟回退 | 已签到/已取消不可取消；否则释放占用
    diff_run_test.go:16: step=76 | Cancel(apt=apt65 now=2337) | => 时钟回退 | 已签到/已取消不可取消；否则释放占用
    diff_run_test.go:16: step=77 | CheckIn(apt=apt65 now=2452) | => 时钟回退 | 窗口[start-30,start+15]；复核肾/水化/预处理，失败转需改期并释放
    diff_run_test.go:16: step=78 | Reschedule(apt=apt18 start=2977 dev="" now=2545) | => 时钟回退 | 旧占用不阻挡自身；全条件重判；成功后水化/预处理作废
    diff_run_test.go:16: step=79 | CheckIn(apt=apt70 now=2442) | => 时钟回退 | 窗口[start-30,start+15]；复核肾/水化/预处理，失败转需改期并释放
    diff_run_test.go:16: step=80 | Book(id=apt81 p=pat6 ex=ex7 dev=dev3 start=2084 now=1659) | => 时钟回退 | 优先级：类别>植入物>肾时效>肾下限>设备>质控>留观；半开区间恰相接合法
    diff_run_test.go:16: step=81 | RecordKidney(p=pat5 v=38 at=2231 now=2473) | => 时钟回退 | 采样最晚、并列登记后者生效；now 必须单调
    diff_run_test.go:16: step=82 | Premed(apt=apt18 at=2344 now=2649) | => 时钟回退 | 仅已受理状态可登记；开始时刻不晚于 now
    diff_run_test.go:16: step=83 | Book(id=apt84 p=pat1 ex=ex2 dev=dev6 start=892 now=679) | => 时钟回退 | 优先级：类别>植入物>肾时效>肾下限>设备>质控>留观；半开区间恰相接合法
    diff_run_test.go:16: step=84 | RecordKidney(p=pat6 v=52 at=2478 now=2721) | => 时钟回退 | 采样最晚、并列登记后者生效；now 必须单调
    diff_run_test.go:16: step=85 | Cancel(apt=apt75 now=2674) | => 时钟回退 | 已签到/已取消不可取消；否则释放占用
    diff_run_test.go:16: step=86 | Cancel(apt=apt70 now=2777) | => 时钟回退 | 已签到/已取消不可取消；否则释放占用
    diff_run_test.go:16: step=87 | Cancel(apt=apt39 now=2660) | => 时钟回退 | 已签到/已取消不可取消；否则释放占用
    diff_run_test.go:16: step=88 | CheckIn(apt=apt40 now=2699) | => 时钟回退 | 窗口[start-30,start+15]；复核肾/水化/预处理，失败转需改期并释放
    diff_run_test.go:16: step=89 | RegisterDevice(id=dev9 class=2 fs=15) | => <nil> | CT 无场强；MR 场强为正整数
    diff_run_test.go:16: step=90 | Book(id=apt91 p=pat3 ex=ex5 dev=dev0 start=5768 now=5606) | => 设备类别不符 | 优先级：类别>植入物>肾时效>肾下限>设备>质控>留观；半开区间恰相接合法
    diff_run_test.go:16: step=91 | Book(id=apt92 p=pat6 ex=ex0 dev=dev4 start=981 now=906) | => 时钟回退 | 优先级：类别>植入物>肾时效>肾下限>设备>质控>留观；半开区间恰相接合法
    diff_run_test.go:16: step=92 | RegisterDevice(id=dev10 class=2 fs=15) | => <nil> | CT 无场强；MR 场强为正整数
    diff_run_test.go:16: step=93 | RecordKidney(p=pat0 v=47 at=2664 now=3012) | => 时钟回退 | 采样最晚、并列登记后者生效；now 必须单调
    diff_run_test.go:16: step=94 | AddQC(dev=dev6 [654,767)) | => <nil> | 质控为日内半开区间，与每日重复模板求交
    diff_run_test.go:16: step=95 | RegisterDevice(id=dev11 class=2 fs=30) | => <nil> | CT 无场强；MR 场强为正整数
    diff_run_test.go:16: step=96 | Book(id=apt97 p=pat9 ex=ex9 dev=dev6 start=3847 now=3795) | => 时钟回退 | 优先级：类别>植入物>肾时效>肾下限>设备>质控>留观；半开区间恰相接合法
    diff_run_test.go:16: step=97 | Cancel(apt=apt47 now=2947) | => 时钟回退 | 已签到/已取消不可取消；否则释放占用
    diff_run_test.go:16: step=98 | RegisterExamType(id=ex10 class=1 dur=33 enh=true) | => <nil> | 检查类型确定类别/时长/是否增强
    diff_run_test.go:16: step=99 | Premed(apt=apt75 at=2958 now=3097) | => 时钟回退 | 仅已受理状态可登记；开始时刻不晚于 now
    diff_run_test.go:16: step=100 | RegisterExamType(id=ex11 class=1 dur=77 enh=false) | => <nil> | 检查类型确定类别/时长/是否增强
    diff_run_test.go:16: step=101 | Book(id=apt102 p=pat0 ex=ex1 dev=dev10 start=459 now=195) | => 时钟回退 | 优先级：类别>植入物>肾时效>肾下限>设备>质控>留观；半开区间恰相接合法
    diff_run_test.go:16: step=102 | RegisterPatient(id=pat10 hi=true noImp=false maxFS=30 allerg=true) | => <nil> | 患者确定风险等级、植入物场强上限与过敏史
    diff_run_test.go:16: step=103 | RegisterPatient(id=pat11 hi=true noImp=false maxFS=30 allerg=true) | => <nil> | 患者确定风险等级、植入物场强上限与过敏史
    diff_run_test.go:16: step=104 | AddQC(dev=dev7 [1218,1266)) | => <nil> | 质控为日内半开区间，与每日重复模板求交
    diff_run_test.go:16: step=105 | Book(id=apt106 p=pat8 ex=ex2 dev=dev0 start=3465 now=3437) | => 时钟回退 | 优先级：类别>植入物>肾时效>肾下限>设备>质控>留观；半开区间恰相接合法
    diff_run_test.go:16: step=106 | Book(id=apt107 p=pat10 ex=ex6 dev=dev0 start=3061 now=2976) | => 时钟回退 | 优先级：类别>植入物>肾时效>肾下限>设备>质控>留观；半开区间恰相接合法
    diff_run_test.go:16: step=107 | Premed(apt=apt81 at=3124 now=3435) | => 时钟回退 | 仅已受理状态可登记；开始时刻不晚于 now
    diff_run_test.go:16: step=108 | Hydration(apt=apt67 at=3113 now=3272) | => 时钟回退 | 仅已受理状态可登记；开始时刻不晚于 now
    diff_run_test.go:16: step=109 | RegisterDevice(id=dev12 class=2 fs=30) | => <nil> | CT 无场强；MR 场强为正整数
    diff_run_test.go:16: step=110 | RegisterDevice(id=dev13 class=1 fs=0) | => <nil> | CT 无场强；MR 场强为正整数
    diff_run_test.go:16: step=111 | Reschedule(apt=apt65 start=3907 dev="" now=3411) | => 时钟回退 | 旧占用不阻挡自身；全条件重判；成功后水化/预处理作废
    diff_run_test.go:16: step=112 | RegisterExamType(id=ex12 class=1 dur=36 enh=true) | => <nil> | 检查类型确定类别/时长/是否增强
    diff_run_test.go:16: step=113 | AddQC(dev=dev6 [9,88)) | => <nil> | 质控为日内半开区间，与每日重复模板求交
    diff_run_test.go:16: step=114 | RegisterExamType(id=ex13 class=2 dur=138 enh=false) | => <nil> | 检查类型确定类别/时长/是否增强
    diff_run_test.go:16: step=115 | Cancel(apt=apt47 now=3572) | => 时钟回退 | 已签到/已取消不可取消；否则释放占用
    diff_run_test.go:16: step=116 | Book(id=apt117 p=pat8 ex=ex1 dev=dev2 start=5343 now=5340) | => 时钟回退 | 优先级：类别>植入物>肾时效>肾下限>设备>质控>留观；半开区间恰相接合法
    diff_run_test.go:16: step=117 | Premed(apt=apt20 at=3408 now=3621) | => 时钟回退 | 仅已受理状态可登记；开始时刻不晚于 now
    diff_run_test.go:16: step=118 | RegisterExamType(id=ex14 class=1 dur=137 enh=false) | => <nil> | 检查类型确定类别/时长/是否增强
    diff_run_test.go:16: step=119 | Book(id=apt120 p=pat1 ex=ex0 dev=dev6 start=2978 now=3197) | => 时钟回退 | 优先级：类别>植入物>肾时效>肾下限>设备>质控>留观；半开区间恰相接合法
    diff_run_test.go:16: step=0 | RegisterDevice(id=dev0 class=1 fs=0) | => <nil> | CT 无场强；MR 场强为正整数
    diff_run_test.go:16: step=1 | RegisterDevice(id=dev1 class=2 fs=30) | => <nil> | CT 无场强；MR 场强为正整数
    diff_run_test.go:16: step=2 | RegisterDevice(id=dev2 class=1 fs=0) | => <nil> | CT 无场强；MR 场强为正整数
    diff_run_test.go:16: step=3 | RegisterDevice(id=dev3 class=2 fs=70) | => <nil> | CT 无场强；MR 场强为正整数
    diff_run_test.go:16: step=4 | RegisterExamType(id=ex0 class=2 dur=32 enh=true) | => <nil> | 检查类型确定类别/时长/是否增强
    diff_run_test.go:16: step=5 | RegisterExamType(id=ex1 class=1 dur=77 enh=false) | => <nil> | 检查类型确定类别/时长/是否增强
    diff_run_test.go:16: step=6 | RegisterExamType(id=ex2 class=1 dur=116 enh=false) | => <nil> | 检查类型确定类别/时长/是否增强
    diff_run_test.go:16: step=7 | RegisterExamType(id=ex3 class=1 dur=129 enh=true) | => <nil> | 检查类型确定类别/时长/是否增强
    diff_run_test.go:16: step=8 | RegisterExamType(id=ex4 class=2 dur=91 enh=false) | => <nil> | 检查类型确定类别/时长/是否增强
    diff_run_test.go:16: step=9 | RegisterExamType(id=ex5 class=1 dur=53 enh=false) | => <nil> | 检查类型确定类别/时长/是否增强
    diff_run_test.go:16: step=10 | RegisterPatient(id=pat0 hi=true noImp=true maxFS=0 allerg=false) | => <nil> | 患者确定风险等级、植入物场强上限与过敏史
    diff_run_test.go:16: step=11 | RegisterPatient(id=pat1 hi=false noImp=true maxFS=0 allerg=false) | => <nil> | 患者确定风险等级、植入物场强上限与过敏史
    diff_run_test.go:16: step=12 | RegisterPatient(id=pat2 hi=true noImp=true maxFS=0 allerg=false) | => <nil> | 患者确定风险等级、植入物场强上限与过敏史
    diff_run_test.go:16: step=13 | RegisterPatient(id=pat3 hi=false noImp=true maxFS=0 allerg=true) | => <nil> | 患者确定风险等级、植入物场强上限与过敏史
    diff_run_test.go:16: step=14 | RegisterPatient(id=pat4 hi=true noImp=false maxFS=70 allerg=false) | => <nil> | 患者确定风险等级、植入物场强上限与过敏史
    diff_run_test.go:16: step=15 | RegisterPatient(id=pat5 hi=true noImp=false maxFS=70 allerg=false) | => <nil> | 患者确定风险等级、植入物场强上限与过敏史
    diff_run_test.go:16: step=16 | CheckIn(apt=ghost now=701) | => 对象不存在 | 窗口[start-30,start+15]；复核肾/水化/预处理，失败转需改期并释放
    diff_run_test.go:16: step=17 | Book(id=apt18 p=pat3 ex=ex4 dev=dev1 start=5666 now=4424) | => <nil> | 优先级：类别>植入物>肾时效>肾下限>设备>质控>留观；半开区间恰相接合法
    diff_run_test.go:16: step=18 | CheckIn(apt=apt18 now=681) | => 时钟回退 | 窗口[start-30,start+15]；复核肾/水化/预处理，失败转需改期并释放
    diff_run_test.go:16: step=19 | AddQC(dev=dev3 [1262,1354)) | => <nil> | 质控为日内半开区间，与每日重复模板求交
    diff_run_test.go:16: step=20 | Cancel(apt=apt18 now=651) | => 时钟回退 | 已签到/已取消不可取消；否则释放占用
    diff_run_test.go:16: step=21 | CheckIn(apt=apt18 now=819) | => 时钟回退 | 窗口[start-30,start+15]；复核肾/水化/预处理，失败转需改期并释放
    diff_run_test.go:16: step=22 | RecordKidney(p=pat1 v=58 at=519 now=831) | => 时钟回退 | 采样最晚、并列登记后者生效；now 必须单调
    diff_run_test.go:16: step=23 | RegisterDevice(id=dev4 class=1 fs=0) | => <nil> | CT 无场强；MR 场强为正整数
    diff_run_test.go:16: step=24 | RegisterExamType(id=ex6 class=2 dur=101 enh=false) | => <nil> | 检查类型确定类别/时长/是否增强
    diff_run_test.go:16: step=25 | Hydration(apt=apt18 at=598 now=837) | => 时钟回退 | 仅已受理状态可登记；开始时刻不晚于 now
    diff_run_test.go:16: step=26 | Reschedule(apt=apt18 start=5830 dev="" now=853) | => 时钟回退 | 旧占用不阻挡自身；全条件重判；成功后水化/预处理作废
    diff_run_test.go:16: step=27 | RegisterPatient(id=pat6 hi=false noImp=false maxFS=70 allerg=false) | => <nil> | 患者确定风险等级、植入物场强上限与过敏史
    diff_run_test.go:16: step=28 | RegisterExamType(id=ex7 class=1 dur=129 enh=false) | => <nil> | 检查类型确定类别/时长/是否增强
    diff_run_test.go:16: step=29 | Cancel(apt=apt18 now=1030) | => 时钟回退 | 已签到/已取消不可取消；否则释放占用
    diff_run_test.go:16: step=30 | Book(id=apt31 p=pat2 ex=ex3 dev=dev2 start=3043 now=2959) | => 时钟回退 | 优先级：类别>植入物>肾时效>肾下限>设备>质控>留观；半开区间恰相接合法
    diff_run_test.go:16: step=31 | Hydration(apt=apt18 at=929 now=1016) | => 时钟回退 | 仅已受理状态可登记；开始时刻不晚于 now
    diff_run_test.go:16: step=32 | AddQC(dev=dev0 [768,778)) | => <nil> | 质控为日内半开区间，与每日重复模板求交
    diff_run_test.go:16: step=33 | RegisterExamType(id=ex8 class=2 dur=53 enh=false) | => <nil> | 检查类型确定类别/时长/是否增强
    diff_run_test.go:16: step=34 | Cancel(apt=apt31 now=1119) | => 时钟回退 | 已签到/已取消不可取消；否则释放占用
    diff_run_test.go:16: step=35 | RegisterExamType(id=ex9 class=1 dur=56 enh=true) | => <nil> | 检查类型确定类别/时长/是否增强
    diff_run_test.go:16: step=36 | Cancel(apt=apt31 now=1261) | => 时钟回退 | 已签到/已取消不可取消；否则释放占用
    diff_run_test.go:16: step=37 | AddQC(dev=dev1 [374,381)) | => <nil> | 质控为日内半开区间，与每日重复模板求交
    diff_run_test.go:16: step=38 | Book(id=apt39 p=pat3 ex=ex9 dev=dev2 start=4533 now=2145) | => 时钟回退 | 优先级：类别>植入物>肾时效>肾下限>设备>质控>留观；半开区间恰相接合法
    diff_run_test.go:16: step=39 | Book(id=apt40 p=pat1 ex=ex2 dev=dev4 start=1169 now=1235) | => 时钟回退 | 优先级：类别>植入物>肾时效>肾下限>设备>质控>留观；半开区间恰相接合法
    diff_run_test.go:16: step=40 | RegisterDevice(id=dev5 class=1 fs=0) | => <nil> | CT 无场强；MR 场强为正整数
    diff_run_test.go:16: step=41 | Book(id=apt42 p=pat3 ex=ex6 dev=dev1 start=221 now=0) | => 时钟回退 | 优先级：类别>植入物>肾时效>肾下限>设备>质控>留观；半开区间恰相接合法
    diff_run_test.go:16: step=42 | RegisterPatient(id=pat7 hi=false noImp=false maxFS=30 allerg=false) | => <nil> | 患者确定风险等级、植入物场强上限与过敏史
    diff_run_test.go:16: step=43 | Cancel(apt=apt42 now=1428) | => 时钟回退 | 已签到/已取消不可取消；否则释放占用
    diff_run_test.go:16: step=44 | AddQC(dev=dev3 [150,211)) | => <nil> | 质控为日内半开区间，与每日重复模板求交
    diff_run_test.go:16: step=45 | Reschedule(apt=apt42 start=3580 dev="dev1" now=1521) | => 时钟回退 | 旧占用不阻挡自身；全条件重判；成功后水化/预处理作废
    diff_run_test.go:16: step=46 | AddQC(dev=dev2 [992,1036)) | => <nil> | 质控为日内半开区间，与每日重复模板求交
    diff_run_test.go:16: step=47 | RegisterPatient(id=pat8 hi=false noImp=true maxFS=0 allerg=true) | => <nil> | 患者确定风险等级、植入物场强上限与过敏史
    diff_run_test.go:16: step=48 | RegisterPatient(id=pat9 hi=true noImp=true maxFS=0 allerg=false) | => <nil> | 患者确定风险等级、植入物场强上限与过敏史
    diff_run_test.go:16: step=49 | Premed(apt=apt40 at=1368 now=1671) | => 时钟回退 | 仅已受理状态可登记；开始时刻不晚于 now
    diff_run_test.go:16: step=50 | Premed(apt=apt42 at=1450 now=1689) | => 时钟回退 | 仅已受理状态可登记；开始时刻不晚于 now
    diff_run_test.go:16: step=51 | Hydration(apt=apt18 at=2959 now=3187) | => 时钟回退 | 仅已受理状态可登记；开始时刻不晚于 now
    diff_run_test.go:16: step=52 | RegisterDevice(id=dev6 class=1 fs=0) | => <nil> | CT 无场强；MR 场强为正整数
    diff_run_test.go:16: step=53 | Hydration(apt=apt18 at=1591 now=1714) | => 时钟回退 | 仅已受理状态可登记；开始时刻不晚于 now
    diff_run_test.go:16: step=54 | RegisterPatient(id=pat10 hi=true noImp=true maxFS=0 allerg=false) | => <nil> | 患者确定风险等级、植入物场强上限与过敏史
    diff_run_test.go:16: step=55 | AddQC(dev=dev1 [325,408)) | => <nil> | 质控为日内半开区间，与每日重复模板求交
    diff_run_test.go:16: step=56 | Reschedule(apt=apt18 start=5233 dev="" now=1861) | => 时钟回退 | 旧占用不阻挡自身；全条件重判；成功后水化/预处理作废
    diff_run_test.go:16: step=57 | RegisterPatient(id=pat11 hi=true noImp=false maxFS=30 allerg=false) | => <nil> | 患者确定风险等级、植入物场强上限与过敏史
    diff_run_test.go:16: step=58 | Hydration(apt=apt40 at=1933 now=1946) | => 时钟回退 | 仅已受理状态可登记；开始时刻不晚于 now
    diff_run_test.go:16: step=59 | Hydration(apt=apt18 at=1639 now=1829) | => 时钟回退 | 仅已受理状态可登记；开始时刻不晚于 now
    diff_run_test.go:16: step=60 | AddQC(dev=dev0 [1170,1190)) | => <nil> | 质控为日内半开区间，与每日重复模板求交
    diff_run_test.go:16: step=61 | RecordKidney(p=pat2 v=65 at=1636 now=1961) | => 时钟回退 | 采样最晚、并列登记后者生效；now 必须单调
    diff_run_test.go:16: step=62 | RegisterPatient(id=pat12 hi=false noImp=true maxFS=0 allerg=false) | => <nil> | 患者确定风险等级、植入物场强上限与过敏史
    diff_run_test.go:16: step=63 | Premed(apt=apt39 at=1746 now=2035) | => 时钟回退 | 仅已受理状态可登记；开始时刻不晚于 now
    diff_run_test.go:16: step=64 | RegisterExamType(id=ex10 class=2 dur=35 enh=true) | => <nil> | 检查类型确定类别/时长/是否增强
    diff_run_test.go:16: step=65 | AddQC(dev=dev4 [337,425)) | => <nil> | 质控为日内半开区间，与每日重复模板求交
    diff_run_test.go:16: step=66 | AddQC(dev=dev1 [1026,1075)) | => <nil> | 质控为日内半开区间，与每日重复模板求交
    diff_run_test.go:16: step=67 | Book(id=apt68 p=pat0 ex=ex2 dev=dev1 start=509 now=269) | => 时钟回退 | 优先级：类别>植入物>肾时效>肾下限>设备>质控>留观；半开区间恰相接合法
    diff_run_test.go:16: step=68 | Premed(apt=apt68 at=1987 now=2210) | => 时钟回退 | 仅已受理状态可登记；开始时刻不晚于 now
    diff_run_test.go:16: step=69 | RegisterDevice(id=dev7 class=2 fs=15) | => <nil> | CT 无场强；MR 场强为正整数
    diff_run_test.go:16: step=70 | Premed(apt=apt40 at=1997 now=2173) | => 时钟回退 | 仅已受理状态可登记；开始时刻不晚于 now
    diff_run_test.go:16: step=71 | CheckIn(apt=apt40 now=2173) | => 时钟回退 | 窗口[start-30,start+15]；复核肾/水化/预处理，失败转需改期并释放
    diff_run_test.go:16: step=72 | Book(id=apt73 p=pat2 ex=ex8 dev=dev7 start=2403 now=2157) | => 时钟回退 | 优先级：类别>植入物>肾时效>肾下限>设备>质控>留观；半开区间恰相接合法
    diff_run_test.go:16: step=73 | RegisterExamType(id=ex11 class=2 dur=79 enh=false) | => <nil> | 检查类型确定类别/时长/是否增强
    diff_run_test.go:16: step=74 | RegisterExamType(id=ex12 class=2 dur=115 enh=true) | => <nil> | 检查类型确定类别/时长/是否增强
    diff_run_test.go:16: step=75 | Cancel(apt=apt40 now=2296) | => 时钟回退 | 已签到/已取消不可取消；否则释放占用
    diff_run_test.go:16: step=76 | Hydration(apt=apt39 at=2339 now=2459) | => 时钟回退 | 仅已受理状态可登记；开始时刻不晚于 now
    diff_run_test.go:16: step=77 | RegisterPatient(id=pat13 hi=false noImp=true maxFS=0 allerg=false) | => <nil> | 患者确定风险等级、植入物场强上限与过敏史
    diff_run_test.go:16: step=78 | Book(id=apt79 p=pat1 ex=ex9 dev=dev5 start=301 now=0) | => 时钟回退 | 优先级：类别>植入物>肾时效>肾下限>设备>质控>留观；半开区间恰相接合法
    diff_run_test.go:16: step=79 | AddQC(dev=dev6 [603,681)) | => <nil> | 质控为日内半开区间，与每日重复模板求交
    diff_run_test.go:16: step=80 | CheckIn(apt=apt39 now=2596) | => 时钟回退 | 窗口[start-30,start+15]；复核肾/水化/预处理，失败转需改期并释放
    diff_run_test.go:16: step=81 | RegisterPatient(id=pat14 hi=false noImp=true maxFS=0 allerg=true) | => <nil> | 患者确定风险等级、植入物场强上限与过敏史
    diff_run_test.go:16: step=82 | CheckIn(apt=apt73 now=2630) | => 时钟回退 | 窗口[start-30,start+15]；复核肾/水化/预处理，失败转需改期并释放
    diff_run_test.go:16: step=83 | Cancel(apt=apt39 now=2587) | => 时钟回退 | 已签到/已取消不可取消；否则释放占用
    diff_run_test.go:16: step=84 | RegisterDevice(id=dev8 class=1 fs=0) | => <nil> | CT 无场强；MR 场强为正整数
    diff_run_test.go:16: step=85 | CheckIn(apt=apt40 now=2661) | => 时钟回退 | 窗口[start-30,start+15]；复核肾/水化/预处理，失败转需改期并释放
    diff_run_test.go:16: step=86 | AddQC(dev=dev6 [692,698)) | => <nil> | 质控为日内半开区间，与每日重复模板求交
    diff_run_test.go:16: step=87 | AddQC(dev=dev2 [1152,1211)) | => <nil> | 质控为日内半开区间，与每日重复模板求交
    diff_run_test.go:16: step=88 | Book(id=apt89 p=pat11 ex=ex0 dev=dev7 start=2329 now=1848) | => 时钟回退 | 优先级：类别>植入物>肾时效>肾下限>设备>质控>留观；半开区间恰相接合法
    diff_run_test.go:16: step=89 | RegisterExamType(id=ex13 class=1 dur=25 enh=true) | => <nil> | 检查类型确定类别/时长/是否增强
    diff_run_test.go:16: step=90 | RegisterExamType(id=ex14 class=1 dur=55 enh=true) | => <nil> | 检查类型确定类别/时长/是否增强
    diff_run_test.go:16: step=91 | RegisterDevice(id=dev9 class=2 fs=15) | => <nil> | CT 无场强；MR 场强为正整数
    diff_run_test.go:16: step=92 | Book(id=apt93 p=pat2 ex=ex0 dev=dev6 start=969 now=3555) | => 时钟回退 | 优先级：类别>植入物>肾时效>肾下限>设备>质控>留观；半开区间恰相接合法
    diff_run_test.go:16: step=93 | AddQC(dev=dev5 [1146,1151)) | => <nil> | 质控为日内半开区间，与每日重复模板求交
    diff_run_test.go:16: step=94 | RegisterPatient(id=pat15 hi=true noImp=true maxFS=0 allerg=true) | => <nil> | 患者确定风险等级、植入物场强上限与过敏史
    diff_run_test.go:16: step=95 | Reschedule(apt=apt40 start=3866 dev="dev6" now=2922) | => 时钟回退 | 旧占用不阻挡自身；全条件重判；成功后水化/预处理作废
    diff_run_test.go:16: step=96 | Book(id=apt97 p=pat4 ex=ex1 dev=dev0 start=1493 now=1077) | => 时钟回退 | 优先级：类别>植入物>肾时效>肾下限>设备>质控>留观；半开区间恰相接合法
    diff_run_test.go:16: step=97 | Premed(apt=apt73 at=2685 now=2994) | => 时钟回退 | 仅已受理状态可登记；开始时刻不晚于 now
    diff_run_test.go:16: step=98 | Hydration(apt=apt73 at=2753 now=2982) | => 时钟回退 | 仅已受理状态可登记；开始时刻不晚于 now
    diff_run_test.go:16: step=99 | RegisterExamType(id=ex15 class=1 dur=62 enh=true) | => <nil> | 检查类型确定类别/时长/是否增强
    diff_run_test.go:16: step=100 | RegisterExamType(id=ex16 class=1 dur=66 enh=false) | => <nil> | 检查类型确定类别/时长/是否增强
    diff_run_test.go:16: step=101 | RegisterPatient(id=pat16 hi=false noImp=true maxFS=0 allerg=true) | => <nil> | 患者确定风险等级、植入物场强上限与过敏史
    diff_run_test.go:16: step=102 | AddQC(dev=dev0 [1169,1218)) | => <nil> | 质控为日内半开区间，与每日重复模板求交
    diff_run_test.go:16: step=103 | Cancel(apt=apt89 now=3166) | => 时钟回退 | 已签到/已取消不可取消；否则释放占用
    diff_run_test.go:16: step=104 | Cancel(apt=apt73 now=3234) | => 时钟回退 | 已签到/已取消不可取消；否则释放占用
    diff_run_test.go:16: step=105 | RecordKidney(p=pat4 v=66 at=3155 now=3350) | => 时钟回退 | 采样最晚、并列登记后者生效；now 必须单调
    diff_run_test.go:16: step=106 | Premed(apt=apt39 at=3189 now=3211) | => 时钟回退 | 仅已受理状态可登记；开始时刻不晚于 now
    diff_run_test.go:16: step=107 | CheckIn(apt=apt39 now=3438) | => 时钟回退 | 窗口[start-30,start+15]；复核肾/水化/预处理，失败转需改期并释放
    diff_run_test.go:16: step=108 | RegisterExamType(id=ex17 class=2 dur=88 enh=false) | => <nil> | 检查类型确定类别/时长/是否增强
    diff_run_test.go:16: step=109 | Book(id=apt110 p=pat14 ex=ex11 dev=dev3 start=2350 now=2096) | => 时钟回退 | 优先级：类别>植入物>肾时效>肾下限>设备>质控>留观；半开区间恰相接合法
    diff_run_test.go:16: step=110 | Book(id=apt111 p=pat11 ex=ex1 dev=dev5 start=2837 now=2466) | => 时钟回退 | 优先级：类别>植入物>肾时效>肾下限>设备>质控>留观；半开区间恰相接合法
    diff_run_test.go:16: step=111 | Reschedule(apt=apt68 start=4960 dev="dev7" now=3539) | => 时钟回退 | 旧占用不阻挡自身；全条件重判；成功后水化/预处理作废
    diff_run_test.go:16: step=112 | RegisterPatient(id=pat17 hi=true noImp=true maxFS=0 allerg=true) | => <nil> | 患者确定风险等级、植入物场强上限与过敏史
    diff_run_test.go:16: step=113 | RegisterDevice(id=dev10 class=2 fs=30) | => <nil> | CT 无场强；MR 场强为正整数
    diff_run_test.go:16: step=114 | RegisterExamType(id=ex18 class=2 dur=101 enh=false) | => <nil> | 检查类型确定类别/时长/是否增强
    diff_run_test.go:16: step=115 | RecordKidney(p=pat1 v=53 at=181 now=411) | => 时钟回退 | 采样最晚、并列登记后者生效；now 必须单调
    diff_run_test.go:16: step=116 | CheckIn(apt=apt42 now=3625) | => 时钟回退 | 窗口[start-30,start+15]；复核肾/水化/预处理，失败转需改期并释放
    diff_run_test.go:16: step=117 | RegisterExamType(id=ex19 class=1 dur=36 enh=false) | => <nil> | 检查类型确定类别/时长/是否增强
    diff_run_test.go:16: step=118 | Hydration(apt=apt40 at=3665 now=3726) | => 时钟回退 | 仅已受理状态可登记；开始时刻不晚于 now
    diff_run_test.go:16: step=119 | Reschedule(apt=apt89 start=3171 dev="" now=3653) | => 时钟回退 | 旧占用不阻挡自身；全条件重判；成功后水化/预处理作废
    diff_run_test.go:16: step=0 | RegisterDevice(id=dev0 class=1 fs=0) | => <nil> | CT 无场强；MR 场强为正整数
    diff_run_test.go:16: step=1 | RegisterDevice(id=dev1 class=2 fs=70) | => <nil> | CT 无场强；MR 场强为正整数
    diff_run_test.go:16: step=2 | RegisterDevice(id=dev2 class=1 fs=0) | => <nil> | CT 无场强；MR 场强为正整数
    diff_run_test.go:16: step=3 | RegisterDevice(id=dev2 class=1 fs=0) | => 参数非法 | CT 无场强；MR 场强为正整数
    diff_run_test.go:16: step=4 | RegisterExamType(id=ex0 class=2 dur=132 enh=false) | => <nil> | 检查类型确定类别/时长/是否增强
    diff_run_test.go:16: step=5 | RegisterExamType(id=ex1 class=1 dur=81 enh=true) | => <nil> | 检查类型确定类别/时长/是否增强
    diff_run_test.go:16: step=6 | RegisterExamType(id=ex2 class=2 dur=67 enh=true) | => <nil> | 检查类型确定类别/时长/是否增强
    diff_run_test.go:16: step=7 | RegisterExamType(id=ex3 class=1 dur=49 enh=false) | => <nil> | 检查类型确定类别/时长/是否增强
    diff_run_test.go:16: step=8 | RegisterExamType(id=ex4 class=2 dur=123 enh=false) | => <nil> | 检查类型确定类别/时长/是否增强
    diff_run_test.go:16: step=9 | RegisterExamType(id=ex5 class=2 dur=66 enh=true) | => <nil> | 检查类型确定类别/时长/是否增强
    diff_run_test.go:16: step=10 | RegisterPatient(id=pat0 hi=true noImp=false maxFS=15 allerg=false) | => <nil> | 患者确定风险等级、植入物场强上限与过敏史
    diff_run_test.go:16: step=11 | RegisterPatient(id=pat1 hi=true noImp=false maxFS=15 allerg=false) | => <nil> | 患者确定风险等级、植入物场强上限与过敏史
    diff_run_test.go:16: step=12 | RegisterPatient(id=pat2 hi=false noImp=false maxFS=70 allerg=true) | => <nil> | 患者确定风险等级、植入物场强上限与过敏史
    diff_run_test.go:16: step=13 | RegisterPatient(id=pat3 hi=false noImp=true maxFS=0 allerg=false) | => <nil> | 患者确定风险等级、植入物场强上限与过敏史
    diff_run_test.go:16: step=14 | RegisterPatient(id=pat4 hi=false noImp=true maxFS=0 allerg=true) | => <nil> | 患者确定风险等级、植入物场强上限与过敏史
    diff_run_test.go:16: step=15 | RegisterPatient(id=pat5 hi=false noImp=false maxFS=70 allerg=true) | => <nil> | 患者确定风险等级、植入物场强上限与过敏史
    diff_run_test.go:16: step=16 | Premed(apt=ghost at=325 now=447) | => 对象不存在 | 仅已受理状态可登记；开始时刻不晚于 now
    diff_run_test.go:16: step=17 | Reschedule(apt=ghost start=4553 dev="dev1" now=721) | => 对象不存在 | 旧占用不阻挡自身；全条件重判；成功后水化/预处理作废
    diff_run_test.go:16: step=18 | Book(id=apt19 p=pat5 ex=ex2 dev=dev1 start=4958 now=4903) | => 结果缺失或过期 | 优先级：类别>植入物>肾时效>肾下限>设备>质控>留观；半开区间恰相接合法
    diff_run_test.go:16: step=19 | RegisterExamType(id=ex6 class=2 dur=87 enh=true) | => <nil> | 检查类型确定类别/时长/是否增强
    diff_run_test.go:16: step=20 | RecordKidney(p=pat5 v=22 at=770 now=823) | => <nil> | 采样最晚、并列登记后者生效；now 必须单调
    diff_run_test.go:16: step=21 | Premed(apt=apt19 at=604 now=770) | => 时钟回退 | 仅已受理状态可登记；开始时刻不晚于 now
    diff_run_test.go:16: step=22 | Premed(apt=apt19 at=699 now=832) | => 对象不存在 | 仅已受理状态可登记；开始时刻不晚于 now
    diff_run_test.go:16: step=23 | RegisterDevice(id=dev4 class=1 fs=0) | => <nil> | CT 无场强；MR 场强为正整数
    diff_run_test.go:16: step=24 | Hydration(apt=apt19 at=534 now=808) | => 时钟回退 | 仅已受理状态可登记；开始时刻不晚于 now
    diff_run_test.go:16: step=25 | Cancel(apt=apt19 now=941) | => 对象不存在 | 已签到/已取消不可取消；否则释放占用
    diff_run_test.go:16: step=26 | RegisterDevice(id=dev5 class=2 fs=70) | => <nil> | CT 无场强；MR 场强为正整数
    diff_run_test.go:16: step=27 | Book(id=apt28 p=pat4 ex=ex2 dev=dev5 start=5819 now=5545) | => 结果缺失或过期 | 优先级：类别>植入物>肾时效>肾下限>设备>质控>留观；半开区间恰相接合法
    diff_run_test.go:16: step=28 | Premed(apt=apt28 at=910 now=923) | => 对象不存在 | 仅已受理状态可登记；开始时刻不晚于 now
    diff_run_test.go:16: step=29 | RegisterPatient(id=pat6 hi=true noImp=true maxFS=0 allerg=false) | => <nil> | 患者确定风险等级、植入物场强上限与过敏史
    diff_run_test.go:16: step=30 | AddQC(dev=dev2 [504,562)) | => <nil> | 质控为日内半开区间，与每日重复模板求交
    diff_run_test.go:16: step=31 | Book(id=apt32 p=pat0 ex=ex1 dev=dev4 start=1295 now=3116) | => 结果缺失或过期 | 优先级：类别>植入物>肾时效>肾下限>设备>质控>留观；半开区间恰相接合法
    diff_run_test.go:16: step=32 | AddQC(dev=dev3 [290,388)) | => 对象不存在 | 质控为日内半开区间，与每日重复模板求交
    diff_run_test.go:16: step=33 | RegisterExamType(id=ex7 class=1 dur=135 enh=true) | => <nil> | 检查类型确定类别/时长/是否增强
    diff_run_test.go:16: step=34 | RecordKidney(p=pat0 v=24 at=861 now=1103) | => <nil> | 采样最晚、并列登记后者生效；now 必须单调
    diff_run_test.go:16: step=35 | RegisterPatient(id=pat7 hi=true noImp=false maxFS=30 allerg=true) | => <nil> | 患者确定风险等级、植入物场强上限与过敏史
    diff_run_test.go:16: step=36 | AddQC(dev=dev5 [838,910)) | => <nil> | 质控为日内半开区间，与每日重复模板求交
    diff_run_test.go:16: step=37 | RegisterPatient(id=pat8 hi=false noImp=true maxFS=0 allerg=false) | => <nil> | 患者确定风险等级、植入物场强上限与过敏史
    diff_run_test.go:16: step=38 | RegisterDevice(id=dev6 class=1 fs=0) | => <nil> | CT 无场强；MR 场强为正整数
    diff_run_test.go:16: step=39 | Book(id=apt40 p=pat6 ex=ex3 dev=dev6 start=622 now=251) | => 时钟回退 | 优先级：类别>植入物>肾时效>肾下限>设备>质控>留观；半开区间恰相接合法
    diff_run_test.go:16: step=40 | RegisterPatient(id=pat9 hi=false noImp=false maxFS=15 allerg=true) | => <nil> | 患者确定风险等级、植入物场强上限与过敏史
    diff_run_test.go:16: step=41 | RegisterExamType(id=ex8 class=1 dur=87 enh=false) | => <nil> | 检查类型确定类别/时长/是否增强
    diff_run_test.go:16: step=42 | Book(id=apt43 p=pat2 ex=ex0 dev=dev2 start=3478 now=2757) | => 设备类别不符 | 优先级：类别>植入物>肾时效>肾下限>设备>质控>留观；半开区间恰相接合法
    diff_run_test.go:16: step=43 | Premed(apt=apt28 at=1222 now=1432) | => 对象不存在 | 仅已受理状态可登记；开始时刻不晚于 now
    diff_run_test.go:16: step=44 | RegisterDevice(id=dev7 class=1 fs=0) | => <nil> | CT 无场强；MR 场强为正整数
    diff_run_test.go:16: step=45 | RegisterDevice(id=dev8 class=1 fs=0) | => <nil> | CT 无场强；MR 场强为正整数
    diff_run_test.go:16: step=46 | Premed(apt=apt43 at=2491 now=2616) | => 对象不存在 | 仅已受理状态可登记；开始时刻不晚于 now
    diff_run_test.go:16: step=47 | RegisterExamType(id=ex9 class=1 dur=86 enh=true) | => <nil> | 检查类型确定类别/时长/是否增强
    diff_run_test.go:16: step=48 | Premed(apt=apt43 at=1291 now=1657) | => 对象不存在 | 仅已受理状态可登记；开始时刻不晚于 now
    diff_run_test.go:16: step=49 | CheckIn(apt=apt19 now=1672) | => 对象不存在 | 窗口[start-30,start+15]；复核肾/水化/预处理，失败转需改期并释放
    diff_run_test.go:16: step=50 | RegisterPatient(id=pat10 hi=false noImp=true maxFS=0 allerg=false) | => <nil> | 患者确定风险等级、植入物场强上限与过敏史
    diff_run_test.go:16: step=51 | Book(id=apt52 p=pat1 ex=ex6 dev=dev8 start=3565 now=3554) | => 设备类别不符 | 优先级：类别>植入物>肾时效>肾下限>设备>质控>留观；半开区间恰相接合法
    diff_run_test.go:16: step=52 | CheckIn(apt=apt43 now=3484) | => 对象不存在 | 窗口[start-30,start+15]；复核肾/水化/预处理，失败转需改期并释放
    diff_run_test.go:16: step=53 | CheckIn(apt=apt32 now=1719) | => 对象不存在 | 窗口[start-30,start+15]；复核肾/水化/预处理，失败转需改期并释放
    diff_run_test.go:16: step=54 | Book(id=apt55 p=pat7 ex=ex4 dev=dev1 start=3564 now=3291) | => 植入物不兼容 | 优先级：类别>植入物>肾时效>肾下限>设备>质控>留观；半开区间恰相接合法
    diff_run_test.go:16: step=55 | RegisterPatient(id=pat11 hi=true noImp=false maxFS=15 allerg=false) | => <nil> | 患者确定风险等级、植入物场强上限与过敏史
    diff_run_test.go:16: step=56 | Reschedule(apt=apt32 start=5223 dev="" now=1721) | => 对象不存在 | 旧占用不阻挡自身；全条件重判；成功后水化/预处理作废
    diff_run_test.go:16: step=57 | RecordKidney(p=pat10 v=10 at=82 now=383) | => 时钟回退 | 采样最晚、并列登记后者生效；now 必须单调
    diff_run_test.go:16: step=58 | Cancel(apt=apt32 now=1870) | => 对象不存在 | 已签到/已取消不可取消；否则释放占用
    diff_run_test.go:16: step=59 | Hydration(apt=apt28 at=1631 now=1884) | => 对象不存在 | 仅已受理状态可登记；开始时刻不晚于 now
    diff_run_test.go:16: step=60 | RegisterDevice(id=dev9 class=2 fs=70) | => <nil> | CT 无场强；MR 场强为正整数
    diff_run_test.go:16: step=61 | Hydration(apt=apt55 at=1744 now=2009) | => 对象不存在 | 仅已受理状态可登记；开始时刻不晚于 now
    diff_run_test.go:16: step=62 | RegisterDevice(id=dev10 class=1 fs=0) | => <nil> | CT 无场强；MR 场强为正整数
    diff_run_test.go:16: step=63 | RecordKidney(p=pat6 v=16 at=1775 now=2003) | => <nil> | 采样最晚、并列登记后者生效；now 必须单调
    diff_run_test.go:16: step=64 | RegisterExamType(id=ex10 class=1 dur=130 enh=false) | => <nil> | 检查类型确定类别/时长/是否增强
    diff_run_test.go:16: step=65 | RecordKidney(p=pat4 v=19 at=1863 now=2094) | => <nil> | 采样最晚、并列登记后者生效；now 必须单调
    diff_run_test.go:16: step=66 | CheckIn(apt=apt28 now=2146) | => 对象不存在 | 窗口[start-30,start+15]；复核肾/水化/预处理，失败转需改期并释放
    diff_run_test.go:16: step=67 | Book(id=apt68 p=pat11 ex=ex9 dev=dev3 start=4451 now=4000) | => 对象不存在 | 优先级：类别>植入物>肾时效>肾下限>设备>质控>留观；半开区间恰相接合法
    diff_run_test.go:16: step=68 | RegisterDevice(id=dev11 class=1 fs=0) | => <nil> | CT 无场强；MR 场强为正整数
    diff_run_test.go:16: step=69 | Book(id=apt70 p=pat11 ex=ex10 dev=dev2 start=4368 now=4088) | => <nil> | 优先级：类别>植入物>肾时效>肾下限>设备>质控>留观；半开区间恰相接合法
    diff_run_test.go:16: step=70 | Reschedule(apt=apt68 start=1622 dev="dev10" now=977) | => 时钟回退 | 旧占用不阻挡自身；全条件重判；成功后水化/预处理作废
    diff_run_test.go:16: step=71 | Book(id=apt72 p=pat7 ex=ex5 dev=dev1 start=2443 now=2409) | => 时钟回退 | 优先级：类别>植入物>肾时效>肾下限>设备>质控>留观；半开区间恰相接合法
    diff_run_test.go:16: step=72 | CheckIn(apt=apt32 now=2377) | => 时钟回退 | 窗口[start-30,start+15]；复核肾/水化/预处理，失败转需改期并释放
    diff_run_test.go:16: step=73 | AddQC(dev=dev9 [245,357)) | => <nil> | 质控为日内半开区间，与每日重复模板求交
    diff_run_test.go:16: step=74 | CheckIn(apt=apt19 now=2327) | => 时钟回退 | 窗口[start-30,start+15]；复核肾/水化/预处理，失败转需改期并释放
    diff_run_test.go:16: step=75 | Premed(apt=apt68 at=2014 now=2394) | => 时钟回退 | 仅已受理状态可登记；开始时刻不晚于 now
    diff_run_test.go:16: step=76 | Premed(apt=apt43 at=2102 now=2499) | => 时钟回退 | 仅已受理状态可登记；开始时刻不晚于 now
    diff_run_test.go:16: step=77 | RegisterExamType(id=ex11 class=2 dur=45 enh=false) | => <nil> | 检查类型确定类别/时长/是否增强
    diff_run_test.go:16: step=78 | Premed(apt=apt55 at=2475 now=2479) | => 时钟回退 | 仅已受理状态可登记；开始时刻不晚于 now
    diff_run_test.go:16: step=79 | Hydration(apt=apt55 at=2581 now=2582) | => 时钟回退 | 仅已受理状态可登记；开始时刻不晚于 now
    diff_run_test.go:16: step=80 | CheckIn(apt=apt68 now=2476) | => 时钟回退 | 窗口[start-30,start+15]；复核肾/水化/预处理，失败转需改期并释放
    diff_run_test.go:16: step=81 | RegisterDevice(id=dev12 class=2 fs=15) | => <nil> | CT 无场强；MR 场强为正整数
    diff_run_test.go:16: step=82 | RegisterPatient(id=pat12 hi=false noImp=false maxFS=30 allerg=false) | => <nil> | 患者确定风险等级、植入物场强上限与过敏史
    diff_run_test.go:16: step=83 | RegisterExamType(id=ex12 class=2 dur=71 enh=false) | => <nil> | 检查类型确定类别/时长/是否增强
    diff_run_test.go:16: step=84 | RegisterPatient(id=pat13 hi=false noImp=false maxFS=70 allerg=false) | => <nil> | 患者确定风险等级、植入物场强上限与过敏史
    diff_run_test.go:16: step=85 | AddQC(dev=dev10 [899,918)) | => <nil> | 质控为日内半开区间，与每日重复模板求交
    diff_run_test.go:16: step=86 | Premed(apt=apt55 at=2797 now=2799) | => 时钟回退 | 仅已受理状态可登记；开始时刻不晚于 now
    diff_run_test.go:16: step=87 | Book(id=apt88 p=pat6 ex=ex2 dev=dev3 start=3774 now=4878) | => 对象不存在 | 优先级：类别>植入物>肾时效>肾下限>设备>质控>留观；半开区间恰相接合法
    diff_run_test.go:16: step=88 | AddQC(dev=dev7 [805,849)) | => <nil> | 质控为日内半开区间，与每日重复模板求交
    diff_run_test.go:16: step=89 | Book(id=apt90 p=pat0 ex=ex8 dev=dev12 start=4271 now=4049) | => 时钟回退 | 优先级：类别>植入物>肾时效>肾下限>设备>质控>留观；半开区间恰相接合法
    diff_run_test.go:16: step=90 | RegisterExamType(id=ex13 class=1 dur=49 enh=false) | => <nil> | 检查类型确定类别/时长/是否增强
    diff_run_test.go:16: step=91 | Reschedule(apt=apt40 start=1884 dev="dev9" now=2788) | => 时钟回退 | 旧占用不阻挡自身；全条件重判；成功后水化/预处理作废
    diff_run_test.go:16: step=92 | RecordKidney(p=pat7 v=20 at=2697 now=2959) | => 时钟回退 | 采样最晚、并列登记后者生效；now 必须单调
    diff_run_test.go:16: step=93 | Reschedule(apt=apt32 start=5119 dev="dev1" now=2891) | => 时钟回退 | 旧占用不阻挡自身；全条件重判；成功后水化/预处理作废
    diff_run_test.go:16: step=94 | RecordKidney(p=pat10 v=24 at=3213 now=3265) | => 时钟回退 | 采样最晚、并列登记后者生效；now 必须单调
    diff_run_test.go:16: step=95 | Book(id=apt96 p=pat1 ex=ex8 dev=dev3 start=2329 now=2277) | => 时钟回退 | 优先级：类别>植入物>肾时效>肾下限>设备>质控>留观；半开区间恰相接合法
    diff_run_test.go:16: step=96 | Book(id=apt97 p=pat11 ex=ex4 dev=dev3 start=811 now=715) | => 时钟回退 | 优先级：类别>植入物>肾时效>肾下限>设备>质控>留观；半开区间恰相接合法
    diff_run_test.go:16: step=97 | Cancel(apt=apt40 now=3023) | => 时钟回退 | 已签到/已取消不可取消；否则释放占用
    diff_run_test.go:16: step=98 | Book(id=apt99 p=pat1 ex=ex12 dev=dev9 start=1871 now=1736) | => 时钟回退 | 优先级：类别>植入物>肾时效>肾下限>设备>质控>留观；半开区间恰相接合法
    diff_run_test.go:16: step=99 | RecordKidney(p=pat0 v=70 at=2817 now=3007) | => 时钟回退 | 采样最晚、并列登记后者生效；now 必须单调
    diff_run_test.go:16: step=100 | Reschedule(apt=apt99 start=3683 dev="dev12" now=3056) | => 时钟回退 | 旧占用不阻挡自身；全条件重判；成功后水化/预处理作废
    diff_run_test.go:16: step=101 | Book(id=apt102 p=pat10 ex=ex6 dev=dev1 start=5547 now=5465) | => 结果缺失或过期 | 优先级：类别>植入物>肾时效>肾下限>设备>质控>留观；半开区间恰相接合法
    diff_run_test.go:16: step=102 | CheckIn(apt=apt19 now=3170) | => 时钟回退 | 窗口[start-30,start+15]；复核肾/水化/预处理，失败转需改期并释放
    diff_run_test.go:16: step=103 | Cancel(apt=apt19 now=3291) | => 时钟回退 | 已签到/已取消不可取消；否则释放占用
    diff_run_test.go:16: step=104 | Premed(apt=apt102 at=3114 now=3301) | => 时钟回退 | 仅已受理状态可登记；开始时刻不晚于 now
    diff_run_test.go:16: step=105 | AddQC(dev=dev7 [525,553)) | => <nil> | 质控为日内半开区间，与每日重复模板求交
    diff_run_test.go:16: step=106 | Book(id=apt107 p=pat5 ex=ex0 dev=dev9 start=508 now=41) | => 时钟回退 | 优先级：类别>植入物>肾时效>肾下限>设备>质控>留观；半开区间恰相接合法
    diff_run_test.go:16: step=107 | Hydration(apt=apt68 at=3123 now=3385) | => 时钟回退 | 仅已受理状态可登记；开始时刻不晚于 now
    diff_run_test.go:16: step=108 | Book(id=apt109 p=pat4 ex=ex10 dev=dev0 start=5623 now=5368) | => <nil> | 优先级：类别>植入物>肾时效>肾下限>设备>质控>留观；半开区间恰相接合法
    diff_run_test.go:16: step=109 | Book(id=apt110 p=pat12 ex=ex6 dev=dev2 start=2909 now=2491) | => 时钟回退 | 优先级：类别>植入物>肾时效>肾下限>设备>质控>留观；半开区间恰相接合法
    diff_run_test.go:16: step=110 | Book(id=apt111 p=pat12 ex=ex11 dev=dev9 start=576 now=82) | => 时钟回退 | 优先级：类别>植入物>肾时效>肾下限>设备>质控>留观；半开区间恰相接合法
    diff_run_test.go:16: step=111 | Book(id=apt112 p=pat7 ex=ex9 dev=dev3 start=1339 now=1048) | => 时钟回退 | 优先级：类别>植入物>肾时效>肾下限>设备>质控>留观；半开区间恰相接合法
    diff_run_test.go:16: step=112 | Hydration(apt=apt112 at=3386 now=3415) | => 时钟回退 | 仅已受理状态可登记；开始时刻不晚于 now
    diff_run_test.go:16: step=113 | Cancel(apt=apt72 now=3525) | => 时钟回退 | 已签到/已取消不可取消；否则释放占用
    diff_run_test.go:16: step=114 | RegisterExamType(id=ex14 class=1 dur=88 enh=false) | => <nil> | 检查类型确定类别/时长/是否增强
    diff_run_test.go:16: step=115 | Reschedule(apt=apt110 start=2058 dev="" now=3641) | => 时钟回退 | 旧占用不阻挡自身；全条件重判；成功后水化/预处理作废
    diff_run_test.go:16: step=116 | CheckIn(apt=apt40 now=2580) | => 时钟回退 | 窗口[start-30,start+15]；复核肾/水化/预处理，失败转需改期并释放
    diff_run_test.go:16: step=117 | Book(id=apt118 p=pat11 ex=ex11 dev=dev5 start=1320 now=876) | => 时钟回退 | 优先级：类别>植入物>肾时效>肾下限>设备>质控>留观；半开区间恰相接合法
    diff_run_test.go:16: step=118 | Hydration(apt=apt43 at=3644 now=3659) | => 时钟回退 | 仅已受理状态可登记；开始时刻不晚于 now
    diff_run_test.go:16: step=119 | Premed(apt=apt118 at=2328 now=2404) | => 时钟回退 | 仅已受理状态可登记；开始时刻不晚于 now
    diff_run_test.go:16: step=0 | RegisterDevice(id=dev0 class=1 fs=0) | => <nil> | CT 无场强；MR 场强为正整数
    diff_run_test.go:16: step=1 | RegisterDevice(id=dev1 class=2 fs=70) | => <nil> | CT 无场强；MR 场强为正整数
    diff_run_test.go:16: step=2 | RegisterDevice(id=dev2 class=1 fs=0) | => <nil> | CT 无场强；MR 场强为正整数
    diff_run_test.go:16: step=3 | RegisterDevice(id=dev3 class=2 fs=70) | => <nil> | CT 无场强；MR 场强为正整数
    diff_run_test.go:16: step=4 | RegisterExamType(id=ex0 class=2 dur=113 enh=true) | => <nil> | 检查类型确定类别/时长/是否增强
    diff_run_test.go:16: step=5 | RegisterExamType(id=ex1 class=2 dur=24 enh=true) | => <nil> | 检查类型确定类别/时长/是否增强
    diff_run_test.go:16: step=6 | RegisterExamType(id=ex2 class=1 dur=73 enh=false) | => <nil> | 检查类型确定类别/时长/是否增强
    diff_run_test.go:16: step=7 | RegisterExamType(id=ex3 class=1 dur=26 enh=true) | => <nil> | 检查类型确定类别/时长/是否增强
    diff_run_test.go:16: step=8 | RegisterExamType(id=ex4 class=1 dur=51 enh=false) | => <nil> | 检查类型确定类别/时长/是否增强
    diff_run_test.go:16: step=9 | RegisterExamType(id=ex5 class=2 dur=42 enh=true) | => <nil> | 检查类型确定类别/时长/是否增强
    diff_run_test.go:16: step=10 | RegisterPatient(id=pat0 hi=true noImp=true maxFS=0 allerg=false) | => <nil> | 患者确定风险等级、植入物场强上限与过敏史
    diff_run_test.go:16: step=11 | RegisterPatient(id=pat1 hi=true noImp=false maxFS=70 allerg=false) | => <nil> | 患者确定风险等级、植入物场强上限与过敏史
    diff_run_test.go:16: step=12 | RegisterPatient(id=pat2 hi=false noImp=true maxFS=0 allerg=false) | => <nil> | 患者确定风险等级、植入物场强上限与过敏史
    diff_run_test.go:16: step=13 | RegisterPatient(id=pat3 hi=false noImp=false maxFS=70 allerg=false) | => <nil> | 患者确定风险等级、植入物场强上限与过敏史
    diff_run_test.go:16: step=14 | RegisterPatient(id=pat4 hi=true noImp=true maxFS=0 allerg=false) | => <nil> | 患者确定风险等级、植入物场强上限与过敏史
    diff_run_test.go:16: step=15 | RegisterPatient(id=pat5 hi=false noImp=false maxFS=70 allerg=false) | => <nil> | 患者确定风险等级、植入物场强上限与过敏史
    diff_run_test.go:16: step=16 | AddQC(dev=dev0 [329,433)) | => <nil> | 质控为日内半开区间，与每日重复模板求交
    diff_run_test.go:16: step=17 | Cancel(apt=ghost now=707) | => 对象不存在 | 已签到/已取消不可取消；否则释放占用
    diff_run_test.go:16: step=18 | Premed(apt=ghost at=339 now=621) | => 对象不存在 | 仅已受理状态可登记；开始时刻不晚于 now
    diff_run_test.go:16: step=19 | Book(id=apt20 p=pat0 ex=ex0 dev=dev0 start=1977 now=2600) | => 设备类别不符 | 优先级：类别>植入物>肾时效>肾下限>设备>质控>留观；半开区间恰相接合法
    diff_run_test.go:16: step=20 | Reschedule(apt=apt20 start=6041 dev="" now=4631) | => 对象不存在 | 旧占用不阻挡自身；全条件重判；成功后水化/预处理作废
    diff_run_test.go:16: step=21 | RecordKidney(p=pat3 v=81 at=676 now=779) | => <nil> | 采样最晚、并列登记后者生效；now 必须单调
    diff_run_test.go:16: step=22 | Cancel(apt=apt20 now=748) | => 时钟回退 | 已签到/已取消不可取消；否则释放占用
    diff_run_test.go:16: step=23 | CheckIn(apt=apt20 now=919) | => 对象不存在 | 窗口[start-30,start+15]；复核肾/水化/预处理，失败转需改期并释放
    diff_run_test.go:16: step=24 | RegisterPatient(id=pat6 hi=true noImp=false maxFS=30 allerg=false) | => <nil> | 患者确定风险等级、植入物场强上限与过敏史
    diff_run_test.go:16: step=25 | Premed(apt=apt20 at=906 now=954) | => 对象不存在 | 仅已受理状态可登记；开始时刻不晚于 now
    diff_run_test.go:16: step=26 | Hydration(apt=apt20 at=737 now=815) | => 对象不存在 | 仅已受理状态可登记；开始时刻不晚于 now
    diff_run_test.go:16: step=27 | RegisterExamType(id=ex6 class=1 dur=125 enh=false) | => <nil> | 检查类型确定类别/时长/是否增强
    diff_run_test.go:16: step=28 | RegisterPatient(id=pat7 hi=true noImp=true maxFS=0 allerg=false) | => <nil> | 患者确定风险等级、植入物场强上限与过敏史
    diff_run_test.go:16: step=29 | Hydration(apt=apt20 at=733 now=903) | => 对象不存在 | 仅已受理状态可登记；开始时刻不晚于 now
    diff_run_test.go:16: step=30 | RecordKidney(p=pat6 v=22 at=793 now=1034) | => <nil> | 采样最晚、并列登记后者生效；now 必须单调
    diff_run_test.go:16: step=31 | RecordKidney(p=pat1 v=20 at=619 now=966) | => 时钟回退 | 采样最晚、并列登记后者生效；now 必须单调
    diff_run_test.go:16: step=32 | Hydration(apt=apt20 at=868 now=1137) | => 对象不存在 | 仅已受理状态可登记；开始时刻不晚于 now
    diff_run_test.go:16: step=33 | AddQC(dev=dev0 [582,680)) | => <nil> | 质控为日内半开区间，与每日重复模板求交
    diff_run_test.go:16: step=34 | RegisterExamType(id=ex7 class=1 dur=95 enh=true) | => <nil> | 检查类型确定类别/时长/是否增强
    diff_run_test.go:16: step=35 | Book(id=apt36 p=pat0 ex=ex6 dev=dev0 start=2578 now=4665) | => <nil> | 优先级：类别>植入物>肾时效>肾下限>设备>质控>留观；半开区间恰相接合法
    diff_run_test.go:16: step=36 | Hydration(apt=apt20 at=914 now=1149) | => 时钟回退 | 仅已受理状态可登记；开始时刻不晚于 now
    diff_run_test.go:16: step=37 | Hydration(apt=apt36 at=1015 now=1173) | => 时钟回退 | 仅已受理状态可登记；开始时刻不晚于 now
    diff_run_test.go:16: step=38 | Reschedule(apt=apt36 start=5334 dev="" now=1246) | => 时钟回退 | 旧占用不阻挡自身；全条件重判；成功后水化/预处理作废
    diff_run_test.go:16: step=39 | Book(id=apt40 p=pat6 ex=ex4 dev=dev2 start=2265 now=344) | => 时钟回退 | 优先级：类别>植入物>肾时效>肾下限>设备>质控>留观；半开区间恰相接合法
    diff_run_test.go:16: step=40 | Reschedule(apt=apt20 start=3387 dev="dev1" now=1337) | => 时钟回退 | 旧占用不阻挡自身；全条件重判；成功后水化/预处理作废
    diff_run_test.go:16: step=41 | Premed(apt=apt20 at=3068 now=3438) | => 时钟回退 | 仅已受理状态可登记；开始时刻不晚于 now
    diff_run_test.go:16: step=42 | Book(id=apt43 p=pat7 ex=ex4 dev=dev2 start=5702 now=5549) | => <nil> | 优先级：类别>植入物>肾时效>肾下限>设备>质控>留观；半开区间恰相接合法
    diff_run_test.go:16: step=43 | Premed(apt=apt43 at=1189 now=1511) | => 时钟回退 | 仅已受理状态可登记；开始时刻不晚于 now
    diff_run_test.go:16: step=44 | Book(id=apt45 p=pat3 ex=ex0 dev=dev1 start=1858 now=3726) | => 时钟回退 | 优先级：类别>植入物>肾时效>肾下限>设备>质控>留观；半开区间恰相接合法
    diff_run_test.go:16: step=45 | Book(id=apt46 p=pat6 ex=ex1 dev=dev1 start=395 now=5) | => 时钟回退 | 优先级：类别>植入物>肾时效>肾下限>设备>质控>留观；半开区间恰相接合法
    diff_run_test.go:16: step=46 | AddQC(dev=dev3 [162,262)) | => <nil> | 质控为日内半开区间，与每日重复模板求交
    diff_run_test.go:16: step=47 | RegisterPatient(id=pat8 hi=true noImp=true maxFS=0 allerg=true) | => <nil> | 患者确定风险等级、植入物场强上限与过敏史
    diff_run_test.go:16: step=48 | Book(id=apt49 p=pat4 ex=ex4 dev=dev0 start=2050 now=1615) | => 时钟回退 | 优先级：类别>植入物>肾时效>肾下限>设备>质控>留观；半开区间恰相接合法
    diff_run_test.go:16: step=49 | Premed(apt=apt20 at=1443 now=1671) | => 时钟回退 | 仅已受理状态可登记；开始时刻不晚于 now
    diff_run_test.go:16: step=50 | Book(id=apt51 p=pat8 ex=ex1 dev=dev1 start=4388 now=3949) | => 时钟回退 | 优先级：类别>植入物>肾时效>肾下限>设备>质控>留观；半开区间恰相接合法
    diff_run_test.go:16: step=51 | Book(id=apt52 p=pat4 ex=ex5 dev=dev2 start=5630 now=5311) | => 时钟回退 | 优先级：类别>植入物>肾时效>肾下限>设备>质控>留观；半开区间恰相接合法
    diff_run_test.go:16: step=52 | CheckIn(apt=apt43 now=1711) | => 时钟回退 | 窗口[start-30,start+15]；复核肾/水化/预处理，失败转需改期并释放
    diff_run_test.go:16: step=53 | CheckIn(apt=apt45 now=1702) | => 时钟回退 | 窗口[start-30,start+15]；复核肾/水化/预处理，失败转需改期并释放
    diff_run_test.go:16: step=54 | Reschedule(apt=apt43 start=3416 dev="" now=1091) | => 时钟回退 | 旧占用不阻挡自身；全条件重判；成功后水化/预处理作废
    diff_run_test.go:16: step=55 | Premed(apt=apt43 at=1498 now=1872) | => 时钟回退 | 仅已受理状态可登记；开始时刻不晚于 now
    diff_run_test.go:16: step=56 | AddQC(dev=dev2 [1188,1249)) | => <nil> | 质控为日内半开区间，与每日重复模板求交
    diff_run_test.go:16: step=57 | RegisterExamType(id=ex8 class=2 dur=67 enh=true) | => <nil> | 检查类型确定类别/时长/是否增强
    diff_run_test.go:16: step=58 | RegisterExamType(id=ex9 class=1 dur=136 enh=false) | => <nil> | 检查类型确定类别/时长/是否增强
    diff_run_test.go:16: step=59 | Premed(apt=apt43 at=3889 now=4019) | => 时钟回退 | 仅已受理状态可登记；开始时刻不晚于 now
    diff_run_test.go:16: step=60 | Premed(apt=apt46 at=1994 now=2011) | => 时钟回退 | 仅已受理状态可登记；开始时刻不晚于 now
    diff_run_test.go:16: step=61 | AddQC(dev=dev2 [896,943)) | => <nil> | 质控为日内半开区间，与每日重复模板求交
    diff_run_test.go:16: step=62 | Cancel(apt=apt49 now=1926) | => 时钟回退 | 已签到/已取消不可取消；否则释放占用
    diff_run_test.go:16: step=63 | RegisterExamType(id=ex10 class=1 dur=125 enh=false) | => <nil> | 检查类型确定类别/时长/是否增强
    diff_run_test.go:16: step=64 | RegisterPatient(id=pat9 hi=false noImp=false maxFS=15 allerg=false) | => <nil> | 患者确定风险等级、植入物场强上限与过敏史
    diff_run_test.go:16: step=65 | RegisterExamType(id=ex11 class=2 dur=84 enh=false) | => <nil> | 检查类型确定类别/时长/是否增强
    diff_run_test.go:16: step=66 | Premed(apt=apt45 at=1989 now=2044) | => 时钟回退 | 仅已受理状态可登记；开始时刻不晚于 now
    diff_run_test.go:16: step=67 | Premed(apt=apt49 at=2026 now=2188) | => 时钟回退 | 仅已受理状态可登记；开始时刻不晚于 now
    diff_run_test.go:16: step=68 | Premed(apt=apt51 at=0 now=89) | => 时钟回退 | 仅已受理状态可登记；开始时刻不晚于 now
    diff_run_test.go:16: step=69 | Book(id=apt70 p=pat6 ex=ex10 dev=dev0 start=3534 now=3114) | => 时钟回退 | 优先级：类别>植入物>肾时效>肾下限>设备>质控>留观；半开区间恰相接合法
    diff_run_test.go:16: step=70 | AddQC(dev=dev1 [301,319)) | => <nil> | 质控为日内半开区间，与每日重复模板求交
    diff_run_test.go:16: step=71 | Book(id=apt72 p=pat2 ex=ex9 dev=dev0 start=1778 now=1771) | => 时钟回退 | 优先级：类别>植入物>肾时效>肾下限>设备>质控>留观；半开区间恰相接合法
    diff_run_test.go:16: step=72 | Premed(apt=apt46 at=2095 now=2259) | => 时钟回退 | 仅已受理状态可登记；开始时刻不晚于 now
    diff_run_test.go:16: step=73 | RegisterExamType(id=ex12 class=1 dur=64 enh=true) | => <nil> | 检查类型确定类别/时长/是否增强
    diff_run_test.go:16: step=74 | CheckIn(apt=apt70 now=1807) | => 时钟回退 | 窗口[start-30,start+15]；复核肾/水化/预处理，失败转需改期并释放
    diff_run_test.go:16: step=75 | Book(id=apt76 p=pat8 ex=ex0 dev=dev1 start=4278 now=5161) | => 时钟回退 | 优先级：类别>植入物>肾时效>肾下限>设备>质控>留观；半开区间恰相接合法
    diff_run_test.go:16: step=76 | Hydration(apt=apt43 at=2444 now=2466) | => 时钟回退 | 仅已受理状态可登记；开始时刻不晚于 now
    diff_run_test.go:16: step=77 | RegisterExamType(id=ex13 class=2 dur=124 enh=false) | => <nil> | 检查类型确定类别/时长/是否增强
    diff_run_test.go:16: step=78 | CheckIn(apt=apt51 now=2383) | => 时钟回退 | 窗口[start-30,start+15]；复核肾/水化/预处理，失败转需改期并释放
    diff_run_test.go:16: step=79 | Book(id=apt80 p=pat1 ex=ex12 dev=dev2 start=2311 now=2299) | => 时钟回退 | 优先级：类别>植入物>肾时效>肾下限>设备>质控>留观；半开区间恰相接合法
    diff_run_test.go:16: step=80 | AddQC(dev=dev1 [765,794)) | => <nil> | 质控为日内半开区间，与每日重复模板求交
    diff_run_test.go:16: step=81 | Cancel(apt=apt70 now=2469) | => 时钟回退 | 已签到/已取消不可取消；否则释放占用
    diff_run_test.go:16: step=82 | Book(id=apt83 p=pat7 ex=ex13 dev=dev1 start=1359 now=1226) | => 时钟回退 | 优先级：类别>植入物>肾时效>肾下限>设备>质控>留观；半开区间恰相接合法
    diff_run_test.go:16: step=83 | CheckIn(apt=apt70 now=2714) | => 时钟回退 | 窗口[start-30,start+15]；复核肾/水化/预处理，失败转需改期并释放
    diff_run_test.go:16: step=84 | RecordKidney(p=pat7 v=77 at=2321 now=2639) | => 时钟回退 | 采样最晚、并列登记后者生效；now 必须单调
    diff_run_test.go:16: step=85 | RegisterExamType(id=ex14 class=2 dur=77 enh=true) | => <nil> | 检查类型确定类别/时长/是否增强
    diff_run_test.go:16: step=86 | Book(id=apt87 p=pat6 ex=ex14 dev=dev1 start=3461 now=2974) | => 时钟回退 | 优先级：类别>植入物>肾时效>肾下限>设备>质控>留观；半开区间恰相接合法
    diff_run_test.go:16: step=87 | Book(id=apt88 p=pat1 ex=ex7 dev=dev3 start=199 now=154) | => 时钟回退 | 优先级：类别>植入物>肾时效>肾下限>设备>质控>留观；半开区间恰相接合法
    diff_run_test.go:16: step=88 | RegisterDevice(id=dev3 class=2 fs=30) | => 参数非法 | CT 无场强；MR 场强为正整数
    diff_run_test.go:16: step=89 | Premed(apt=apt20 at=3979 now=4255) | => 时钟回退 | 仅已受理状态可登记；开始时刻不晚于 now
    diff_run_test.go:16: step=90 | AddQC(dev=dev0 [673,687)) | => <nil> | 质控为日内半开区间，与每日重复模板求交
    diff_run_test.go:16: step=91 | Book(id=apt92 p=pat3 ex=ex5 dev=dev1 start=5384 now=5325) | => 时钟回退 | 优先级：类别>植入物>肾时效>肾下限>设备>质控>留观；半开区间恰相接合法
    diff_run_test.go:16: step=92 | AddQC(dev=dev3 [818,928)) | => <nil> | 质控为日内半开区间，与每日重复模板求交
    diff_run_test.go:16: step=93 | Hydration(apt=apt70 at=2594 now=2852) | => 时钟回退 | 仅已受理状态可登记；开始时刻不晚于 now
    diff_run_test.go:16: step=94 | Premed(apt=apt88 at=2576 now=2907) | => 时钟回退 | 仅已受理状态可登记；开始时刻不晚于 now
    diff_run_test.go:16: step=95 | Hydration(apt=apt36 at=2954 now=2969) | => 时钟回退 | 仅已受理状态可登记；开始时刻不晚于 now
    diff_run_test.go:16: step=96 | Cancel(apt=apt36 now=3066) | => 时钟回退 | 已签到/已取消不可取消；否则释放占用
    diff_run_test.go:16: step=97 | Reschedule(apt=apt72 start=1589 dev="" now=2942) | => 时钟回退 | 旧占用不阻挡自身；全条件重判；成功后水化/预处理作废
    diff_run_test.go:16: step=98 | RegisterExamType(id=ex15 class=1 dur=114 enh=false) | => <nil> | 检查类型确定类别/时长/是否增强
    diff_run_test.go:16: step=99 | RegisterPatient(id=pat10 hi=true noImp=false maxFS=70 allerg=false) | => <nil> | 患者确定风险等级、植入物场强上限与过敏史
    diff_run_test.go:16: step=100 | Cancel(apt=apt45 now=3080) | => 时钟回退 | 已签到/已取消不可取消；否则释放占用
    diff_run_test.go:16: step=101 | RecordKidney(p=pat3 v=51 at=3041 now=3138) | => 时钟回退 | 采样最晚、并列登记后者生效；now 必须单调
    diff_run_test.go:16: step=102 | RegisterExamType(id=ex16 class=1 dur=85 enh=false) | => <nil> | 检查类型确定类别/时长/是否增强
    diff_run_test.go:16: step=103 | Cancel(apt=apt51 now=3223) | => 时钟回退 | 已签到/已取消不可取消；否则释放占用
    diff_run_test.go:16: step=104 | Reschedule(apt=apt49 start=506 dev="" now=3191) | => 时钟回退 | 旧占用不阻挡自身；全条件重判；成功后水化/预处理作废
    diff_run_test.go:16: step=105 | RegisterDevice(id=dev5 class=1 fs=0) | => <nil> | CT 无场强；MR 场强为正整数
    diff_run_test.go:16: step=106 | Reschedule(apt=apt36 start=2746 dev="" now=3337) | => 时钟回退 | 旧占用不阻挡自身；全条件重判；成功后水化/预处理作废
    diff_run_test.go:16: step=107 | AddQC(dev=dev5 [646,674)) | => <nil> | 质控为日内半开区间，与每日重复模板求交
    diff_run_test.go:16: step=108 | RegisterPatient(id=pat11 hi=false noImp=true maxFS=0 allerg=false) | => <nil> | 患者确定风险等级、植入物场强上限与过敏史
    diff_run_test.go:16: step=109 | RecordKidney(p=pat10 v=27 at=3367 now=3390) | => 时钟回退 | 采样最晚、并列登记后者生效；now 必须单调
    diff_run_test.go:16: step=110 | AddQC(dev=dev5 [518,527)) | => <nil> | 质控为日内半开区间，与每日重复模板求交
    diff_run_test.go:16: step=111 | Hydration(apt=apt20 at=3238 now=3391) | => 时钟回退 | 仅已受理状态可登记；开始时刻不晚于 now
    diff_run_test.go:16: step=112 | Cancel(apt=apt52 now=3397) | => 时钟回退 | 已签到/已取消不可取消；否则释放占用
    diff_run_test.go:16: step=113 | RegisterExamType(id=ex17 class=2 dur=111 enh=false) | => <nil> | 检查类型确定类别/时长/是否增强
    diff_run_test.go:16: step=114 | Book(id=apt115 p=pat5 ex=ex2 dev=dev2 start=3499 now=3196) | => 时钟回退 | 优先级：类别>植入物>肾时效>肾下限>设备>质控>留观；半开区间恰相接合法
    diff_run_test.go:16: step=115 | RegisterPatient(id=pat12 hi=true noImp=true maxFS=0 allerg=false) | => <nil> | 患者确定风险等级、植入物场强上限与过敏史
    diff_run_test.go:16: step=116 | Book(id=apt117 p=pat3 ex=ex11 dev=dev4 start=4723 now=5407) | => 时钟回退 | 优先级：类别>植入物>肾时效>肾下限>设备>质控>留观；半开区间恰相接合法
    diff_run_test.go:16: step=117 | CheckIn(apt=apt46 now=3556) | => 时钟回退 | 窗口[start-30,start+15]；复核肾/水化/预处理，失败转需改期并释放
    diff_run_test.go:16: step=118 | Premed(apt=apt36 at=3288 now=3633) | => 时钟回退 | 仅已受理状态可登记；开始时刻不晚于 now
    diff_run_test.go:16: step=119 | Book(id=apt120 p=pat11 ex=ex13 dev=dev1 start=1094 now=4222) | => 时钟回退 | 优先级：类别>植入物>肾时效>肾下限>设备>质控>留观；半开区间恰相接合法
    diff_run_test.go:16: step=0 | RegisterDevice(id=dev0 class=1 fs=0) | => <nil> | CT 无场强；MR 场强为正整数
    diff_run_test.go:16: step=1 | RegisterDevice(id=dev1 class=2 fs=30) | => <nil> | CT 无场强；MR 场强为正整数
    diff_run_test.go:16: step=2 | RegisterDevice(id=dev2 class=2 fs=30) | => <nil> | CT 无场强；MR 场强为正整数
    diff_run_test.go:16: step=3 | RegisterDevice(id=dev3 class=1 fs=0) | => <nil> | CT 无场强；MR 场强为正整数
    diff_run_test.go:16: step=4 | RegisterExamType(id=ex0 class=2 dur=69 enh=false) | => <nil> | 检查类型确定类别/时长/是否增强
    diff_run_test.go:16: step=5 | RegisterExamType(id=ex1 class=2 dur=66 enh=false) | => <nil> | 检查类型确定类别/时长/是否增强
    diff_run_test.go:16: step=6 | RegisterExamType(id=ex2 class=1 dur=56 enh=false) | => <nil> | 检查类型确定类别/时长/是否增强
    diff_run_test.go:16: step=7 | RegisterExamType(id=ex3 class=2 dur=103 enh=true) | => <nil> | 检查类型确定类别/时长/是否增强
    diff_run_test.go:16: step=8 | RegisterExamType(id=ex4 class=1 dur=74 enh=true) | => <nil> | 检查类型确定类别/时长/是否增强
    diff_run_test.go:16: step=9 | RegisterExamType(id=ex5 class=2 dur=129 enh=false) | => <nil> | 检查类型确定类别/时长/是否增强
    diff_run_test.go:16: step=10 | RegisterPatient(id=pat0 hi=false noImp=true maxFS=0 allerg=false) | => <nil> | 患者确定风险等级、植入物场强上限与过敏史
    diff_run_test.go:16: step=11 | RegisterPatient(id=pat1 hi=true noImp=false maxFS=70 allerg=false) | => <nil> | 患者确定风险等级、植入物场强上限与过敏史
    diff_run_test.go:16: step=12 | RegisterPatient(id=pat2 hi=true noImp=true maxFS=0 allerg=false) | => <nil> | 患者确定风险等级、植入物场强上限与过敏史
    diff_run_test.go:16: step=13 | RegisterPatient(id=pat3 hi=true noImp=true maxFS=0 allerg=false) | => <nil> | 患者确定风险等级、植入物场强上限与过敏史
    diff_run_test.go:16: step=14 | RegisterPatient(id=pat4 hi=false noImp=true maxFS=0 allerg=false) | => <nil> | 患者确定风险等级、植入物场强上限与过敏史
    diff_run_test.go:16: step=15 | RegisterPatient(id=pat5 hi=false noImp=true maxFS=0 allerg=true) | => <nil> | 患者确定风险等级、植入物场强上限与过敏史
    diff_run_test.go:16: step=16 | RegisterPatient(id=pat6 hi=true noImp=true maxFS=0 allerg=false) | => <nil> | 患者确定风险等级、植入物场强上限与过敏史
    diff_run_test.go:16: step=17 | RecordKidney(p=pat5 v=38 at=300 now=599) | => <nil> | 采样最晚、并列登记后者生效；now 必须单调
    diff_run_test.go:16: step=18 | Book(id=apt19 p=pat1 ex=ex5 dev=dev1 start=5169 now=4996) | => <nil> | 优先级：类别>植入物>肾时效>肾下限>设备>质控>留观；半开区间恰相接合法
    diff_run_test.go:16: step=19 | RegisterExamType(id=ex6 class=1 dur=25 enh=true) | => <nil> | 检查类型确定类别/时长/是否增强
    diff_run_test.go:16: step=20 | RegisterPatient(id=pat7 hi=true noImp=true maxFS=0 allerg=false) | => <nil> | 患者确定风险等级、植入物场强上限与过敏史
    diff_run_test.go:16: step=21 | Cancel(apt=apt19 now=809) | => 时钟回退 | 已签到/已取消不可取消；否则释放占用
    diff_run_test.go:16: step=22 | Hydration(apt=apt19 at=601 now=810) | => 时钟回退 | 仅已受理状态可登记；开始时刻不晚于 now
    diff_run_test.go:16: step=23 | RegisterDevice(id=dev4 class=2 fs=15) | => <nil> | CT 无场强；MR 场强为正整数
    diff_run_test.go:16: step=24 | Book(id=apt25 p=pat6 ex=ex6 dev=dev3 start=1517 now=1037) | => 时钟回退 | 优先级：类别>植入物>肾时效>肾下限>设备>质控>留观；半开区间恰相接合法
    diff_run_test.go:16: step=25 | Hydration(apt=apt19 at=764 now=865) | => 时钟回退 | 仅已受理状态可登记；开始时刻不晚于 now
    diff_run_test.go:16: step=26 | AddQC(dev=dev1 [578,643)) | => <nil> | 质控为日内半开区间，与每日重复模板求交
    diff_run_test.go:16: step=27 | Book(id=apt28 p=pat2 ex=ex2 dev=dev3 start=3571 now=3280) | => 时钟回退 | 优先级：类别>植入物>肾时效>肾下限>设备>质控>留观；半开区间恰相接合法
    diff_run_test.go:16: step=28 | RecordKidney(p=pat7 v=65 at=856 now=1025) | => 时钟回退 | 采样最晚、并列登记后者生效；now 必须单调
    diff_run_test.go:16: step=29 | Reschedule(apt=apt25 start=1964 dev="dev1" now=986) | => 时钟回退 | 旧占用不阻挡自身；全条件重判；成功后水化/预处理作废
    diff_run_test.go:16: step=30 | Premed(apt=apt25 at=841 now=1121) | => 时钟回退 | 仅已受理状态可登记；开始时刻不晚于 now
    diff_run_test.go:16: step=31 | RegisterDevice(id=dev5 class=1 fs=0) | => <nil> | CT 无场强；MR 场强为正整数
    diff_run_test.go:16: step=32 | AddQC(dev=dev0 [464,492)) | => <nil> | 质控为日内半开区间，与每日重复模板求交
    diff_run_test.go:16: step=33 | Premed(apt=apt19 at=814 now=1073) | => 时钟回退 | 仅已受理状态可登记；开始时刻不晚于 now
    diff_run_test.go:16: step=34 | RegisterDevice(id=dev6 class=2 fs=70) | => <nil> | CT 无场强；MR 场强为正整数
    diff_run_test.go:16: step=35 | RegisterDevice(id=dev7 class=2 fs=15) | => <nil> | CT 无场强；MR 场强为正整数
    diff_run_test.go:16: step=36 | RegisterExamType(id=ex7 class=2 dur=85 enh=false) | => <nil> | 检查类型确定类别/时长/是否增强
    diff_run_test.go:16: step=37 | RegisterExamType(id=ex8 class=1 dur=139 enh=true) | => <nil> | 检查类型确定类别/时长/是否增强
    diff_run_test.go:16: step=38 | Reschedule(apt=apt19 start=5436 dev="dev5" now=1175) | => 时钟回退 | 旧占用不阻挡自身；全条件重判；成功后水化/预处理作废
    diff_run_test.go:16: step=39 | RegisterPatient(id=pat8 hi=true noImp=true maxFS=0 allerg=false) | => <nil> | 患者确定风险等级、植入物场强上限与过敏史
    diff_run_test.go:16: step=40 | Cancel(apt=apt25 now=1284) | => 时钟回退 | 已签到/已取消不可取消；否则释放占用
    diff_run_test.go:16: step=41 | Book(id=apt42 p=pat6 ex=ex8 dev=dev6 start=5658 now=5412) | => 设备类别不符 | 优先级：类别>植入物>肾时效>肾下限>设备>质控>留观；半开区间恰相接合法
    diff_run_test.go:16: step=42 | RegisterPatient(id=pat9 hi=true noImp=true maxFS=0 allerg=true) | => <nil> | 患者确定风险等级、植入物场强上限与过敏史
    diff_run_test.go:16: step=43 | Premed(apt=apt19 at=4623 now=4935) | => 时钟回退 | 仅已受理状态可登记；开始时刻不晚于 now
    diff_run_test.go:16: step=44 | RegisterDevice(id=dev8 class=2 fs=15) | => <nil> | CT 无场强；MR 场强为正整数
    diff_run_test.go:16: step=45 | Hydration(apt=apt42 at=1237 now=1426) | => 时钟回退 | 仅已受理状态可登记；开始时刻不晚于 now
    diff_run_test.go:16: step=46 | RegisterDevice(id=dev9 class=1 fs=0) | => <nil> | CT 无场强；MR 场强为正整数
    diff_run_test.go:16: step=47 | RegisterDevice(id=dev10 class=2 fs=70) | => <nil> | CT 无场强；MR 场强为正整数
    diff_run_test.go:16: step=48 | Book(id=apt49 p=pat5 ex=ex7 dev=dev7 start=4395 now=4794) | => 时钟回退 | 优先级：类别>植入物>肾时效>肾下限>设备>质控>留观；半开区间恰相接合法
    diff_run_test.go:16: step=49 | Book(id=apt50 p=pat1 ex=ex6 dev=dev7 start=603 now=181) | => 时钟回退 | 优先级：类别>植入物>肾时效>肾下限>设备>质控>留观；半开区间恰相接合法
    diff_run_test.go:16: step=50 | RegisterPatient(id=pat10 hi=true noImp=false maxFS=70 allerg=false) | => <nil> | 患者确定风险等级、植入物场强上限与过敏史
    diff_run_test.go:16: step=51 | Book(id=apt52 p=pat8 ex=ex4 dev=dev5 start=3410 now=3328) | => 时钟回退 | 优先级：类别>植入物>肾时效>肾下限>设备>质控>留观；半开区间恰相接合法
    diff_run_test.go:16: step=52 | Premed(apt=apt49 at=1405 now=1603) | => 时钟回退 | 仅已受理状态可登记；开始时刻不晚于 now
    diff_run_test.go:16: step=53 | RegisterDevice(id=dev11 class=1 fs=0) | => <nil> | CT 无场强；MR 场强为正整数
    diff_run_test.go:16: step=54 | CheckIn(apt=apt25 now=1683) | => 时钟回退 | 窗口[start-30,start+15]；复核肾/水化/预处理，失败转需改期并释放
    diff_run_test.go:16: step=55 | Reschedule(apt=apt50 start=2739 dev="dev5" now=1815) | => 时钟回退 | 旧占用不阻挡自身；全条件重判；成功后水化/预处理作废
    diff_run_test.go:16: step=56 | RegisterExamType(id=ex9 class=2 dur=131 enh=false) | => <nil> | 检查类型确定类别/时长/是否增强
    diff_run_test.go:16: step=57 | Book(id=apt58 p=pat7 ex=ex1 dev=dev5 start=4019 now=3985) | => 时钟回退 | 优先级：类别>植入物>肾时效>肾下限>设备>质控>留观；半开区间恰相接合法
    diff_run_test.go:16: step=58 | CheckIn(apt=apt58 now=1870) | => 时钟回退 | 窗口[start-30,start+15]；复核肾/水化/预处理，失败转需改期并释放
    diff_run_test.go:16: step=59 | Book(id=apt60 p=pat0 ex=ex8 dev=dev9 start=2977 now=2610) | => 时钟回退 | 优先级：类别>植入物>肾时效>肾下限>设备>质控>留观；半开区间恰相接合法
    diff_run_test.go:16: step=60 | CheckIn(apt=apt25 now=1941) | => 时钟回退 | 窗口[start-30,start+15]；复核肾/水化/预处理，失败转需改期并释放
    diff_run_test.go:16: step=61 | RecordKidney(p=pat4 v=31 at=1900 now=1907) | => 时钟回退 | 采样最晚、并列登记后者生效；now 必须单调
    diff_run_test.go:16: step=62 | Book(id=apt63 p=pat4 ex=ex4 dev=dev10 start=1361 now=3618) | => 时钟回退 | 优先级：类别>植入物>肾时效>肾下限>设备>质控>留观；半开区间恰相接合法
    diff_run_test.go:16: step=63 | CheckIn(apt=apt60 now=2850) | => 时钟回退 | 窗口[start-30,start+15]；复核肾/水化/预处理，失败转需改期并释放
    diff_run_test.go:16: step=64 | RegisterPatient(id=pat11 hi=false noImp=false maxFS=30 allerg=true) | => <nil> | 患者确定风险等级、植入物场强上限与过敏史
    diff_run_test.go:16: step=65 | RegisterExamType(id=ex10 class=2 dur=52 enh=false) | => <nil> | 检查类型确定类别/时长/是否增强
    diff_run_test.go:16: step=66 | Reschedule(apt=apt63 start=3888 dev="dev2" now=2171) | => 时钟回退 | 旧占用不阻挡自身；全条件重判；成功后水化/预处理作废
    diff_run_test.go:16: step=67 | CheckIn(apt=apt60 now=4052) | => 时钟回退 | 窗口[start-30,start+15]；复核肾/水化/预处理，失败转需改期并释放
    diff_run_test.go:16: step=68 | RegisterPatient(id=pat12 hi=true noImp=true maxFS=0 allerg=false) | => <nil> | 患者确定风险等级、植入物场强上限与过敏史
    diff_run_test.go:16: step=69 | Book(id=apt70 p=pat12 ex=ex3 dev=dev2 start=770 now=384) | => 时钟回退 | 优先级：类别>植入物>肾时效>肾下限>设备>质控>留观；半开区间恰相接合法
    diff_run_test.go:16: step=70 | CheckIn(apt=apt60 now=2238) | => 时钟回退 | 窗口[start-30,start+15]；复核肾/水化/预处理，失败转需改期并释放
    diff_run_test.go:16: step=71 | Book(id=apt72 p=pat0 ex=ex5 dev=dev4 start=316 now=3318) | => 时钟回退 | 优先级：类别>植入物>肾时效>肾下限>设备>质控>留观；半开区间恰相接合法
    diff_run_test.go:16: step=72 | RegisterDevice(id=dev12 class=1 fs=0) | => <nil> | CT 无场强；MR 场强为正整数
    diff_run_test.go:16: step=73 | Hydration(apt=apt52 at=2345 now=2396) | => 时钟回退 | 仅已受理状态可登记；开始时刻不晚于 now
    diff_run_test.go:16: step=74 | AddQC(dev=dev1 [143,194)) | => <nil> | 质控为日内半开区间，与每日重复模板求交
    diff_run_test.go:16: step=75 | Hydration(apt=apt58 at=2213 now=2344) | => 时钟回退 | 仅已受理状态可登记；开始时刻不晚于 now
    diff_run_test.go:16: step=76 | RegisterDevice(id=dev13 class=1 fs=0) | => <nil> | CT 无场强；MR 场强为正整数
    diff_run_test.go:16: step=77 | CheckIn(apt=apt60 now=2457) | => 时钟回退 | 窗口[start-30,start+15]；复核肾/水化/预处理，失败转需改期并释放
    diff_run_test.go:16: step=78 | Book(id=apt79 p=pat6 ex=ex10 dev=dev10 start=1662 now=582) | => 时钟回退 | 优先级：类别>植入物>肾时效>肾下限>设备>质控>留观；半开区间恰相接合法
    diff_run_test.go:16: step=79 | RegisterPatient(id=pat13 hi=false noImp=true maxFS=0 allerg=true) | => <nil> | 患者确定风险等级、植入物场强上限与过敏史
    diff_run_test.go:16: step=80 | Hydration(apt=apt63 at=2383 now=2617) | => 时钟回退 | 仅已受理状态可登记；开始时刻不晚于 now
    diff_run_test.go:16: step=81 | RecordKidney(p=pat2 v=12 at=2171 now=2544) | => 时钟回退 | 采样最晚、并列登记后者生效；now 必须单调
    diff_run_test.go:16: step=82 | Book(id=apt83 p=pat5 ex=ex0 dev=dev4 start=5557 now=5506) | => <nil> | 优先级：类别>植入物>肾时效>肾下限>设备>质控>留观；半开区间恰相接合法
    diff_run_test.go:16: step=83 | RecordKidney(p=pat9 v=53 at=2547 now=2581) | => 时钟回退 | 采样最晚、并列登记后者生效；now 必须单调
    diff_run_test.go:16: step=84 | AddQC(dev=dev2 [1050,1162)) | => <nil> | 质控为日内半开区间，与每日重复模板求交
    diff_run_test.go:16: step=85 | CheckIn(apt=apt60 now=2668) | => 时钟回退 | 窗口[start-30,start+15]；复核肾/水化/预处理，失败转需改期并释放
    diff_run_test.go:16: step=86 | AddQC(dev=dev1 [237,341)) | => <nil> | 质控为日内半开区间，与每日重复模板求交
    diff_run_test.go:16: step=87 | Reschedule(apt=apt70 start=5290 dev="" now=2772) | => 时钟回退 | 旧占用不阻挡自身；全条件重判；成功后水化/预处理作废
    diff_run_test.go:16: step=88 | Reschedule(apt=apt42 start=5418 dev="dev8" now=2851) | => 时钟回退 | 旧占用不阻挡自身；全条件重判；成功后水化/预处理作废
    diff_run_test.go:16: step=89 | AddQC(dev=dev0 [466,563)) | => <nil> | 质控为日内半开区间，与每日重复模板求交
    diff_run_test.go:16: step=90 | RegisterPatient(id=pat14 hi=false noImp=true maxFS=0 allerg=true) | => <nil> | 患者确定风险等级、植入物场强上限与过敏史
    diff_run_test.go:16: step=91 | AddQC(dev=dev12 [789,810)) | => <nil> | 质控为日内半开区间，与每日重复模板求交
    diff_run_test.go:16: step=92 | RegisterExamType(id=ex11 class=2 dur=70 enh=false) | => <nil> | 检查类型确定类别/时长/是否增强
    diff_run_test.go:16: step=93 | Reschedule(apt=apt42 start=3532 dev="" now=2943) | => 时钟回退 | 旧占用不阻挡自身；全条件重判；成功后水化/预处理作废
    diff_run_test.go:16: step=94 | RegisterPatient(id=pat15 hi=false noImp=true maxFS=0 allerg=false) | => <nil> | 患者确定风险等级、植入物场强上限与过敏史
    diff_run_test.go:16: step=95 | Book(id=apt96 p=pat9 ex=ex6 dev=dev11 start=5145 now=4954) | => 时钟回退 | 优先级：类别>植入物>肾时效>肾下限>设备>质控>留观；半开区间恰相接合法
    diff_run_test.go:16: step=96 | Reschedule(apt=apt28 start=5078 dev="dev12" now=3032) | => 时钟回退 | 旧占用不阻挡自身；全条件重判；成功后水化/预处理作废
    diff_run_test.go:16: step=97 | CheckIn(apt=apt50 now=2990) | => 时钟回退 | 窗口[start-30,start+15]；复核肾/水化/预处理，失败转需改期并释放
    diff_run_test.go:16: step=98 | Premed(apt=apt50 at=2955 now=3042) | => 时钟回退 | 仅已受理状态可登记；开始时刻不晚于 now
    diff_run_test.go:16: step=99 | Reschedule(apt=apt28 start=3537 dev="" now=3189) | => 时钟回退 | 旧占用不阻挡自身；全条件重判；成功后水化/预处理作废
    diff_run_test.go:16: step=100 | Hydration(apt=apt83 at=3029 now=3207) | => 时钟回退 | 仅已受理状态可登记；开始时刻不晚于 now
    diff_run_test.go:16: step=101 | Cancel(apt=apt79 now=3832) | => 时钟回退 | 已签到/已取消不可取消；否则释放占用
    diff_run_test.go:16: step=102 | CheckIn(apt=apt49 now=3258) | => 时钟回退 | 窗口[start-30,start+15]；复核肾/水化/预处理，失败转需改期并释放
    diff_run_test.go:16: step=103 | Book(id=apt104 p=pat13 ex=ex4 dev=dev0 start=1721 now=1236) | => 时钟回退 | 优先级：类别>植入物>肾时效>肾下限>设备>质控>留观；半开区间恰相接合法
    diff_run_test.go:16: step=104 | Cancel(apt=apt19 now=3206) | => 时钟回退 | 已签到/已取消不可取消；否则释放占用
    diff_run_test.go:16: step=105 | Book(id=apt106 p=pat0 ex=ex7 dev=dev6 start=5414 now=5022) | => 时钟回退 | 优先级：类别>植入物>肾时效>肾下限>设备>质控>留观；半开区间恰相接合法
    diff_run_test.go:16: step=106 | Reschedule(apt=apt79 start=2025 dev="dev5" now=3401) | => 时钟回退 | 旧占用不阻挡自身；全条件重判；成功后水化/预处理作废
    diff_run_test.go:16: step=107 | Premed(apt=apt25 at=3054 now=3382) | => 时钟回退 | 仅已受理状态可登记；开始时刻不晚于 now
    diff_run_test.go:16: step=108 | RegisterExamType(id=ex12 class=2 dur=37 enh=false) | => <nil> | 检查类型确定类别/时长/是否增强
    diff_run_test.go:16: step=109 | RegisterExamType(id=ex13 class=1 dur=38 enh=true) | => <nil> | 检查类型确定类别/时长/是否增强
    diff_run_test.go:16: step=110 | Book(id=apt111 p=pat1 ex=ex6 dev=dev0 start=2692 now=2272) | => 时钟回退 | 优先级：类别>植入物>肾时效>肾下限>设备>质控>留观；半开区间恰相接合法
    diff_run_test.go:16: step=111 | Book(id=apt112 p=pat12 ex=ex6 dev=dev9 start=2390 now=2119) | => 时钟回退 | 优先级：类别>植入物>肾时效>肾下限>设备>质控>留观；半开区间恰相接合法
    diff_run_test.go:16: step=112 | CheckIn(apt=apt70 now=210) | => 时钟回退 | 窗口[start-30,start+15]；复核肾/水化/预处理，失败转需改期并释放
    diff_run_test.go:16: step=113 | Hydration(apt=apt104 at=3217 now=3450) | => 时钟回退 | 仅已受理状态可登记；开始时刻不晚于 now
    diff_run_test.go:16: step=114 | Book(id=apt115 p=pat10 ex=ex0 dev=dev2 start=3959 now=3659) | => 时钟回退 | 优先级：类别>植入物>肾时效>肾下限>设备>质控>留观；半开区间恰相接合法
    diff_run_test.go:16: step=115 | RecordKidney(p=pat0 v=45 at=3471 now=3642) | => 时钟回退 | 采样最晚、并列登记后者生效；now 必须单调
    diff_run_test.go:16: step=116 | RegisterDevice(id=dev14 class=2 fs=70) | => <nil> | CT 无场强；MR 场强为正整数
    diff_run_test.go:16: step=117 | RegisterPatient(id=pat16 hi=true noImp=true maxFS=0 allerg=false) | => <nil> | 患者确定风险等级、植入物场强上限与过敏史
    diff_run_test.go:16: step=118 | Hydration(apt=apt60 at=3587 now=3591) | => 时钟回退 | 仅已受理状态可登记；开始时刻不晚于 now
    diff_run_test.go:16: step=119 | AddQC(dev=dev2 [387,389)) | => <nil> | 质控为日内半开区间，与每日重复模板求交
    diff_run_test.go:16: step=0 | RegisterDevice(id=dev0 class=1 fs=0) | => <nil> | CT 无场强；MR 场强为正整数
    diff_run_test.go:16: step=1 | RegisterDevice(id=dev1 class=2 fs=15) | => <nil> | CT 无场强；MR 场强为正整数
    diff_run_test.go:16: step=2 | RegisterDevice(id=dev2 class=1 fs=0) | => <nil> | CT 无场强；MR 场强为正整数
    diff_run_test.go:16: step=3 | RegisterDevice(id=dev3 class=2 fs=15) | => <nil> | CT 无场强；MR 场强为正整数
    diff_run_test.go:16: step=4 | RegisterExamType(id=ex0 class=1 dur=113 enh=false) | => <nil> | 检查类型确定类别/时长/是否增强
    diff_run_test.go:16: step=5 | RegisterExamType(id=ex1 class=1 dur=78 enh=false) | => <nil> | 检查类型确定类别/时长/是否增强
    diff_run_test.go:16: step=6 | RegisterExamType(id=ex2 class=2 dur=72 enh=false) | => <nil> | 检查类型确定类别/时长/是否增强
    diff_run_test.go:16: step=7 | RegisterExamType(id=ex3 class=1 dur=33 enh=false) | => <nil> | 检查类型确定类别/时长/是否增强
    diff_run_test.go:16: step=8 | RegisterExamType(id=ex4 class=1 dur=130 enh=false) | => <nil> | 检查类型确定类别/时长/是否增强
    diff_run_test.go:16: step=9 | RegisterExamType(id=ex5 class=1 dur=57 enh=true) | => <nil> | 检查类型确定类别/时长/是否增强
    diff_run_test.go:16: step=10 | RegisterPatient(id=pat0 hi=true noImp=true maxFS=0 allerg=false) | => <nil> | 患者确定风险等级、植入物场强上限与过敏史
    diff_run_test.go:16: step=11 | RegisterPatient(id=pat1 hi=true noImp=false maxFS=15 allerg=false) | => <nil> | 患者确定风险等级、植入物场强上限与过敏史
    diff_run_test.go:16: step=12 | RegisterPatient(id=pat2 hi=true noImp=true maxFS=0 allerg=false) | => <nil> | 患者确定风险等级、植入物场强上限与过敏史
    diff_run_test.go:16: step=13 | RegisterPatient(id=pat3 hi=true noImp=false maxFS=15 allerg=false) | => <nil> | 患者确定风险等级、植入物场强上限与过敏史
    diff_run_test.go:16: step=14 | RegisterPatient(id=pat4 hi=false noImp=false maxFS=15 allerg=false) | => <nil> | 患者确定风险等级、植入物场强上限与过敏史
    diff_run_test.go:16: step=15 | RegisterPatient(id=pat5 hi=false noImp=false maxFS=30 allerg=true) | => <nil> | 患者确定风险等级、植入物场强上限与过敏史
    diff_run_test.go:16: step=16 | AddQC(dev=dev3 [1262,1357)) | => <nil> | 质控为日内半开区间，与每日重复模板求交
    diff_run_test.go:16: step=17 | Book(id=apt18 p=pat3 ex=ex1 dev=dev0 start=2043 now=1939) | => <nil> | 优先级：类别>植入物>肾时效>肾下限>设备>质控>留观；半开区间恰相接合法
    diff_run_test.go:16: step=18 | Hydration(apt=apt18 at=1098 now=1396) | => 时钟回退 | 仅已受理状态可登记；开始时刻不晚于 now
    diff_run_test.go:16: step=19 | RegisterExamType(id=ex6 class=1 dur=119 enh=true) | => <nil> | 检查类型确定类别/时长/是否增强
    diff_run_test.go:16: step=20 | Book(id=apt21 p=pat2 ex=ex6 dev=dev2 start=1827 now=1712) | => 时钟回退 | 优先级：类别>植入物>肾时效>肾下限>设备>质控>留观；半开区间恰相接合法
    diff_run_test.go:16: step=21 | CheckIn(apt=apt18 now=685) | => 时钟回退 | 窗口[start-30,start+15]；复核肾/水化/预处理，失败转需改期并释放
    diff_run_test.go:16: step=22 | AddQC(dev=dev1 [629,681)) | => <nil> | 质控为日内半开区间，与每日重复模板求交
    diff_run_test.go:16: step=23 | RegisterPatient(id=pat6 hi=false noImp=true maxFS=0 allerg=false) | => <nil> | 患者确定风险等级、植入物场强上限与过敏史
    diff_run_test.go:16: step=24 | RegisterDevice(id=dev4 class=2 fs=70) | => <nil> | CT 无场强；MR 场强为正整数
    diff_run_test.go:16: step=25 | Hydration(apt=apt21 at=785 now=837) | => 时钟回退 | 仅已受理状态可登记；开始时刻不晚于 now
    diff_run_test.go:16: step=26 | Hydration(apt=apt18 at=761 now=909) | => 时钟回退 | 仅已受理状态可登记；开始时刻不晚于 now
    diff_run_test.go:16: step=27 | RegisterPatient(id=pat7 hi=false noImp=false maxFS=70 allerg=false) | => <nil> | 患者确定风险等级、植入物场强上限与过敏史
    diff_run_test.go:16: step=28 | Cancel(apt=apt21 now=933) | => 时钟回退 | 已签到/已取消不可取消；否则释放占用
    diff_run_test.go:16: step=29 | Hydration(apt=apt21 at=749 now=1005) | => 时钟回退 | 仅已受理状态可登记；开始时刻不晚于 now
    diff_run_test.go:16: step=30 | Hydration(apt=apt18 at=693 now=958) | => 时钟回退 | 仅已受理状态可登记；开始时刻不晚于 now
    diff_run_test.go:16: step=31 | CheckIn(apt=apt21 now=1115) | => 时钟回退 | 窗口[start-30,start+15]；复核肾/水化/预处理，失败转需改期并释放
    diff_run_test.go:16: step=32 | Cancel(apt=apt18 now=1168) | => 时钟回退 | 已签到/已取消不可取消；否则释放占用
    diff_run_test.go:16: step=33 | CheckIn(apt=apt21 now=1138) | => 时钟回退 | 窗口[start-30,start+15]；复核肾/水化/预处理，失败转需改期并释放
    diff_run_test.go:16: step=34 | Book(id=apt35 p=pat0 ex=ex2 dev=dev1 start=5705 now=4690) | => <nil> | 优先级：类别>植入物>肾时效>肾下限>设备>质控>留观；半开区间恰相接合法
    diff_run_test.go:16: step=35 | Book(id=apt36 p=pat2 ex=ex5 dev=dev2 start=4573 now=4432) | => 时钟回退 | 优先级：类别>植入物>肾时效>肾下限>设备>质控>留观；半开区间恰相接合法
    diff_run_test.go:16: step=36 | RegisterDevice(id=dev5 class=2 fs=70) | => <nil> | CT 无场强；MR 场强为正整数
    diff_run_test.go:16: step=37 | Premed(apt=apt35 at=1162 now=1185) | => 时钟回退 | 仅已受理状态可登记；开始时刻不晚于 now
    diff_run_test.go:16: step=38 | Reschedule(apt=apt36 start=138 dev="dev2" now=1347) | => 时钟回退 | 旧占用不阻挡自身；全条件重判；成功后水化/预处理作废
    diff_run_test.go:16: step=39 | Reschedule(apt=apt36 start=3176 dev="" now=1205) | => 时钟回退 | 旧占用不阻挡自身；全条件重判；成功后水化/预处理作废
    diff_run_test.go:16: step=40 | Reschedule(apt=apt35 start=862 dev="" now=1297) | => 时钟回退 | 旧占用不阻挡自身；全条件重判；成功后水化/预处理作废
    diff_run_test.go:16: step=41 | Book(id=apt42 p=pat5 ex=ex5 dev=dev2 start=4275 now=4024) | => 时钟回退 | 优先级：类别>植入物>肾时效>肾下限>设备>质控>留观；半开区间恰相接合法
    diff_run_test.go:16: step=42 | RegisterDevice(id=dev6 class=1 fs=0) | => <nil> | CT 无场强；MR 场强为正整数
    diff_run_test.go:16: step=43 | Book(id=apt44 p=pat3 ex=ex4 dev=dev0 start=2302 now=2133) | => 时钟回退 | 优先级：类别>植入物>肾时效>肾下限>设备>质控>留观；半开区间恰相接合法
    diff_run_test.go:16: step=44 | Cancel(apt=apt21 now=1470) | => 时钟回退 | 已签到/已取消不可取消；否则释放占用
    diff_run_test.go:16: step=45 | Reschedule(apt=apt36 start=2245 dev="" now=1504) | => 时钟回退 | 旧占用不阻挡自身；全条件重判；成功后水化/预处理作废
    diff_run_test.go:16: step=46 | RegisterPatient(id=pat8 hi=true noImp=true maxFS=0 allerg=true) | => <nil> | 患者确定风险等级、植入物场强上限与过敏史
    diff_run_test.go:16: step=47 | AddQC(dev=dev2 [813,917)) | => <nil> | 质控为日内半开区间，与每日重复模板求交
    diff_run_test.go:16: step=48 | RegisterPatient(id=pat9 hi=true noImp=false maxFS=15 allerg=false) | => <nil> | 患者确定风险等级、植入物场强上限与过敏史
    diff_run_test.go:16: step=49 | Book(id=apt50 p=pat8 ex=ex0 dev=dev6 start=204 now=0) | => 时钟回退 | 优先级：类别>植入物>肾时效>肾下限>设备>质控>留观；半开区间恰相接合法
    diff_run_test.go:16: step=50 | RegisterExamType(id=ex7 class=1 dur=117 enh=false) | => <nil> | 检查类型确定类别/时长/是否增强
    diff_run_test.go:16: step=51 | RegisterDevice(id=dev7 class=1 fs=0) | => <nil> | CT 无场强；MR 场强为正整数
    diff_run_test.go:16: step=52 | Premed(apt=apt50 at=1468 now=1720) | => 时钟回退 | 仅已受理状态可登记；开始时刻不晚于 now
    diff_run_test.go:16: step=53 | Premed(apt=apt50 at=1517 now=1628) | => 时钟回退 | 仅已受理状态可登记；开始时刻不晚于 now
    diff_run_test.go:16: step=54 | CheckIn(apt=apt36 now=1777) | => 时钟回退 | 窗口[start-30,start+15]；复核肾/水化/预处理，失败转需改期并释放
    diff_run_test.go:16: step=55 | Book(id=apt56 p=pat4 ex=ex4 dev=dev2 start=3710 now=3249) | => 时钟回退 | 优先级：类别>植入物>肾时效>肾下限>设备>质控>留观；半开区间恰相接合法
    diff_run_test.go:16: step=56 | AddQC(dev=dev5 [421,485)) | => <nil> | 质控为日内半开区间，与每日重复模板求交
    diff_run_test.go:16: step=57 | Premed(apt=apt56 at=1642 now=1911) | => 时钟回退 | 仅已受理状态可登记；开始时刻不晚于 now
    diff_run_test.go:16: step=58 | RegisterPatient(id=pat10 hi=true noImp=true maxFS=0 allerg=true) | => <nil> | 患者确定风险等级、植入物场强上限与过敏史
    diff_run_test.go:16: step=59 | RecordKidney(p=pat5 v=75 at=2934 now=3193) | => 时钟回退 | 采样最晚、并列登记后者生效；now 必须单调
    diff_run_test.go:16: step=60 | RegisterExamType(id=ex8 class=2 dur=135 enh=true) | => <nil> | 检查类型确定类别/时长/是否增强
    diff_run_test.go:16: step=61 | AddQC(dev=dev5 [1106,1206)) | => <nil> | 质控为日内半开区间，与每日重复模板求交
    diff_run_test.go:16: step=62 | Hydration(apt=apt56 at=2007 now=2076) | => 时钟回退 | 仅已受理状态可登记；开始时刻不晚于 now
    diff_run_test.go:16: step=63 | CheckIn(apt=apt35 now=4107) | => 时钟回退 | 窗口[start-30,start+15]；复核肾/水化/预处理，失败转需改期并释放
    diff_run_test.go:16: step=64 | Reschedule(apt=apt21 start=3345 dev="dev3" now=1964) | => 时钟回退 | 旧占用不阻挡自身；全条件重判；成功后水化/预处理作废
    diff_run_test.go:16: step=65 | Reschedule(apt=apt56 start=113 dev="dev6" now=2077) | => 时钟回退 | 旧占用不阻挡自身；全条件重判；成功后水化/预处理作废
    diff_run_test.go:16: step=66 | RegisterExamType(id=ex9 class=2 dur=31 enh=false) | => <nil> | 检查类型确定类别/时长/是否增强
    diff_run_test.go:16: step=67 | Reschedule(apt=apt56 start=3617 dev="dev5" now=4695) | => 对象不存在 | 旧占用不阻挡自身；全条件重判；成功后水化/预处理作废
    diff_run_test.go:16: step=68 | Hydration(apt=apt18 at=2024 now=2262) | => 时钟回退 | 仅已受理状态可登记；开始时刻不晚于 now
    diff_run_test.go:16: step=69 | Reschedule(apt=apt21 start=1125 dev="" now=2119) | => 时钟回退 | 旧占用不阻挡自身；全条件重判；成功后水化/预处理作废
    diff_run_test.go:16: step=70 | Book(id=apt71 p=pat10 ex=ex5 dev=dev7 start=3146 now=2773) | => 时钟回退 | 优先级：类别>植入物>肾时效>肾下限>设备>质控>留观；半开区间恰相接合法
    diff_run_test.go:16: step=71 | RegisterDevice(id=dev8 class=1 fs=0) | => <nil> | CT 无场强；MR 场强为正整数
    diff_run_test.go:16: step=72 | RegisterPatient(id=pat11 hi=false noImp=true maxFS=0 allerg=true) | => <nil> | 患者确定风险等级、植入物场强上限与过敏史
    diff_run_test.go:16: step=73 | Book(id=apt74 p=pat5 ex=ex3 dev=dev5 start=1196 now=989) | => 时钟回退 | 优先级：类别>植入物>肾时效>肾下限>设备>质控>留观；半开区间恰相接合法
    diff_run_test.go:16: step=74 | AddQC(dev=dev2 [708,738)) | => <nil> | 质控为日内半开区间，与每日重复模板求交
    diff_run_test.go:16: step=75 | RecordKidney(p=pat10 v=82 at=2083 now=2390) | => 时钟回退 | 采样最晚、并列登记后者生效；now 必须单调
    diff_run_test.go:16: step=76 | Reschedule(apt=apt42 start=892 dev="dev4" now=2315) | => 时钟回退 | 旧占用不阻挡自身；全条件重判；成功后水化/预处理作废
    diff_run_test.go:16: step=77 | Hydration(apt=apt36 at=2215 now=2493) | => 时钟回退 | 仅已受理状态可登记；开始时刻不晚于 now
    diff_run_test.go:16: step=78 | Book(id=apt79 p=pat0 ex=ex9 dev=dev7 start=1370 now=1043) | => 时钟回退 | 优先级：类别>植入物>肾时效>肾下限>设备>质控>留观；半开区间恰相接合法
    diff_run_test.go:16: step=79 | Book(id=apt80 p=pat2 ex=ex9 dev=dev3 start=4977 now=4648) | => 时钟回退 | 优先级：类别>植入物>肾时效>肾下限>设备>质控>留观；半开区间恰相接合法
    diff_run_test.go:16: step=80 | RegisterExamType(id=ex10 class=1 dur=47 enh=false) | => <nil> | 检查类型确定类别/时长/是否增强
    diff_run_test.go:16: step=81 | Book(id=apt82 p=pat7 ex=ex9 dev=dev3 start=4657 now=420) | => 时钟回退 | 优先级：类别>植入物>肾时效>肾下限>设备>质控>留观；半开区间恰相接合法
    diff_run_test.go:16: step=82 | Cancel(apt=apt80 now=2571) | => 时钟回退 | 已签到/已取消不可取消；否则释放占用
    diff_run_test.go:16: step=83 | Book(id=apt84 p=pat8 ex=ex9 dev=dev5 start=2293 now=2132) | => 时钟回退 | 优先级：类别>植入物>肾时效>肾下限>设备>质控>留观；半开区间恰相接合法
    diff_run_test.go:16: step=84 | RecordKidney(p=pat1 v=77 at=2281 now=2559) | => 时钟回退 | 采样最晚、并列登记后者生效；now 必须单调
    diff_run_test.go:16: step=85 | AddQC(dev=dev8 [1244,1342)) | => <nil> | 质控为日内半开区间，与每日重复模板求交
    diff_run_test.go:16: step=86 | RegisterPatient(id=pat12 hi=true noImp=true maxFS=0 allerg=true) | => <nil> | 患者确定风险等级、植入物场强上限与过敏史
    diff_run_test.go:16: step=87 | Premed(apt=apt36 at=2469 now=2809) | => 时钟回退 | 仅已受理状态可登记；开始时刻不晚于 now
    diff_run_test.go:16: step=88 | Cancel(apt=apt56 now=2788) | => 时钟回退 | 已签到/已取消不可取消；否则释放占用
    diff_run_test.go:16: step=89 | RegisterExamType(id=ex11 class=2 dur=92 enh=true) | => <nil> | 检查类型确定类别/时长/是否增强
    diff_run_test.go:16: step=90 | Premed(apt=apt36 at=2545 now=2885) | => 时钟回退 | 仅已受理状态可登记；开始时刻不晚于 now
    diff_run_test.go:16: step=91 | Cancel(apt=apt44 now=2781) | => 时钟回退 | 已签到/已取消不可取消；否则释放占用
    diff_run_test.go:16: step=92 | Book(id=apt93 p=pat0 ex=ex3 dev=dev0 start=3201 now=2954) | => 时钟回退 | 优先级：类别>植入物>肾时效>肾下限>设备>质控>留观；半开区间恰相接合法
    diff_run_test.go:16: step=93 | Cancel(apt=apt44 now=2969) | => 时钟回退 | 已签到/已取消不可取消；否则释放占用
    diff_run_test.go:16: step=94 | CheckIn(apt=apt35 now=2924) | => 时钟回退 | 窗口[start-30,start+15]；复核肾/水化/预处理，失败转需改期并释放
    diff_run_test.go:16: step=95 | AddQC(dev=dev4 [1175,1176)) | => <nil> | 质控为日内半开区间，与每日重复模板求交
    diff_run_test.go:16: step=96 | RegisterDevice(id=dev9 class=1 fs=0) | => <nil> | CT 无场强；MR 场强为正整数
    diff_run_test.go:16: step=97 | RegisterPatient(id=pat13 hi=false noImp=true maxFS=0 allerg=false) | => <nil> | 患者确定风险等级、植入物场强上限与过敏史
    diff_run_test.go:16: step=98 | Hydration(apt=apt79 at=4772 now=4935) | => 对象不存在 | 仅已受理状态可登记；开始时刻不晚于 now
    diff_run_test.go:16: step=99 | Premed(apt=apt71 at=0 now=231) | => 时钟回退 | 仅已受理状态可登记；开始时刻不晚于 now
    diff_run_test.go:16: step=100 | AddQC(dev=dev6 [1172,1234)) | => <nil> | 质控为日内半开区间，与每日重复模板求交
    diff_run_test.go:16: step=101 | RecordKidney(p=pat4 v=22 at=3933 now=4281) | => 时钟回退 | 采样最晚、并列登记后者生效；now 必须单调
    diff_run_test.go:16: step=102 | RegisterExamType(id=ex12 class=2 dur=75 enh=true) | => <nil> | 检查类型确定类别/时长/是否增强
    diff_run_test.go:16: step=103 | RegisterExamType(id=ex13 class=1 dur=82 enh=false) | => <nil> | 检查类型确定类别/时长/是否增强
    diff_run_test.go:16: step=104 | RegisterDevice(id=dev10 class=2 fs=30) | => <nil> | CT 无场强；MR 场强为正整数
    diff_run_test.go:16: step=105 | RegisterPatient(id=pat14 hi=false noImp=false maxFS=15 allerg=false) | => <nil> | 患者确定风险等级、植入物场强上限与过敏史
    diff_run_test.go:16: step=106 | Reschedule(apt=apt21 start=5842 dev="dev0" now=3339) | => 时钟回退 | 旧占用不阻挡自身；全条件重判；成功后水化/预处理作废
    diff_run_test.go:16: step=107 | RegisterExamType(id=ex14 class=1 dur=41 enh=false) | => <nil> | 检查类型确定类别/时长/是否增强
    diff_run_test.go:16: step=108 | Book(id=apt109 p=pat5 ex=ex14 dev=dev3 start=678 now=677) | => 时钟回退 | 优先级：类别>植入物>肾时效>肾下限>设备>质控>留观；半开区间恰相接合法
    diff_run_test.go:16: step=109 | RecordKidney(p=pat14 v=85 at=3315 now=3373) | => 时钟回退 | 采样最晚、并列登记后者生效；now 必须单调
    diff_run_test.go:16: step=110 | Premed(apt=apt74 at=3179 now=3373) | => 时钟回退 | 仅已受理状态可登记；开始时刻不晚于 now
    diff_run_test.go:16: step=111 | AddQC(dev=dev8 [491,493)) | => <nil> | 质控为日内半开区间，与每日重复模板求交
    diff_run_test.go:16: step=112 | Premed(apt=apt79 at=3349 now=3551) | => 时钟回退 | 仅已受理状态可登记；开始时刻不晚于 now
    diff_run_test.go:16: step=113 | AddQC(dev=dev10 [918,1033)) | => <nil> | 质控为日内半开区间，与每日重复模板求交
    diff_run_test.go:16: step=114 | RegisterExamType(id=ex15 class=2 dur=48 enh=false) | => <nil> | 检查类型确定类别/时长/是否增强
    diff_run_test.go:16: step=115 | RecordKidney(p=pat2 v=80 at=3374 now=3579) | => 时钟回退 | 采样最晚、并列登记后者生效；now 必须单调
    diff_run_test.go:16: step=116 | Book(id=apt117 p=pat8 ex=ex11 dev=dev10 start=3365 now=3097) | => 时钟回退 | 优先级：类别>植入物>肾时效>肾下限>设备>质控>留观；半开区间恰相接合法
    diff_run_test.go:16: step=117 | RegisterDevice(id=dev11 class=2 fs=70) | => <nil> | CT 无场强；MR 场强为正整数
    diff_run_test.go:16: step=118 | Premed(apt=apt50 at=3636 now=3744) | => 时钟回退 | 仅已受理状态可登记；开始时刻不晚于 now
    diff_run_test.go:16: step=119 | Premed(apt=apt117 at=3391 now=3776) | => 时钟回退 | 仅已受理状态可登记；开始时刻不晚于 now
    diff_run_test.go:16: step=0 | RegisterDevice(id=dev0 class=1 fs=0) | => <nil> | CT 无场强；MR 场强为正整数
    diff_run_test.go:16: step=1 | RegisterDevice(id=dev1 class=2 fs=15) | => <nil> | CT 无场强；MR 场强为正整数
    diff_run_test.go:16: step=2 | RegisterDevice(id=dev2 class=2 fs=70) | => <nil> | CT 无场强；MR 场强为正整数
    diff_run_test.go:16: step=3 | RegisterDevice(id=dev3 class=1 fs=0) | => <nil> | CT 无场强；MR 场强为正整数
    diff_run_test.go:16: step=4 | RegisterExamType(id=ex0 class=1 dur=79 enh=true) | => <nil> | 检查类型确定类别/时长/是否增强
    diff_run_test.go:16: step=5 | RegisterExamType(id=ex1 class=2 dur=32 enh=true) | => <nil> | 检查类型确定类别/时长/是否增强
    diff_run_test.go:16: step=6 | RegisterExamType(id=ex2 class=1 dur=131 enh=false) | => <nil> | 检查类型确定类别/时长/是否增强
    diff_run_test.go:16: step=7 | RegisterExamType(id=ex3 class=1 dur=113 enh=true) | => <nil> | 检查类型确定类别/时长/是否增强
    diff_run_test.go:16: step=8 | RegisterExamType(id=ex4 class=2 dur=67 enh=true) | => <nil> | 检查类型确定类别/时长/是否增强
    diff_run_test.go:16: step=9 | RegisterExamType(id=ex5 class=1 dur=42 enh=false) | => <nil> | 检查类型确定类别/时长/是否增强
    diff_run_test.go:16: step=10 | RegisterPatient(id=pat0 hi=false noImp=true maxFS=0 allerg=true) | => <nil> | 患者确定风险等级、植入物场强上限与过敏史
    diff_run_test.go:16: step=11 | RegisterPatient(id=pat1 hi=true noImp=true maxFS=0 allerg=true) | => <nil> | 患者确定风险等级、植入物场强上限与过敏史
    diff_run_test.go:16: step=12 | RegisterPatient(id=pat2 hi=false noImp=true maxFS=0 allerg=false) | => <nil> | 患者确定风险等级、植入物场强上限与过敏史
    diff_run_test.go:16: step=13 | RegisterPatient(id=pat3 hi=true noImp=true maxFS=0 allerg=false) | => <nil> | 患者确定风险等级、植入物场强上限与过敏史
    diff_run_test.go:16: step=14 | RegisterPatient(id=pat4 hi=false noImp=true maxFS=0 allerg=false) | => <nil> | 患者确定风险等级、植入物场强上限与过敏史
    diff_run_test.go:16: step=15 | RegisterPatient(id=pat5 hi=true noImp=false maxFS=30 allerg=false) | => <nil> | 患者确定风险等级、植入物场强上限与过敏史
    diff_run_test.go:16: step=16 | Book(id=apt17 p=pat0 ex=ex4 dev=dev1 start=2303 now=1989) | => 结果缺失或过期 | 优先级：类别>植入物>肾时效>肾下限>设备>质控>留观；半开区间恰相接合法
    diff_run_test.go:16: step=17 | Hydration(apt=apt17 at=413 now=628) | => 对象不存在 | 仅已受理状态可登记；开始时刻不晚于 now
    diff_run_test.go:16: step=18 | Hydration(apt=apt17 at=590 now=689) | => 对象不存在 | 仅已受理状态可登记；开始时刻不晚于 now
    diff_run_test.go:16: step=19 | Book(id=apt20 p=pat3 ex=ex3 dev=dev0 start=2735 now=2524) | => 结果缺失或过期 | 优先级：类别>植入物>肾时效>肾下限>设备>质控>留观；半开区间恰相接合法
    diff_run_test.go:16: step=20 | Book(id=apt21 p=pat1 ex=ex4 dev=dev2 start=2715 now=2341) | => 结果缺失或过期 | 优先级：类别>植入物>肾时效>肾下限>设备>质控>留观；半开区间恰相接合法
    diff_run_test.go:16: step=21 | RecordKidney(p=pat3 v=33 at=564 now=776) | => <nil> | 采样最晚、并列登记后者生效；now 必须单调
    diff_run_test.go:16: step=22 | Premed(apt=apt21 at=494 now=861) | => 对象不存在 | 仅已受理状态可登记；开始时刻不晚于 now
    diff_run_test.go:16: step=23 | Book(id=apt24 p=pat4 ex=ex2 dev=dev3 start=2279 now=2233) | => <nil> | 优先级：类别>植入物>肾时效>肾下限>设备>质控>留观；半开区间恰相接合法
    diff_run_test.go:16: step=24 | RecordKidney(p=pat1 v=26 at=751 now=761) | => 时钟回退 | 采样最晚、并列登记后者生效；now 必须单调
    diff_run_test.go:16: step=25 | Cancel(apt=apt24 now=865) | => 时钟回退 | 已签到/已取消不可取消；否则释放占用
    diff_run_test.go:16: step=26 | Premed(apt=apt17 at=641 now=898) | => 时钟回退 | 仅已受理状态可登记；开始时刻不晚于 now
    diff_run_test.go:16: step=27 | RegisterExamType(id=ex6 class=2 dur=77 enh=false) | => <nil> | 检查类型确定类别/时长/是否增强
    diff_run_test.go:16: step=28 | RegisterExamType(id=ex7 class=1 dur=127 enh=false) | => <nil> | 检查类型确定类别/时长/是否增强
    diff_run_test.go:16: step=29 | Book(id=apt30 p=pat1 ex=ex0 dev=dev3 start=2460 now=2258) | => 结果缺失或过期 | 优先级：类别>植入物>肾时效>肾下限>设备>质控>留观；半开区间恰相接合法
    diff_run_test.go:16: step=30 | Hydration(apt=apt21 at=905 now=1082) | => 时钟回退 | 仅已受理状态可登记；开始时刻不晚于 now
    diff_run_test.go:16: step=31 | Book(id=apt32 p=pat4 ex=ex6 dev=dev2 start=5332 now=5180) | => <nil> | 优先级：类别>植入物>肾时效>肾下限>设备>质控>留观；半开区间恰相接合法
    diff_run_test.go:16: step=32 | RegisterPatient(id=pat6 hi=true noImp=true maxFS=0 allerg=false) | => <nil> | 患者确定风险等级、植入物场强上限与过敏史
    diff_run_test.go:16: step=33 | RegisterDevice(id=dev3 class=1 fs=0) | => 参数非法 | CT 无场强；MR 场强为正整数
    diff_run_test.go:16: step=34 | CheckIn(apt=apt21 now=1080) | => 时钟回退 | 窗口[start-30,start+15]；复核肾/水化/预处理，失败转需改期并释放
    diff_run_test.go:16: step=35 | RecordKidney(p=pat0 v=73 at=822 now=1152) | => 时钟回退 | 采样最晚、并列登记后者生效；now 必须单调
    diff_run_test.go:16: step=36 | AddQC(dev=dev1 [945,1051)) | => <nil> | 质控为日内半开区间，与每日重复模板求交
    diff_run_test.go:16: step=37 | Reschedule(apt=apt20 start=2714 dev="dev4" now=1322) | => 时钟回退 | 旧占用不阻挡自身；全条件重判；成功后水化/预处理作废
    diff_run_test.go:16: step=38 | RecordKidney(p=pat3 v=49 at=1169 now=1223) | => 时钟回退 | 采样最晚、并列登记后者生效；now 必须单调
    diff_run_test.go:16: step=39 | Hydration(apt=apt30 at=1326 now=1383) | => 时钟回退 | 仅已受理状态可登记；开始时刻不晚于 now
    diff_run_test.go:16: step=40 | RegisterExamType(id=ex8 class=1 dur=117 enh=false) | => <nil> | 检查类型确定类别/时长/是否增强
    diff_run_test.go:16: step=41 | Hydration(apt=apt30 at=1345 now=1357) | => 时钟回退 | 仅已受理状态可登记；开始时刻不晚于 now
    diff_run_test.go:16: step=42 | RegisterExamType(id=ex9 class=2 dur=104 enh=true) | => <nil> | 检查类型确定类别/时长/是否增强
    diff_run_test.go:16: step=43 | Reschedule(apt=apt32 start=566 dev="dev2" now=1462) | => 时钟回退 | 旧占用不阻挡自身；全条件重判；成功后水化/预处理作废
    diff_run_test.go:16: step=44 | AddQC(dev=dev0 [1145,1207)) | => <nil> | 质控为日内半开区间，与每日重复模板求交
    diff_run_test.go:16: step=45 | RegisterDevice(id=dev5 class=2 fs=70) | => <nil> | CT 无场强；MR 场强为正整数
    diff_run_test.go:16: step=46 | RegisterDevice(id=dev6 class=1 fs=0) | => <nil> | CT 无场强；MR 场强为正整数
    diff_run_test.go:16: step=47 | RecordKidney(p=pat4 v=78 at=1114 now=1447) | => 时钟回退 | 采样最晚、并列登记后者生效；now 必须单调
    diff_run_test.go:16: step=48 | CheckIn(apt=apt30 now=1488) | => 时钟回退 | 窗口[start-30,start+15]；复核肾/水化/预处理，失败转需改期并释放
    diff_run_test.go:16: step=49 | Cancel(apt=apt24 now=1509) | => 时钟回退 | 已签到/已取消不可取消；否则释放占用
    diff_run_test.go:16: step=50 | AddQC(dev=dev3 [1044,1084)) | => <nil> | 质控为日内半开区间，与每日重复模板求交
    diff_run_test.go:16: step=51 | CheckIn(apt=apt30 now=1607) | => 时钟回退 | 窗口[start-30,start+15]；复核肾/水化/预处理，失败转需改期并释放
    diff_run_test.go:16: step=52 | RegisterPatient(id=pat7 hi=false noImp=false maxFS=70 allerg=true) | => <nil> | 患者确定风险等级、植入物场强上限与过敏史
    diff_run_test.go:16: step=53 | CheckIn(apt=apt30 now=1655) | => 时钟回退 | 窗口[start-30,start+15]；复核肾/水化/预处理，失败转需改期并释放
    diff_run_test.go:16: step=54 | RegisterExamType(id=ex10 class=1 dur=48 enh=false) | => <nil> | 检查类型确定类别/时长/是否增强
    diff_run_test.go:16: step=55 | RegisterDevice(id=dev7 class=1 fs=0) | => <nil> | CT 无场强；MR 场强为正整数
    diff_run_test.go:16: step=56 | Book(id=apt57 p=pat1 ex=ex6 dev=dev2 start=5959 now=5844) | => <nil> | 优先级：类别>植入物>肾时效>肾下限>设备>质控>留观；半开区间恰相接合法
    diff_run_test.go:16: step=57 | RegisterDevice(id=dev8 class=2 fs=30) | => <nil> | CT 无场强；MR 场强为正整数
    diff_run_test.go:16: step=58 | AddQC(dev=dev7 [964,982)) | => <nil> | 质控为日内半开区间，与每日重复模板求交
    diff_run_test.go:16: step=59 | CheckIn(apt=apt20 now=1871) | => 时钟回退 | 窗口[start-30,start+15]；复核肾/水化/预处理，失败转需改期并释放
    diff_run_test.go:16: step=60 | RegisterDevice(id=dev9 class=2 fs=70) | => <nil> | CT 无场强；MR 场强为正整数
    diff_run_test.go:16: step=61 | RecordKidney(p=pat5 v=79 at=1545 now=1907) | => 时钟回退 | 采样最晚、并列登记后者生效；now 必须单调
    diff_run_test.go:16: step=62 | RegisterExamType(id=ex11 class=2 dur=114 enh=false) | => <nil> | 检查类型确定类别/时长/是否增强
    diff_run_test.go:16: step=63 | Premed(apt=apt24 at=1671 now=1952) | => 时钟回退 | 仅已受理状态可登记；开始时刻不晚于 now
    diff_run_test.go:16: step=64 | RegisterExamType(id=ex12 class=1 dur=131 enh=false) | => <nil> | 检查类型确定类别/时长/是否增强
    diff_run_test.go:16: step=65 | Hydration(apt=apt57 at=1921 now=2110) | => 时钟回退 | 仅已受理状态可登记；开始时刻不晚于 now
    diff_run_test.go:16: step=66 | Cancel(apt=apt32 now=2042) | => 时钟回退 | 已签到/已取消不可取消；否则释放占用
    diff_run_test.go:16: step=67 | Book(id=apt68 p=pat7 ex=ex4 dev=dev5 start=3120 now=2968) | => 时钟回退 | 优先级：类别>植入物>肾时效>肾下限>设备>质控>留观；半开区间恰相接合法
    diff_run_test.go:16: step=68 | Cancel(apt=apt68 now=2100) | => 时钟回退 | 已签到/已取消不可取消；否则释放占用
    diff_run_test.go:16: step=69 | Premed(apt=apt24 at=1923 now=2273) | => 时钟回退 | 仅已受理状态可登记；开始时刻不晚于 now
    diff_run_test.go:16: step=70 | RegisterDevice(id=dev10 class=1 fs=0) | => <nil> | CT 无场强；MR 场强为正整数
    diff_run_test.go:16: step=71 | Hydration(apt=apt24 at=2137 now=2242) | => 时钟回退 | 仅已受理状态可登记；开始时刻不晚于 now
    diff_run_test.go:16: step=72 | Premed(apt=apt30 at=2189 now=2263) | => 时钟回退 | 仅已受理状态可登记；开始时刻不晚于 now
    diff_run_test.go:16: step=73 | Premed(apt=apt20 at=2118 now=2367) | => 时钟回退 | 仅已受理状态可登记；开始时刻不晚于 now
    diff_run_test.go:16: step=74 | Book(id=apt75 p=pat4 ex=ex2 dev=dev4 start=3445 now=3164) | => 时钟回退 | 优先级：类别>植入物>肾时效>肾下限>设备>质控>留观；半开区间恰相接合法
    diff_run_test.go:16: step=75 | RegisterExamType(id=ex13 class=1 dur=41 enh=false) | => <nil> | 检查类型确定类别/时长/是否增强
    diff_run_test.go:16: step=76 | Hydration(apt=apt30 at=2148 now=2421) | => 时钟回退 | 仅已受理状态可登记；开始时刻不晚于 now
    diff_run_test.go:16: step=77 | AddQC(dev=dev5 [760,879)) | => <nil> | 质控为日内半开区间，与每日重复模板求交
    diff_run_test.go:16: step=78 | Book(id=apt79 p=pat7 ex=ex2 dev=dev4 start=989 now=689) | => 时钟回退 | 优先级：类别>植入物>肾时效>肾下限>设备>质控>留观；半开区间恰相接合法
    diff_run_test.go:16: step=79 | Book(id=apt80 p=pat2 ex=ex2 dev=dev9 start=1177 now=4589) | => 时钟回退 | 优先级：类别>植入物>肾时效>肾下限>设备>质控>留观；半开区间恰相接合法
    diff_run_test.go:16: step=80 | RecordKidney(p=pat2 v=50 at=2376 now=2585) | => 时钟回退 | 采样最晚、并列登记后者生效；now 必须单调
    diff_run_test.go:16: step=81 | RegisterExamType(id=ex14 class=1 dur=115 enh=true) | => <nil> | 检查类型确定类别/时长/是否增强
    diff_run_test.go:16: step=82 | Book(id=apt83 p=pat6 ex=ex5 dev=dev6 start=3393 now=3346) | => 时钟回退 | 优先级：类别>植入物>肾时效>肾下限>设备>质控>留观；半开区间恰相接合法
    diff_run_test.go:16: step=83 | CheckIn(apt=apt20 now=2645) | => 时钟回退 | 窗口[start-30,start+15]；复核肾/水化/预处理，失败转需改期并释放
    diff_run_test.go:16: step=84 | RegisterDevice(id=dev11 class=2 fs=15) | => <nil> | CT 无场强；MR 场强为正整数
    diff_run_test.go:16: step=85 | Book(id=apt86 p=pat5 ex=ex3 dev=dev0 start=2594 now=2267) | => 时钟回退 | 优先级：类别>植入物>肾时效>肾下限>设备>质控>留观；半开区间恰相接合法
    diff_run_test.go:16: step=86 | RegisterExamType(id=ex15 class=1 dur=102 enh=false) | => <nil> | 检查类型确定类别/时长/是否增强
    diff_run_test.go:16: step=87 | RegisterExamType(id=ex16 class=1 dur=107 enh=false) | => <nil> | 检查类型确定类别/时长/是否增强
    diff_run_test.go:16: step=88 | Premed(apt=apt24 at=2755 now=2777) | => 时钟回退 | 仅已受理状态可登记；开始时刻不晚于 now
    diff_run_test.go:16: step=89 | Reschedule(apt=apt68 start=2377 dev="dev6" now=2837) | => 时钟回退 | 旧占用不阻挡自身；全条件重判；成功后水化/预处理作废
    diff_run_test.go:16: step=90 | Book(id=apt91 p=pat1 ex=ex3 dev=dev10 start=1676 now=1207) | => 时钟回退 | 优先级：类别>植入物>肾时效>肾下限>设备>质控>留观；半开区间恰相接合法
    diff_run_test.go:16: step=91 | RecordKidney(p=pat3 v=23 at=2634 now=2877) | => 时钟回退 | 采样最晚、并列登记后者生效；now 必须单调
    diff_run_test.go:16: step=92 | Reschedule(apt=apt91 start=2805 dev="" now=4171) | => 时钟回退 | 旧占用不阻挡自身；全条件重判；成功后水化/预处理作废
    diff_run_test.go:16: step=93 | Premed(apt=apt21 at=2954 now=2956) | => 时钟回退 | 仅已受理状态可登记；开始时刻不晚于 now
    diff_run_test.go:16: step=94 | Book(id=apt95 p=pat1 ex=ex9 dev=dev8 start=3585 now=3463) | => 时钟回退 | 优先级：类别>植入物>肾时效>肾下限>设备>质控>留观；半开区间恰相接合法
    diff_run_test.go:16: step=95 | Reschedule(apt=apt95 start=4489 dev="" now=2975) | => 时钟回退 | 旧占用不阻挡自身；全条件重判；成功后水化/预处理作废
    diff_run_test.go:16: step=96 | RegisterPatient(id=pat8 hi=false noImp=false maxFS=15 allerg=true) | => <nil> | 患者确定风险等级、植入物场强上限与过敏史
    diff_run_test.go:16: step=97 | Book(id=apt98 p=pat4 ex=ex3 dev=dev4 start=3298 now=3271) | => 时钟回退 | 优先级：类别>植入物>肾时效>肾下限>设备>质控>留观；半开区间恰相接合法
    diff_run_test.go:16: step=98 | RegisterPatient(id=pat9 hi=true noImp=true maxFS=0 allerg=false) | => <nil> | 患者确定风险等级、植入物场强上限与过敏史
    diff_run_test.go:16: step=99 | Reschedule(apt=apt21 start=5369 dev="" now=3009) | => 时钟回退 | 旧占用不阻挡自身；全条件重判；成功后水化/预处理作废
    diff_run_test.go:16: step=100 | RegisterDevice(id=dev12 class=1 fs=0) | => <nil> | CT 无场强；MR 场强为正整数
    diff_run_test.go:16: step=101 | RegisterPatient(id=pat10 hi=false noImp=true maxFS=0 allerg=false) | => <nil> | 患者确定风险等级、植入物场强上限与过敏史
    diff_run_test.go:16: step=102 | CheckIn(apt=apt57 now=3210) | => 时钟回退 | 窗口[start-30,start+15]；复核肾/水化/预处理，失败转需改期并释放
    diff_run_test.go:16: step=103 | Premed(apt=apt68 at=3137 now=3268) | => 时钟回退 | 仅已受理状态可登记；开始时刻不晚于 now
    diff_run_test.go:16: step=104 | Book(id=apt105 p=pat5 ex=ex9 dev=dev8 start=3466 now=2994) | => 时钟回退 | 优先级：类别>植入物>肾时效>肾下限>设备>质控>留观；半开区间恰相接合法
    diff_run_test.go:16: step=105 | Book(id=apt106 p=pat8 ex=ex13 dev=dev3 start=4728 now=4430) | => 时钟回退 | 优先级：类别>植入物>肾时效>肾下限>设备>质控>留观；半开区间恰相接合法
    diff_run_test.go:16: step=106 | Book(id=apt107 p=pat6 ex=ex0 dev=dev7 start=4968 now=4724) | => 时钟回退 | 优先级：类别>植入物>肾时效>肾下限>设备>质控>留观；半开区间恰相接合法
    diff_run_test.go:16: step=107 | CheckIn(apt=apt106 now=3276) | => 时钟回退 | 窗口[start-30,start+15]；复核肾/水化/预处理，失败转需改期并释放
    diff_run_test.go:16: step=108 | RegisterExamType(id=ex17 class=1 dur=107 enh=true) | => <nil> | 检查类型确定类别/时长/是否增强
    diff_run_test.go:16: step=109 | Premed(apt=apt17 at=3077 now=3359) | => 时钟回退 | 仅已受理状态可登记；开始时刻不晚于 now
    diff_run_test.go:16: step=110 | RecordKidney(p=pat6 v=72 at=3014 now=3400) | => 时钟回退 | 采样最晚、并列登记后者生效；now 必须单调
    diff_run_test.go:16: step=111 | RegisterDevice(id=dev13 class=1 fs=0) | => <nil> | CT 无场强；MR 场强为正整数
    diff_run_test.go:16: step=112 | RegisterPatient(id=pat11 hi=false noImp=false maxFS=30 allerg=false) | => <nil> | 患者确定风险等级、植入物场强上限与过敏史
    diff_run_test.go:16: step=113 | Hydration(apt=apt68 at=3323 now=3598) | => 时钟回退 | 仅已受理状态可登记；开始时刻不晚于 now
    diff_run_test.go:16: step=114 | Cancel(apt=apt30 now=3615) | => 时钟回退 | 已签到/已取消不可取消；否则释放占用
    diff_run_test.go:16: step=115 | RegisterPatient(id=pat12 hi=false noImp=false maxFS=70 allerg=false) | => <nil> | 患者确定风险等级、植入物场强上限与过敏史
    diff_run_test.go:16: step=116 | AddQC(dev=dev3 [332,448)) | => <nil> | 质控为日内半开区间，与每日重复模板求交
    diff_run_test.go:16: step=117 | Premed(apt=apt32 at=3532 now=3606) | => 时钟回退 | 仅已受理状态可登记；开始时刻不晚于 now
    diff_run_test.go:16: step=118 | RegisterPatient(id=pat13 hi=true noImp=true maxFS=0 allerg=false) | => <nil> | 患者确定风险等级、植入物场强上限与过敏史
    diff_run_test.go:16: step=119 | RegisterExamType(id=ex18 class=2 dur=117 enh=false) | => <nil> | 检查类型确定类别/时长/是否增强
    diff_run_test.go:16: step=0 | RegisterDevice(id=dev0 class=1 fs=0) | => <nil> | CT 无场强；MR 场强为正整数
    diff_run_test.go:16: step=1 | RegisterDevice(id=dev1 class=2 fs=70) | => <nil> | CT 无场强；MR 场强为正整数
    diff_run_test.go:16: step=2 | RegisterDevice(id=dev2 class=1 fs=0) | => <nil> | CT 无场强；MR 场强为正整数
    diff_run_test.go:16: step=3 | RegisterDevice(id=dev3 class=1 fs=0) | => <nil> | CT 无场强；MR 场强为正整数
    diff_run_test.go:16: step=4 | RegisterExamType(id=ex0 class=1 dur=84 enh=true) | => <nil> | 检查类型确定类别/时长/是否增强
    diff_run_test.go:16: step=5 | RegisterExamType(id=ex1 class=2 dur=54 enh=true) | => <nil> | 检查类型确定类别/时长/是否增强
    diff_run_test.go:16: step=6 | RegisterExamType(id=ex2 class=1 dur=32 enh=false) | => <nil> | 检查类型确定类别/时长/是否增强
    diff_run_test.go:16: step=7 | RegisterExamType(id=ex3 class=1 dur=110 enh=true) | => <nil> | 检查类型确定类别/时长/是否增强
    diff_run_test.go:16: step=8 | RegisterExamType(id=ex4 class=2 dur=21 enh=false) | => <nil> | 检查类型确定类别/时长/是否增强
    diff_run_test.go:16: step=9 | RegisterExamType(id=ex5 class=2 dur=129 enh=true) | => <nil> | 检查类型确定类别/时长/是否增强
    diff_run_test.go:16: step=10 | RegisterPatient(id=pat0 hi=true noImp=false maxFS=15 allerg=false) | => <nil> | 患者确定风险等级、植入物场强上限与过敏史
    diff_run_test.go:16: step=11 | RegisterPatient(id=pat1 hi=true noImp=false maxFS=30 allerg=false) | => <nil> | 患者确定风险等级、植入物场强上限与过敏史
    diff_run_test.go:16: step=12 | RegisterPatient(id=pat2 hi=false noImp=false maxFS=30 allerg=false) | => <nil> | 患者确定风险等级、植入物场强上限与过敏史
    diff_run_test.go:16: step=13 | RegisterPatient(id=pat3 hi=true noImp=false maxFS=30 allerg=false) | => <nil> | 患者确定风险等级、植入物场强上限与过敏史
    diff_run_test.go:16: step=14 | RegisterPatient(id=pat4 hi=true noImp=true maxFS=0 allerg=false) | => <nil> | 患者确定风险等级、植入物场强上限与过敏史
    diff_run_test.go:16: step=15 | RegisterPatient(id=pat5 hi=true noImp=false maxFS=30 allerg=false) | => <nil> | 患者确定风险等级、植入物场强上限与过敏史
    diff_run_test.go:16: step=16 | RegisterPatient(id=pat6 hi=false noImp=false maxFS=70 allerg=true) | => <nil> | 患者确定风险等级、植入物场强上限与过敏史
    diff_run_test.go:16: step=17 | CheckIn(apt=ghost now=698) | => 对象不存在 | 窗口[start-30,start+15]；复核肾/水化/预处理，失败转需改期并释放
    diff_run_test.go:16: step=18 | RegisterDevice(id=dev4 class=1 fs=0) | => <nil> | CT 无场强；MR 场强为正整数
    diff_run_test.go:16: step=19 | Book(id=apt20 p=pat3 ex=ex0 dev=dev0 start=2681 now=2651) | => 结果缺失或过期 | 优先级：类别>植入物>肾时效>肾下限>设备>质控>留观；半开区间恰相接合法
    diff_run_test.go:16: step=20 | AddQC(dev=dev3 [325,394)) | => <nil> | 质控为日内半开区间，与每日重复模板求交
    diff_run_test.go:16: step=21 | AddQC(dev=dev0 [362,363)) | => <nil> | 质控为日内半开区间，与每日重复模板求交
    diff_run_test.go:16: step=22 | Reschedule(apt=apt20 start=196 dev="" now=754) | => 对象不存在 | 旧占用不阻挡自身；全条件重判；成功后水化/预处理作废
    diff_run_test.go:16: step=23 | RegisterDevice(id=dev5 class=2 fs=15) | => <nil> | CT 无场强；MR 场强为正整数
    diff_run_test.go:16: step=24 | RegisterExamType(id=ex6 class=1 dur=56 enh=true) | => <nil> | 检查类型确定类别/时长/是否增强
    diff_run_test.go:16: step=25 | AddQC(dev=dev1 [758,760)) | => <nil> | 质控为日内半开区间，与每日重复模板求交
    diff_run_test.go:16: step=26 | RegisterPatient(id=pat7 hi=true noImp=false maxFS=70 allerg=false) | => <nil> | 患者确定风险等级、植入物场强上限与过敏史
    diff_run_test.go:16: step=27 | Cancel(apt=apt20 now=2070) | => 对象不存在 | 已签到/已取消不可取消；否则释放占用
    diff_run_test.go:16: step=28 | CheckIn(apt=apt20 now=1058) | => 对象不存在 | 窗口[start-30,start+15]；复核肾/水化/预处理，失败转需改期并释放
    diff_run_test.go:16: step=29 | Reschedule(apt=apt20 start=6003 dev="dev3" now=3586) | => 对象不存在 | 旧占用不阻挡自身；全条件重判；成功后水化/预处理作废
    diff_run_test.go:16: step=30 | RegisterPatient(id=pat8 hi=true noImp=true maxFS=0 allerg=false) | => <nil> | 患者确定风险等级、植入物场强上限与过敏史
    diff_run_test.go:16: step=31 | Book(id=apt32 p=pat7 ex=ex4 dev=dev1 start=2765 now=2464) | => <nil> | 优先级：类别>植入物>肾时效>肾下限>设备>质控>留观；半开区间恰相接合法
    diff_run_test.go:16: step=32 | RegisterExamType(id=ex7 class=2 dur=68 enh=true) | => <nil> | 检查类型确定类别/时长/是否增强
    diff_run_test.go:16: step=33 | Premed(apt=apt32 at=943 now=1174) | => 时钟回退 | 仅已受理状态可登记；开始时刻不晚于 now
    diff_run_test.go:16: step=34 | RegisterDevice(id=dev6 class=2 fs=15) | => <nil> | CT 无场强；MR 场强为正整数
    diff_run_test.go:16: step=35 | Cancel(apt=apt32 now=1213) | => 时钟回退 | 已签到/已取消不可取消；否则释放占用
    diff_run_test.go:16: step=36 | Cancel(apt=apt20 now=1115) | => 时钟回退 | 已签到/已取消不可取消；否则释放占用
    diff_run_test.go:16: step=37 | Book(id=apt38 p=pat3 ex=ex5 dev=dev6 start=2154 now=2085) | => 时钟回退 | 优先级：类别>植入物>肾时效>肾下限>设备>质控>留观；半开区间恰相接合法
    diff_run_test.go:16: step=38 | AddQC(dev=dev4 [1119,1234)) | => <nil> | 质控为日内半开区间，与每日重复模板求交
    diff_run_test.go:16: step=39 | Book(id=apt40 p=pat7 ex=ex2 dev=dev6 start=5921 now=5635) | => 设备类别不符 | 优先级：类别>植入物>肾时效>肾下限>设备>质控>留观；半开区间恰相接合法
    diff_run_test.go:16: step=40 | CheckIn(apt=apt20 now=1378) | => 时钟回退 | 窗口[start-30,start+15]；复核肾/水化/预处理，失败转需改期并释放
    diff_run_test.go:16: step=41 | Cancel(apt=apt20 now=1284) | => 时钟回退 | 已签到/已取消不可取消；否则释放占用
    diff_run_test.go:16: step=42 | RegisterDevice(id=dev0 class=2 fs=30) | => 参数非法 | CT 无场强；MR 场强为正整数
    diff_run_test.go:16: step=43 | Book(id=apt44 p=pat1 ex=ex4 dev=dev5 start=453 now=27) | => 时钟回退 | 优先级：类别>植入物>肾时效>肾下限>设备>质控>留观；半开区间恰相接合法
    diff_run_test.go:16: step=44 | Book(id=apt45 p=pat3 ex=ex4 dev=dev3 start=3534 now=3481) | => 设备类别不符 | 优先级：类别>植入物>肾时效>肾下限>设备>质控>留观；半开区间恰相接合法
    diff_run_test.go:16: step=45 | RecordKidney(p=pat8 v=36 at=1351 now=1536) | => 时钟回退 | 采样最晚、并列登记后者生效；now 必须单调
    diff_run_test.go:16: step=46 | Book(id=apt47 p=pat8 ex=ex4 dev=dev7 start=254 now=0) | => 时钟回退 | 优先级：类别>植入物>肾时效>肾下限>设备>质控>留观；半开区间恰相接合法
    diff_run_test.go:16: step=47 | RecordKidney(p=pat8 v=74 at=1284 now=1614) | => 时钟回退 | 采样最晚、并列登记后者生效；now 必须单调
    diff_run_test.go:16: step=48 | AddQC(dev=dev5 [841,911)) | => <nil> | 质控为日内半开区间，与每日重复模板求交
    diff_run_test.go:16: step=49 | RegisterDevice(id=dev8 class=2 fs=15) | => <nil> | CT 无场强；MR 场强为正整数
    diff_run_test.go:16: step=50 | Cancel(apt=apt45 now=1567) | => 时钟回退 | 已签到/已取消不可取消；否则释放占用
    diff_run_test.go:16: step=51 | CheckIn(apt=apt40 now=1652) | => 时钟回退 | 窗口[start-30,start+15]；复核肾/水化/预处理，失败转需改期并释放
    diff_run_test.go:16: step=52 | Reschedule(apt=apt45 start=5261 dev="dev7" now=1711) | => 时钟回退 | 旧占用不阻挡自身；全条件重判；成功后水化/预处理作废
    diff_run_test.go:16: step=53 | Book(id=apt54 p=pat4 ex=ex1 dev=dev8 start=4293 now=4237) | => 结果缺失或过期 | 优先级：类别>植入物>肾时效>肾下限>设备>质控>留观；半开区间恰相接合法
    diff_run_test.go:16: step=54 | Hydration(apt=apt47 at=1689 now=1826) | => 时钟回退 | 仅已受理状态可登记；开始时刻不晚于 now
    diff_run_test.go:16: step=55 | RecordKidney(p=pat1 v=69 at=1720 now=1833) | => 时钟回退 | 采样最晚、并列登记后者生效；now 必须单调
    diff_run_test.go:16: step=56 | AddQC(dev=dev2 [47,137)) | => <nil> | 质控为日内半开区间，与每日重复模板求交
    diff_run_test.go:16: step=57 | Book(id=apt58 p=pat1 ex=ex4 dev=dev8 start=5710 now=5277) | => <nil> | 优先级：类别>植入物>肾时效>肾下限>设备>质控>留观；半开区间恰相接合法
    diff_run_test.go:16: step=58 | AddQC(dev=dev3 [576,667)) | => <nil> | 质控为日内半开区间，与每日重复模板求交
    diff_run_test.go:16: step=59 | Premed(apt=apt32 at=1690 now=1848) | => 时钟回退 | 仅已受理状态可登记；开始时刻不晚于 now
    diff_run_test.go:16: step=60 | Hydration(apt=apt44 at=1834 now=1862) | => 时钟回退 | 仅已受理状态可登记；开始时刻不晚于 now
    diff_run_test.go:16: step=61 | AddQC(dev=dev0 [740,764)) | => <nil> | 质控为日内半开区间，与每日重复模板求交
    diff_run_test.go:16: step=62 | Reschedule(apt=apt32 start=4774 dev="" now=1918) | => 时钟回退 | 旧占用不阻挡自身；全条件重判；成功后水化/预处理作废
    diff_run_test.go:16: step=63 | RegisterPatient(id=pat9 hi=false noImp=false maxFS=30 allerg=true) | => <nil> | 患者确定风险等级、植入物场强上限与过敏史
    diff_run_test.go:16: step=64 | AddQC(dev=dev7 [428,518)) | => 对象不存在 | 质控为日内半开区间，与每日重复模板求交
    diff_run_test.go:16: step=65 | Reschedule(apt=apt20 start=1224 dev="" now=2562) | => 时钟回退 | 旧占用不阻挡自身；全条件重判；成功后水化/预处理作废
    diff_run_test.go:16: step=66 | Book(id=apt67 p=pat4 ex=ex5 dev=dev6 start=5751 now=5270) | => 时钟回退 | 优先级：类别>植入物>肾时效>肾下限>设备>质控>留观；半开区间恰相接合法
    diff_run_test.go:16: step=67 | Book(id=apt68 p=pat3 ex=ex3 dev=dev2 start=3436 now=3377) | => 时钟回退 | 优先级：类别>植入物>肾时效>肾下限>设备>质控>留观；半开区间恰相接合法
    diff_run_test.go:16: step=68 | RecordKidney(p=pat0 v=68 at=2042 now=2245) | => 时钟回退 | 采样最晚、并列登记后者生效；now 必须单调
    diff_run_test.go:16: step=69 | Hydration(apt=apt32 at=2042 now=2144) | => 时钟回退 | 仅已受理状态可登记；开始时刻不晚于 now
    diff_run_test.go:16: step=70 | Premed(apt=apt38 at=2045 now=2290) | => 时钟回退 | 仅已受理状态可登记；开始时刻不晚于 now
    diff_run_test.go:16: step=71 | Book(id=apt72 p=pat4 ex=ex5 dev=dev7 start=4424 now=4017) | => 时钟回退 | 优先级：类别>植入物>肾时效>肾下限>设备>质控>留观；半开区间恰相接合法
    diff_run_test.go:16: step=72 | RegisterExamType(id=ex8 class=1 dur=60 enh=true) | => <nil> | 检查类型确定类别/时长/是否增强
    diff_run_test.go:16: step=73 | Hydration(apt=apt38 at=2027 now=2311) | => 时钟回退 | 仅已受理状态可登记；开始时刻不晚于 now
    diff_run_test.go:16: step=74 | RegisterDevice(id=dev9 class=1 fs=0) | => <nil> | CT 无场强；MR 场强为正整数
    diff_run_test.go:16: step=75 | Cancel(apt=apt45 now=2338) | => 时钟回退 | 已签到/已取消不可取消；否则释放占用
    diff_run_test.go:16: step=76 | CheckIn(apt=apt72 now=2485) | => 时钟回退 | 窗口[start-30,start+15]；复核肾/水化/预处理，失败转需改期并释放
    diff_run_test.go:16: step=77 | AddQC(dev=dev5 [556,605)) | => <nil> | 质控为日内半开区间，与每日重复模板求交
    diff_run_test.go:16: step=78 | AddQC(dev=dev6 [863,952)) | => <nil> | 质控为日内半开区间，与每日重复模板求交
    diff_run_test.go:16: step=79 | RegisterDevice(id=dev10 class=2 fs=30) | => <nil> | CT 无场强；MR 场强为正整数
    diff_run_test.go:16: step=80 | AddQC(dev=dev8 [1030,1123)) | => <nil> | 质控为日内半开区间，与每日重复模板求交
    diff_run_test.go:16: step=81 | CheckIn(apt=apt32 now=2482) | => 时钟回退 | 窗口[start-30,start+15]；复核肾/水化/预处理，失败转需改期并释放
    diff_run_test.go:16: step=82 | Premed(apt=apt58 at=2488 now=2644) | => 时钟回退 | 仅已受理状态可登记；开始时刻不晚于 now
    diff_run_test.go:16: step=83 | RegisterDevice(id=dev11 class=1 fs=0) | => <nil> | CT 无场强；MR 场强为正整数
    diff_run_test.go:16: step=84 | RegisterPatient(id=pat10 hi=false noImp=true maxFS=0 allerg=false) | => <nil> | 患者确定风险等级、植入物场强上限与过敏史
    diff_run_test.go:16: step=85 | AddQC(dev=dev11 [362,440)) | => <nil> | 质控为日内半开区间，与每日重复模板求交
    diff_run_test.go:16: step=86 | Reschedule(apt=apt54 start=1379 dev="" now=2615) | => 时钟回退 | 旧占用不阻挡自身；全条件重判；成功后水化/预处理作废
    diff_run_test.go:16: step=87 | Book(id=apt88 p=pat8 ex=ex3 dev=dev1 start=2575 now=3876) | => 时钟回退 | 优先级：类别>植入物>肾时效>肾下限>设备>质控>留观；半开区间恰相接合法
    diff_run_test.go:16: step=88 | CheckIn(apt=apt38 now=2755) | => 时钟回退 | 窗口[start-30,start+15]；复核肾/水化/预处理，失败转需改期并释放
    diff_run_test.go:16: step=89 | Book(id=apt90 p=pat6 ex=ex4 dev=dev6 start=1406 now=1381) | => 时钟回退 | 优先级：类别>植入物>肾时效>肾下限>设备>质控>留观；半开区间恰相接合法
    diff_run_test.go:16: step=90 | RegisterDevice(id=dev2 class=2 fs=30) | => 参数非法 | CT 无场强；MR 场强为正整数
    diff_run_test.go:16: step=91 | RegisterExamType(id=ex9 class=2 dur=121 enh=false) | => <nil> | 检查类型确定类别/时长/是否增强
    diff_run_test.go:16: step=92 | RecordKidney(p=pat4 v=72 at=2740 now=2938) | => 时钟回退 | 采样最晚、并列登记后者生效；now 必须单调
    diff_run_test.go:16: step=93 | RegisterPatient(id=pat11 hi=false noImp=true maxFS=0 allerg=false) | => <nil> | 患者确定风险等级、植入物场强上限与过敏史
    diff_run_test.go:16: step=94 | Book(id=apt95 p=pat6 ex=ex4 dev=dev12 start=2273 now=2165) | => 时钟回退 | 优先级：类别>植入物>肾时效>肾下限>设备>质控>留观；半开区间恰相接合法
    diff_run_test.go:16: step=95 | RegisterPatient(id=pat12 hi=true noImp=false maxFS=70 allerg=true) | => <nil> | 患者确定风险等级、植入物场强上限与过敏史
    diff_run_test.go:16: step=96 | Premed(apt=apt68 at=3028 now=3070) | => 时钟回退 | 仅已受理状态可登记；开始时刻不晚于 now
    diff_run_test.go:16: step=97 | Book(id=apt98 p=pat9 ex=ex0 dev=dev4 start=666 now=647) | => 时钟回退 | 优先级：类别>植入物>肾时效>肾下限>设备>质控>留观；半开区间恰相接合法
    diff_run_test.go:16: step=98 | RegisterExamType(id=ex10 class=1 dur=109 enh=false) | => <nil> | 检查类型确定类别/时长/是否增强
    diff_run_test.go:16: step=99 | Hydration(apt=apt67 at=3124 now=3192) | => 时钟回退 | 仅已受理状态可登记；开始时刻不晚于 now
    diff_run_test.go:16: step=100 | Book(id=apt101 p=pat9 ex=ex2 dev=dev12 start=4010 now=1541) | => 时钟回退 | 优先级：类别>植入物>肾时效>肾下限>设备>质控>留观；半开区间恰相接合法
    diff_run_test.go:16: step=101 | Premed(apt=apt32 at=2997 now=3093) | => 时钟回退 | 仅已受理状态可登记；开始时刻不晚于 now
    diff_run_test.go:16: step=102 | RecordKidney(p=pat3 v=33 at=2951 now=3120) | => 时钟回退 | 采样最晚、并列登记后者生效；now 必须单调
    diff_run_test.go:16: step=103 | RecordKidney(p=pat12 v=29 at=3097 now=3231) | => 时钟回退 | 采样最晚、并列登记后者生效；now 必须单调
    diff_run_test.go:16: step=104 | AddQC(dev=dev7 [702,805)) | => 对象不存在 | 质控为日内半开区间，与每日重复模板求交
    diff_run_test.go:16: step=105 | AddQC(dev=dev11 [1031,1129)) | => <nil> | 质控为日内半开区间，与每日重复模板求交
    diff_run_test.go:16: step=106 | RecordKidney(p=pat7 v=13 at=3101 now=3277) | => 时钟回退 | 采样最晚、并列登记后者生效；now 必须单调
    diff_run_test.go:16: step=107 | Cancel(apt=apt45 now=3426) | => 时钟回退 | 已签到/已取消不可取消；否则释放占用
    diff_run_test.go:16: step=108 | Reschedule(apt=apt95 start=3598 dev="dev10" now=3324) | => 时钟回退 | 旧占用不阻挡自身；全条件重判；成功后水化/预处理作废
    diff_run_test.go:16: step=109 | AddQC(dev=dev0 [1237,1328)) | => <nil> | 质控为日内半开区间，与每日重复模板求交
    diff_run_test.go:16: step=110 | AddQC(dev=dev8 [374,408)) | => <nil> | 质控为日内半开区间，与每日重复模板求交
    diff_run_test.go:16: step=111 | RegisterDevice(id=dev13 class=2 fs=70) | => <nil> | CT 无场强；MR 场强为正整数
    diff_run_test.go:16: step=112 | RegisterDevice(id=dev14 class=1 fs=0) | => <nil> | CT 无场强；MR 场强为正整数
    diff_run_test.go:16: step=113 | Book(id=apt114 p=pat4 ex=ex4 dev=dev13 start=3382 now=2998) | => 时钟回退 | 优先级：类别>植入物>肾时效>肾下限>设备>质控>留观；半开区间恰相接合法
    diff_run_test.go:16: step=114 | RegisterDevice(id=dev15 class=1 fs=0) | => <nil> | CT 无场强；MR 场强为正整数
    diff_run_test.go:16: step=115 | RegisterExamType(id=ex11 class=2 dur=34 enh=false) | => <nil> | 检查类型确定类别/时长/是否增强
    diff_run_test.go:16: step=116 | AddQC(dev=dev9 [860,902)) | => <nil> | 质控为日内半开区间，与每日重复模板求交
    diff_run_test.go:16: step=117 | RecordKidney(p=pat7 v=51 at=3298 now=3653) | => 时钟回退 | 采样最晚、并列登记后者生效；now 必须单调
    diff_run_test.go:16: step=118 | RegisterPatient(id=pat13 hi=false noImp=false maxFS=15 allerg=false) | => <nil> | 患者确定风险等级、植入物场强上限与过敏史
    diff_run_test.go:16: step=119 | Hydration(apt=apt58 at=3549 now=3770) | => 时钟回退 | 仅已受理状态可登记；开始时刻不晚于 now
    diff_run_test.go:16: step=0 | RegisterDevice(id=dev0 class=1 fs=0) | => <nil> | CT 无场强；MR 场强为正整数
    diff_run_test.go:16: step=1 | RegisterDevice(id=dev1 class=2 fs=70) | => <nil> | CT 无场强；MR 场强为正整数
    diff_run_test.go:16: step=2 | RegisterDevice(id=dev2 class=2 fs=70) | => <nil> | CT 无场强；MR 场强为正整数
    diff_run_test.go:16: step=3 | RegisterDevice(id=dev3 class=2 fs=30) | => <nil> | CT 无场强；MR 场强为正整数
    diff_run_test.go:16: step=4 | RegisterExamType(id=ex0 class=2 dur=76 enh=true) | => <nil> | 检查类型确定类别/时长/是否增强
    diff_run_test.go:16: step=5 | RegisterExamType(id=ex1 class=2 dur=119 enh=false) | => <nil> | 检查类型确定类别/时长/是否增强
    diff_run_test.go:16: step=6 | RegisterExamType(id=ex2 class=1 dur=42 enh=false) | => <nil> | 检查类型确定类别/时长/是否增强
    diff_run_test.go:16: step=7 | RegisterExamType(id=ex3 class=2 dur=76 enh=false) | => <nil> | 检查类型确定类别/时长/是否增强
    diff_run_test.go:16: step=8 | RegisterExamType(id=ex4 class=2 dur=24 enh=false) | => <nil> | 检查类型确定类别/时长/是否增强
    diff_run_test.go:16: step=9 | RegisterExamType(id=ex5 class=2 dur=70 enh=false) | => <nil> | 检查类型确定类别/时长/是否增强
    diff_run_test.go:16: step=10 | RegisterPatient(id=pat0 hi=false noImp=false maxFS=70 allerg=false) | => <nil> | 患者确定风险等级、植入物场强上限与过敏史
    diff_run_test.go:16: step=11 | RegisterPatient(id=pat1 hi=true noImp=false maxFS=15 allerg=false) | => <nil> | 患者确定风险等级、植入物场强上限与过敏史
    diff_run_test.go:16: step=12 | RegisterPatient(id=pat2 hi=true noImp=false maxFS=15 allerg=false) | => <nil> | 患者确定风险等级、植入物场强上限与过敏史
    diff_run_test.go:16: step=13 | RegisterPatient(id=pat3 hi=false noImp=true maxFS=0 allerg=false) | => <nil> | 患者确定风险等级、植入物场强上限与过敏史
    diff_run_test.go:16: step=14 | RegisterPatient(id=pat4 hi=false noImp=false maxFS=70 allerg=false) | => <nil> | 患者确定风险等级、植入物场强上限与过敏史
    diff_run_test.go:16: step=15 | RegisterPatient(id=pat5 hi=true noImp=true maxFS=0 allerg=false) | => <nil> | 患者确定风险等级、植入物场强上限与过敏史
    diff_run_test.go:16: step=16 | RegisterPatient(id=pat6 hi=true noImp=true maxFS=0 allerg=false) | => <nil> | 患者确定风险等级、植入物场强上限与过敏史
    diff_run_test.go:16: step=17 | CheckIn(apt=ghost now=688) | => 对象不存在 | 窗口[start-30,start+15]；复核肾/水化/预处理，失败转需改期并释放
    diff_run_test.go:16: step=18 | Premed(apt=ghost at=604 now=698) | => 对象不存在 | 仅已受理状态可登记；开始时刻不晚于 now
    diff_run_test.go:16: step=19 | AddQC(dev=dev1 [1127,1134)) | => <nil> | 质控为日内半开区间，与每日重复模板求交
    diff_run_test.go:16: step=20 | Cancel(apt=ghost now=688) | => 对象不存在 | 已签到/已取消不可取消；否则释放占用
    diff_run_test.go:16: step=21 | Book(id=apt22 p=pat5 ex=ex5 dev=dev1 start=4549 now=4199) | => <nil> | 优先级：类别>植入物>肾时效>肾下限>设备>质控>留观；半开区间恰相接合法
    diff_run_test.go:16: step=22 | Premed(apt=apt22 at=693 now=727) | => 时钟回退 | 仅已受理状态可登记；开始时刻不晚于 now
    diff_run_test.go:16: step=23 | AddQC(dev=dev2 [457,512)) | => <nil> | 质控为日内半开区间，与每日重复模板求交
    diff_run_test.go:16: step=24 | RegisterPatient(id=pat7 hi=true noImp=true maxFS=0 allerg=true) | => <nil> | 患者确定风险等级、植入物场强上限与过敏史
    diff_run_test.go:16: step=25 | Cancel(apt=apt22 now=856) | => 时钟回退 | 已签到/已取消不可取消；否则释放占用
    diff_run_test.go:16: step=26 | Reschedule(apt=apt22 start=3211 dev="dev0" now=830) | => 时钟回退 | 旧占用不阻挡自身；全条件重判；成功后水化/预处理作废
    diff_run_test.go:16: step=27 | Book(id=apt28 p=pat2 ex=ex0 dev=dev2 start=926 now=841) | => 时钟回退 | 优先级：类别>植入物>肾时效>肾下限>设备>质控>留观；半开区间恰相接合法
    diff_run_test.go:16: step=28 | Book(id=apt29 p=pat5 ex=ex1 dev=dev2 start=2165 now=1717) | => 时钟回退 | 优先级：类别>植入物>肾时效>肾下限>设备>质控>留观；半开区间恰相接合法
    diff_run_test.go:16: step=29 | RegisterExamType(id=ex6 class=2 dur=46 enh=true) | => <nil> | 检查类型确定类别/时长/是否增强
    diff_run_test.go:16: step=30 | Book(id=apt31 p=pat2 ex=ex1 dev=dev0 start=5621 now=1750) | => 时钟回退 | 优先级：类别>植入物>肾时效>肾下限>设备>质控>留观；半开区间恰相接合法
    diff_run_test.go:16: step=31 | RegisterPatient(id=pat8 hi=true noImp=true maxFS=0 allerg=false) | => <nil> | 患者确定风险等级、植入物场强上限与过敏史
    diff_run_test.go:16: step=32 | RecordKidney(p=pat5 v=77 at=823 now=1074) | => 时钟回退 | 采样最晚、并列登记后者生效；now 必须单调
    diff_run_test.go:16: step=33 | Reschedule(apt=apt31 start=4148 dev="" now=1041) | => 时钟回退 | 旧占用不阻挡自身；全条件重判；成功后水化/预处理作废
    diff_run_test.go:16: step=34 | Book(id=apt35 p=pat7 ex=ex5 dev=dev1 start=5668 now=5577) | => <nil> | 优先级：类别>植入物>肾时效>肾下限>设备>质控>留观；半开区间恰相接合法
    diff_run_test.go:16: step=35 | CheckIn(apt=apt22 now=1114) | => 时钟回退 | 窗口[start-30,start+15]；复核肾/水化/预处理，失败转需改期并释放
    diff_run_test.go:16: step=36 | RecordKidney(p=pat4 v=23 at=873 now=1251) | => 时钟回退 | 采样最晚、并列登记后者生效；now 必须单调
    diff_run_test.go:16: step=37 | RecordKidney(p=pat7 v=39 at=1151 now=1222) | => 时钟回退 | 采样最晚、并列登记后者生效；now 必须单调
    diff_run_test.go:16: step=38 | Reschedule(apt=apt29 start=665 dev="" now=1292) | => 时钟回退 | 旧占用不阻挡自身；全条件重判；成功后水化/预处理作废
    diff_run_test.go:16: step=39 | Book(id=apt40 p=pat8 ex=ex4 dev=dev1 start=615 now=483) | => 时钟回退 | 优先级：类别>植入物>肾时效>肾下限>设备>质控>留观；半开区间恰相接合法
    diff_run_test.go:16: step=40 | Cancel(apt=apt28 now=3456) | => 时钟回退 | 已签到/已取消不可取消；否则释放占用
    diff_run_test.go:16: step=41 | AddQC(dev=dev3 [1210,1304)) | => <nil> | 质控为日内半开区间，与每日重复模板求交
    diff_run_test.go:16: step=42 | Reschedule(apt=apt31 start=5754 dev="dev2" now=1484) | => 时钟回退 | 旧占用不阻挡自身；全条件重判；成功后水化/预处理作废
    diff_run_test.go:16: step=43 | RegisterDevice(id=dev4 class=1 fs=0) | => <nil> | CT 无场强；MR 场强为正整数
    diff_run_test.go:16: step=44 | AddQC(dev=dev1 [677,738)) | => <nil> | 质控为日内半开区间，与每日重复模板求交
    diff_run_test.go:16: step=45 | RegisterExamType(id=ex7 class=1 dur=50 enh=false) | => <nil> | 检查类型确定类别/时长/是否增强
    diff_run_test.go:16: step=46 | Premed(apt=apt28 at=1155 now=1481) | => 时钟回退 | 仅已受理状态可登记；开始时刻不晚于 now
    diff_run_test.go:16: step=47 | CheckIn(apt=apt35 now=1478) | => 时钟回退 | 窗口[start-30,start+15]；复核肾/水化/预处理，失败转需改期并释放
    diff_run_test.go:16: step=48 | RegisterExamType(id=ex8 class=1 dur=114 enh=false) | => <nil> | 检查类型确定类别/时长/是否增强
    diff_run_test.go:16: step=49 | RecordKidney(p=pat1 v=68 at=1546 now=1654) | => 时钟回退 | 采样最晚、并列登记后者生效；now 必须单调
    diff_run_test.go:16: step=50 | RegisterPatient(id=pat9 hi=true noImp=false maxFS=15 allerg=false) | => <nil> | 患者确定风险等级、植入物场强上限与过敏史
    diff_run_test.go:16: step=51 | Premed(apt=apt29 at=1228 now=1576) | => 时钟回退 | 仅已受理状态可登记；开始时刻不晚于 now
    diff_run_test.go:16: step=52 | Book(id=apt53 p=pat5 ex=ex1 dev=dev1 start=2145 now=1990) | => 时钟回退 | 优先级：类别>植入物>肾时效>肾下限>设备>质控>留观；半开区间恰相接合法
    diff_run_test.go:16: step=53 | Book(id=apt54 p=pat5 ex=ex8 dev=dev0 start=4023 now=3963) | => 时钟回退 | 优先级：类别>植入物>肾时效>肾下限>设备>质控>留观；半开区间恰相接合法
    diff_run_test.go:16: step=54 | RecordKidney(p=pat0 v=46 at=1671 now=1797) | => 时钟回退 | 采样最晚、并列登记后者生效；now 必须单调
    diff_run_test.go:16: step=55 | Book(id=apt56 p=pat0 ex=ex5 dev=dev1 start=2308 now=2183) | => 时钟回退 | 优先级：类别>植入物>肾时效>肾下限>设备>质控>留观；半开区间恰相接合法
    diff_run_test.go:16: step=56 | Reschedule(apt=apt22 start=3229 dev="dev3" now=1749) | => 时钟回退 | 旧占用不阻挡自身；全条件重判；成功后水化/预处理作废
    diff_run_test.go:16: step=57 | Reschedule(apt=apt31 start=5687 dev="" now=1828) | => 时钟回退 | 旧占用不阻挡自身；全条件重判；成功后水化/预处理作废
    diff_run_test.go:16: step=58 | Cancel(apt=apt31 now=1815) | => 时钟回退 | 已签到/已取消不可取消；否则释放占用
    diff_run_test.go:16: step=59 | Reschedule(apt=apt22 start=903 dev="" now=1956) | => 时钟回退 | 旧占用不阻挡自身；全条件重判；成功后水化/预处理作废
    diff_run_test.go:16: step=60 | Premed(apt=apt53 at=1542 now=1840) | => 时钟回退 | 仅已受理状态可登记；开始时刻不晚于 now
    diff_run_test.go:16: step=61 | Premed(apt=apt31 at=1691 now=1889) | => 时钟回退 | 仅已受理状态可登记；开始时刻不晚于 now
    diff_run_test.go:16: step=62 | Book(id=apt63 p=pat3 ex=ex8 dev=dev2 start=1002 now=3954) | => 时钟回退 | 优先级：类别>植入物>肾时效>肾下限>设备>质控>留观；半开区间恰相接合法
    diff_run_test.go:16: step=63 | AddQC(dev=dev4 [117,131)) | => <nil> | 质控为日内半开区间，与每日重复模板求交
    diff_run_test.go:16: step=64 | Book(id=apt65 p=pat5 ex=ex6 dev=dev3 start=5581 now=5431) | => 时钟回退 | 优先级：类别>植入物>肾时效>肾下限>设备>质控>留观；半开区间恰相接合法
    diff_run_test.go:16: step=65 | RegisterExamType(id=ex9 class=1 dur=41 enh=true) | => <nil> | 检查类型确定类别/时长/是否增强
    diff_run_test.go:16: step=66 | CheckIn(apt=apt56 now=2164) | => 时钟回退 | 窗口[start-30,start+15]；复核肾/水化/预处理，失败转需改期并释放
    diff_run_test.go:16: step=67 | Hydration(apt=apt29 at=2076 now=2207) | => 时钟回退 | 仅已受理状态可登记；开始时刻不晚于 now
    diff_run_test.go:16: step=68 | CheckIn(apt=apt31 now=2095) | => 时钟回退 | 窗口[start-30,start+15]；复核肾/水化/预处理，失败转需改期并释放
    diff_run_test.go:16: step=69 | Premed(apt=apt22 at=2131 now=2235) | => 时钟回退 | 仅已受理状态可登记；开始时刻不晚于 now
    diff_run_test.go:16: step=70 | Premed(apt=apt40 at=2510 now=2754) | => 时钟回退 | 仅已受理状态可登记；开始时刻不晚于 now
    diff_run_test.go:16: step=71 | RegisterExamType(id=ex10 class=1 dur=24 enh=false) | => <nil> | 检查类型确定类别/时长/是否增强
    diff_run_test.go:16: step=72 | RecordKidney(p=pat3 v=20 at=1947 now=2301) | => 时钟回退 | 采样最晚、并列登记后者生效；now 必须单调
    diff_run_test.go:16: step=73 | RegisterExamType(id=ex11 class=1 dur=25 enh=false) | => <nil> | 检查类型确定类别/时长/是否增强
    diff_run_test.go:16: step=74 | RegisterPatient(id=pat10 hi=true noImp=true maxFS=0 allerg=false) | => <nil> | 患者确定风险等级、植入物场强上限与过敏史
    diff_run_test.go:16: step=75 | Book(id=apt76 p=pat9 ex=ex6 dev=dev1 start=995 now=4407) | => 时钟回退 | 优先级：类别>植入物>肾时效>肾下限>设备>质控>留观；半开区间恰相接合法
    diff_run_test.go:16: step=76 | Reschedule(apt=apt28 start=5484 dev="dev2" now=2460) | => 时钟回退 | 旧占用不阻挡自身；全条件重判；成功后水化/预处理作废
    diff_run_test.go:16: step=77 | RecordKidney(p=pat2 v=64 at=2186 now=2431) | => 时钟回退 | 采样最晚、并列登记后者生效；now 必须单调
    diff_run_test.go:16: step=78 | Book(id=apt79 p=pat2 ex=ex9 dev=dev0 start=5485 now=5022) | => 时钟回退 | 优先级：类别>植入物>肾时效>肾下限>设备>质控>留观；半开区间恰相接合法
    diff_run_test.go:16: step=79 | AddQC(dev=dev3 [248,322)) | => <nil> | 质控为日内半开区间，与每日重复模板求交
    diff_run_test.go:16: step=80 | Premed(apt=apt65 at=2371 now=2507) | => 时钟回退 | 仅已受理状态可登记；开始时刻不晚于 now
    diff_run_test.go:16: step=81 | Hydration(apt=apt31 at=2408 now=2636) | => 时钟回退 | 仅已受理状态可登记；开始时刻不晚于 now
    diff_run_test.go:16: step=82 | Hydration(apt=apt79 at=2616 now=2679) | => 时钟回退 | 仅已受理状态可登记；开始时刻不晚于 now
    diff_run_test.go:16: step=83 | Book(id=apt84 p=pat1 ex=ex3 dev=dev3 start=5979 now=5778) | => 植入物不兼容 | 优先级：类别>植入物>肾时效>肾下限>设备>质控>留观；半开区间恰相接合法
    diff_run_test.go:16: step=84 | Book(id=apt85 p=pat8 ex=ex11 dev=dev2 start=2242 now=2169) | => 时钟回退 | 优先级：类别>植入物>肾时效>肾下限>设备>质控>留观；半开区间恰相接合法
    diff_run_test.go:16: step=85 | Book(id=apt86 p=pat10 ex=ex10 dev=dev0 start=2291 now=2123) | => 时钟回退 | 优先级：类别>植入物>肾时效>肾下限>设备>质控>留观；半开区间恰相接合法
    diff_run_test.go:16: step=86 | RegisterPatient(id=pat11 hi=false noImp=false maxFS=15 allerg=false) | => <nil> | 患者确定风险等级、植入物场强上限与过敏史
    diff_run_test.go:16: step=87 | Book(id=apt88 p=pat9 ex=ex7 dev=dev1 start=4065 now=3665) | => 时钟回退 | 优先级：类别>植入物>肾时效>肾下限>设备>质控>留观；半开区间恰相接合法
    diff_run_test.go:16: step=88 | RegisterDevice(id=dev5 class=1 fs=0) | => <nil> | CT 无场强；MR 场强为正整数
    diff_run_test.go:16: step=89 | Premed(apt=apt35 at=2682 now=2747) | => 时钟回退 | 仅已受理状态可登记；开始时刻不晚于 now
    diff_run_test.go:16: step=90 | CheckIn(apt=apt22 now=2929) | => 时钟回退 | 窗口[start-30,start+15]；复核肾/水化/预处理，失败转需改期并释放
    diff_run_test.go:16: step=91 | Hydration(apt=apt53 at=2583 now=2798) | => 时钟回退 | 仅已受理状态可登记；开始时刻不晚于 now
    diff_run_test.go:16: step=92 | RegisterExamType(id=ex12 class=1 dur=41 enh=true) | => <nil> | 检查类型确定类别/时长/是否增强
    diff_run_test.go:16: step=93 | Hydration(apt=apt85 at=2621 now=2868) | => 时钟回退 | 仅已受理状态可登记；开始时刻不晚于 now
    diff_run_test.go:16: step=94 | CheckIn(apt=apt40 now=3011) | => 时钟回退 | 窗口[start-30,start+15]；复核肾/水化/预处理，失败转需改期并释放
    diff_run_test.go:16: step=95 | RegisterExamType(id=ex13 class=2 dur=78 enh=false) | => <nil> | 检查类型确定类别/时长/是否增强
    diff_run_test.go:16: step=96 | AddQC(dev=dev0 [773,871)) | => <nil> | 质控为日内半开区间，与每日重复模板求交
    diff_run_test.go:16: step=97 | Hydration(apt=apt53 at=2855 now=2941) | => 时钟回退 | 仅已受理状态可登记；开始时刻不晚于 now
    diff_run_test.go:16: step=98 | RegisterPatient(id=pat12 hi=true noImp=true maxFS=0 allerg=false) | => <nil> | 患者确定风险等级、植入物场强上限与过敏史
    diff_run_test.go:16: step=99 | RegisterExamType(id=ex14 class=1 dur=33 enh=true) | => <nil> | 检查类型确定类别/时长/是否增强
    diff_run_test.go:16: step=100 | AddQC(dev=dev1 [507,603)) | => <nil> | 质控为日内半开区间，与每日重复模板求交
    diff_run_test.go:16: step=101 | RegisterExamType(id=ex15 class=2 dur=82 enh=true) | => <nil> | 检查类型确定类别/时长/是否增强
    diff_run_test.go:16: step=102 | Hydration(apt=apt31 at=3119 now=3157) | => 时钟回退 | 仅已受理状态可登记；开始时刻不晚于 now
    diff_run_test.go:16: step=103 | CheckIn(apt=apt29 now=4642) | => 时钟回退 | 窗口[start-30,start+15]；复核肾/水化/预处理，失败转需改期并释放
    diff_run_test.go:16: step=104 | AddQC(dev=dev5 [454,476)) | => <nil> | 质控为日内半开区间，与每日重复模板求交
    diff_run_test.go:16: step=105 | Reschedule(apt=apt31 start=5159 dev="" now=3839) | => 时钟回退 | 旧占用不阻挡自身；全条件重判；成功后水化/预处理作废
    diff_run_test.go:16: step=106 | Cancel(apt=apt63 now=3264) | => 时钟回退 | 已签到/已取消不可取消；否则释放占用
    diff_run_test.go:16: step=107 | Hydration(apt=apt28 at=3042 now=3293) | => 时钟回退 | 仅已受理状态可登记；开始时刻不晚于 now
    diff_run_test.go:16: step=108 | Cancel(apt=apt28 now=3431) | => 时钟回退 | 已签到/已取消不可取消；否则释放占用
    diff_run_test.go:16: step=109 | Reschedule(apt=apt40 start=5621 dev="" now=3310) | => 时钟回退 | 旧占用不阻挡自身；全条件重判；成功后水化/预处理作废
    diff_run_test.go:16: step=110 | Book(id=apt111 p=pat11 ex=ex9 dev=dev0 start=4446 now=4269) | => 时钟回退 | 优先级：类别>植入物>肾时效>肾下限>设备>质控>留观；半开区间恰相接合法
    diff_run_test.go:16: step=111 | Premed(apt=apt53 at=3315 now=3518) | => 时钟回退 | 仅已受理状态可登记；开始时刻不晚于 now
    diff_run_test.go:16: step=112 | RecordKidney(p=pat9 v=89 at=3214 now=3568) | => 时钟回退 | 采样最晚、并列登记后者生效；now 必须单调
    diff_run_test.go:16: step=113 | RegisterDevice(id=dev6 class=1 fs=0) | => <nil> | CT 无场强；MR 场强为正整数
    diff_run_test.go:16: step=114 | RegisterDevice(id=dev7 class=2 fs=15) | => <nil> | CT 无场强；MR 场强为正整数
    diff_run_test.go:16: step=115 | Premed(apt=apt86 at=4063 now=4196) | => 时钟回退 | 仅已受理状态可登记；开始时刻不晚于 now
    diff_run_test.go:16: step=116 | Hydration(apt=apt53 at=2100 now=2389) | => 时钟回退 | 仅已受理状态可登记；开始时刻不晚于 now
    diff_run_test.go:16: step=117 | RegisterExamType(id=ex16 class=2 dur=26 enh=false) | => <nil> | 检查类型确定类别/时长/是否增强
    diff_run_test.go:16: step=118 | RegisterExamType(id=ex17 class=1 dur=112 enh=false) | => <nil> | 检查类型确定类别/时长/是否增强
    diff_run_test.go:16: step=119 | AddQC(dev=dev0 [705,717)) | => <nil> | 质控为日内半开区间，与每日重复模板求交
--- PASS: TestDifferential1500 (0.03s)
PASS
ok  	ontology/imaging	0.031s
