# differential test seed=20261003 cases=2000
case=0 input={T=[24 7 25 30 2] phi=[11 4 19 29 0] w=[24 5 25 30 2] Phi=29 H=4200 W=205 sumW=86} fast={maxR=164 minR=87 maxAge=164} naive={maxR=164 minR=87 maxAge=164} verdict=PASS
case=1 input={T=[12 2 29] phi=[6 0 28] w=[12 1 10] Phi=28 H=348 W=114 sumW=23} fast={maxR=62 minR=23 maxAge=62} naive={maxR=62 minR=23 maxAge=62} verdict=PASS
case=2 input={T=[7 12] phi=[3 9] w=[7 12] Phi=9 H=84 W=47 sumW=19} fast={maxR=36 minR=19 maxAge=36} naive={maxR=36 minR=19 maxAge=36} verdict=PASS
case=3 input={T=[4 15] phi=[2 13] w=[4 15] Phi=13 H=60 W=51 sumW=19} fast={maxR=36 minR=19 maxAge=36} naive={maxR=36 minR=19 maxAge=36} verdict=PASS
case=4 input={T=[17 8 3 20] phi=[15 4 2 11] w=[17 8 3 20] Phi=15 H=2040 W=111 sumW=48} fast={maxR=91 minR=48 maxAge=91} naive={maxR=91 minR=48 maxAge=91} verdict=PASS
case=5 input={T=[19 8 6 24 8 8] phi=[0 0 2 1 5 0] w=[19 2 6 24 8 8] Phi=5 H=456 W=151 sumW=67} fast={maxR=124 minR=83 maxAge=124} naive={maxR=124 minR=83 maxAge=124} verdict=PASS
case=6 input={T=[14 10] phi=[1 1] w=[14 10] Phi=1 H=70 W=49 sumW=24} fast={maxR=45 minR=24 maxAge=45} naive={maxR=45 minR=24 maxAge=45} verdict=PASS
case=7 input={T=[5 2 12 30 1 10] phi=[2 0 7 3 0 7] w=[5 2 12 30 1 10] Phi=7 H=60 W=127 sumW=60} fast={maxR=104 minR=70 maxAge=104} naive={maxR=104 minR=70 maxAge=104} verdict=PASS
case=8 input={T=[28 1 24 8 5] phi=[27 0 0 2 3] w=[6 1 5 8 5] Phi=27 H=840 W=159 sumW=25} fast={maxR=83 minR=32 maxAge=83} naive={maxR=83 minR=32 maxAge=83} verdict=PASS
case=9 input={T=[24 38] phi=[16 0] w=[24 38] Phi=16 H=456 W=140 sumW=62} fast={maxR=121 minR=62 maxAge=121} naive={maxR=121 minR=62 maxAge=121} verdict=PASS
case=10 input={T=[35 28 10] phi=[30 23 4] w=[35 13 10] Phi=30 H=140 W=176 sumW=58} fast={maxR=113 minR=64 maxAge=113} naive={maxR=113 minR=64 maxAge=113} verdict=PASS
case=11 input={T=[31 6 6 19] phi=[21 0 2 11] w=[31 6 6 5] Phi=21 H=3534 W=145 sumW=48} fast={maxR=103 minR=50 maxAge=103} naive={maxR=103 minR=50 maxAge=103} verdict=PASS
case=12 input={T=[18 10 35 2 27] phi=[1 5 4 0 6] w=[18 10 3 2 27] Phi=6 H=1890 W=190 sumW=60} fast={maxR=139 minR=68 maxAge=139} naive={maxR=139 minR=68 maxAge=139} verdict=PASS
case=13 input={T=[26 21] phi=[12 3] w=[26 4] Phi=12 H=546 W=106 sumW=30} fast={maxR=75 minR=30 maxAge=75} naive={maxR=75 minR=30 maxAge=75} verdict=PASS
case=14 input={T=[16 9 2 16 20 3] phi=[13 8 1 0 2 1] w=[16 9 2 14 20 3] Phi=13 H=720 W=145 sumW=64} fast={maxR=119 minR=72 maxAge=119} naive={maxR=119 minR=72 maxAge=119} verdict=PASS
case=15 input={T=[5 15 9 12] phi=[2 14 2 6] w=[5 15 9 12] Phi=14 H=180 W=96 sumW=41} fast={maxR=73 minR=44 maxAge=73} naive={maxR=73 minR=44 maxAge=73} verdict=PASS
case=16 input={T=[3 14 2 24 2] phi=[2 8 0 3 1] w=[2 14 2 24 2] Phi=8 H=168 W=98 sumW=44} fast={maxR=80 minR=45 maxAge=80} naive={maxR=80 minR=45 maxAge=80} verdict=PASS
case=17 input={T=[13 14 20] phi=[5 9 7] w=[13 14 20] Phi=9 H=1820 W=103 sumW=47} fast={maxR=90 minR=47 maxAge=90} naive={maxR=90 minR=47 maxAge=90} verdict=PASS
case=18 input={T=[6 4 16 4 4 17] phi=[0 3 13 3 2 7] w=[5 1 16 4 4 17] Phi=13 H=816 W=115 sumW=47} fast={maxR=88 minR=53 maxAge=88} naive={maxR=88 minR=53 maxAge=88} verdict=PASS
case=19 input={T=[17 1] phi=[3 0] w=[17 1] Phi=3 H=17 W=39 sumW=18} fast={maxR=34 minR=18 maxAge=34} naive={maxR=34 minR=18 maxAge=34} verdict=PASS
case=20 input={T=[28 21 36 20 27] phi=[11 19 3 17 14] w=[2 21 30 20 13] Phi=19 H=3780 W=283 sumW=86} fast={maxR=204 minR=109 maxAge=204} naive={maxR=204 minR=109 maxAge=204} verdict=PASS
case=21 input={T=[20 5 34 7 8 5] phi=[19 1 29 6 4 0] w=[20 1 34 7 8 5] Phi=29 H=4760 W=187 sumW=75} fast={maxR=145 minR=81 maxAge=145} naive={maxR=145 minR=81 maxAge=145} verdict=PASS
case=22 input={T=[33 29 6 11] phi=[24 4 4 9] w=[29 9 6 8] Phi=24 H=1914 W=182 sumW=52} fast={maxR=124 minR=59 maxAge=124} naive={maxR=124 minR=59 maxAge=124} verdict=PASS
case=23 input={T=[10 24 18] phi=[2 19 5] w=[10 24 18] Phi=19 H=360 W=123 sumW=52} fast={maxR=100 minR=57 maxAge=100} naive={maxR=100 minR=57 maxAge=100} verdict=PASS
case=24 input={T=[5 33] phi=[3 12] w=[5 33] Phi=12 H=165 W=88 sumW=38} fast={maxR=74 minR=38 maxAge=74} naive={maxR=74 minR=38 maxAge=74} verdict=PASS
case=25 input={T=[2 20 1 3 34] phi=[1 8 0 0 31] w=[2 13 1 3 9] Phi=31 H=1020 W=151 sumW=28} fast={maxR=82 minR=29 maxAge=82} naive={maxR=82 minR=29 maxAge=82} verdict=PASS
case=26 input={T=[3 29 3 30 30 6] phi=[2 11 2 18 17 5] w=[3 14 3 30 30 6] Phi=18 H=870 W=220 sumW=86} fast={maxR=173 minR=117 maxAge=173} naive={maxR=173 minR=117 maxAge=173} verdict=PASS
case=27 input={T=[8 12 21 6 20] phi=[5 6 16 1 3] w=[8 12 21 6 20] Phi=16 H=840 W=150 sumW=67} fast={maxR=121 minR=74 maxAge=121} naive={maxR=121 minR=74 maxAge=121} verdict=PASS
case=28 input={T=[18 2 15 3 15 20] phi=[1 1 7 0 11 2] w=[14 1 15 3 15 4] Phi=11 H=180 W=157 sumW=52} fast={maxR=110 minR=69 maxAge=110} naive={maxR=110 minR=69 maxAge=110} verdict=PASS
case=29 input={T=[18 17 26 6 9] phi=[2 12 0 3 2] w=[18 12 26 6 9] Phi=12 H=3978 W=164 sumW=71} fast={maxR=134 minR=81 maxAge=134} naive={maxR=134 minR=81 maxAge=134} verdict=PASS
case=30 input={T=[10 30 25] phi=[2 21 24] w=[10 7 25] Phi=24 H=150 W=154 sumW=42} fast={maxR=101 minR=52 maxAge=101} naive={maxR=101 minR=52 maxAge=101} verdict=PASS
case=31 input={T=[6 6 28] phi=[2 4 6] w=[6 3 28] Phi=6 H=84 W=86 sumW=37} fast={maxR=71 minR=40 maxAge=71} naive={maxR=71 minR=40 maxAge=71} verdict=PASS
case=32 input={T=[13 13 20 24 2 15] phi=[2 1 4 4 0 13] w=[13 13 9 24 2 13] Phi=13 H=1560 W=187 sumW=74} fast={maxR=146 minR=90 maxAge=146} naive={maxR=146 minR=90 maxAge=146} verdict=PASS
case=33 input={T=[16 32 2 9 5] phi=[3 18 0 5 1] w=[16 32 2 4 5] Phi=18 H=1440 W=146 sumW=59} fast={maxR=117 minR=74 maxAge=117} naive={maxR=117 minR=74 maxAge=117} verdict=PASS
case=34 input={T=[1 36 20 3 30] phi=[0 17 8 1 23] w=[1 28 20 3 14] Phi=23 H=180 W=203 sumW=66} fast={maxR=134 minR=75 maxAge=134} naive={maxR=134 minR=75 maxAge=134} verdict=PASS
case=35 input={T=[13 5 20 18 24 6] phi=[7 3 6 7 14 4] w=[13 2 17 14 6 6] Phi=14 H=4680 W=186 sumW=58} fast={maxR=129 minR=66 maxAge=129} naive={maxR=129 minR=66 maxAge=129} verdict=PASS
case=36 input={T=[8 33] phi=[7 19] w=[8 33] Phi=19 H=264 W=101 sumW=41} fast={maxR=80 minR=41 maxAge=80} naive={maxR=80 minR=41 maxAge=80} verdict=PASS
case=37 input={T=[39 3 40 9 13 15] phi=[4 2 4 4 9 8] w=[39 3 40 9 2 15] Phi=9 H=4680 W=247 sumW=108} fast={maxR=213 minR=115 maxAge=213} naive={maxR=213 minR=115 maxAge=213} verdict=PASS
case=38 input={T=[24 17 28] phi=[14 10 13] w=[12 17 28] Phi=14 H=2856 W=152 sumW=57} fast={maxR=122 minR=59 maxAge=122} naive={maxR=122 minR=59 maxAge=122} verdict=PASS
case=39 input={T=[12 7 21 4 4] phi=[3 6 12 1 0] w=[12 7 21 4 4] Phi=12 H=84 W=108 sumW=48} fast={maxR=88 minR=61 maxAge=88} naive={maxR=88 minR=61 maxAge=88} verdict=PASS
case=40 input={T=[1 16 39] phi=[0 3 11] w=[1 16 39] Phi=11 H=624 W=123 sumW=56} fast={maxR=109 minR=56 maxAge=109} naive={maxR=109 minR=56 maxAge=109} verdict=PASS
case=41 input={T=[3 6 20 4 10 2] phi=[0 0 18 0 2 1] w=[3 1 20 2 10 2] Phi=18 H=60 W=108 sumW=38} fast={maxR=65 minR=42 maxAge=65} naive={maxR=65 minR=42 maxAge=65} verdict=PASS
case=42 input={T=[1 39 15 8 1] phi=[0 35 12 0 0] w=[1 39 15 6 1] Phi=35 H=1560 W=163 sumW=62} fast={maxR=120 minR=63 maxAge=120} naive={maxR=120 minR=63 maxAge=120} verdict=PASS
case=43 input={T=[15 25 16] phi=[8 24 13] w=[15 25 16] Phi=24 H=1200 W=136 sumW=56} fast={maxR=106 minR=57 maxAge=106} naive={maxR=106 minR=57 maxAge=106} verdict=PASS
case=44 input={T=[3 20] phi=[2 4] w=[1 18] Phi=4 H=60 W=50 sumW=19} fast={maxR=40 minR=19 maxAge=40} naive={maxR=40 minR=19 maxAge=40} verdict=PASS
case=45 input={T=[24 15 12 26 13 3] phi=[12 6 0 24 5 1] w=[24 15 12 26 13 3] Phi=24 H=1560 W=210 sumW=93} fast={maxR=168 minR=109 maxAge=168} naive={maxR=168 minR=109 maxAge=168} verdict=PASS
case=46 input={T=[16 36 18] phi=[11 7 14] w=[13 36 9] Phi=14 H=144 W=154 sumW=58} fast={maxR=115 minR=68 maxAge=115} naive={maxR=115 minR=68 maxAge=115} verdict=PASS
case=47 input={T=[4 35 3 5 12 24] phi=[3 26 2 2 10 5] w=[4 35 2 5 12 24] Phi=26 H=840 W=192 sumW=82} fast={maxR=153 minR=94 maxAge=153} naive={maxR=153 minR=94 maxAge=153} verdict=PASS
case=48 input={T=[7 20 12] phi=[2 11 6] w=[7 20 12] Phi=11 H=420 W=89 sumW=39} fast={maxR=75 minR=42 maxAge=75} naive={maxR=75 minR=42 maxAge=75} verdict=PASS
case=49 input={T=[25 16] phi=[5 0] w=[25 16] Phi=5 H=400 W=87 sumW=41} fast={maxR=80 minR=41 maxAge=80} naive={maxR=80 minR=41 maxAge=80} verdict=PASS
case=50 input={T=[7 16 4 11] phi=[2 9 3 5] w=[5 16 4 11] Phi=9 H=1232 W=85 sumW=36} fast={maxR=69 minR=38 maxAge=69} naive={maxR=69 minR=38 maxAge=69} verdict=PASS
case=51 input={T=[9 4 6 20 7] phi=[0 1 4 0 5] w=[9 4 5 20 7] Phi=5 H=1260 W=97 sumW=45} fast={maxR=84 minR=49 maxAge=84} naive={maxR=84 minR=49 maxAge=84} verdict=PASS
case=52 input={T=[15 1 9 15] phi=[1 0 6 10] w=[15 1 9 15] Phi=10 H=45 W=90 sumW=40} fast={maxR=68 minR=54 maxAge=68} naive={maxR=68 minR=54 maxAge=68} verdict=PASS
case=53 input={T=[8 8 23 6 18] phi=[4 7 16 5 12] w=[8 8 23 6 13] Phi=16 H=1656 W=142 sumW=58} fast={maxR=108 minR=63 maxAge=108} naive={maxR=108 minR=63 maxAge=108} verdict=PASS
case=54 input={T=[12 40 32] phi=[10 14 25] w=[12 40 32] Phi=25 H=480 W=193 sumW=84} fast={maxR=158 minR=87 maxAge=158} naive={maxR=158 minR=87 maxAge=158} verdict=PASS
case=55 input={T=[24 2 30 6 30 35] phi=[14 0 1 3 9 6] w=[16 2 4 6 17 32] Phi=14 H=840 W=268 sumW=77} fast={maxR=187 minR=110 maxAge=187} naive={maxR=187 minR=110 maxAge=187} verdict=PASS
case=56 input={T=[3 3 9 9] phi=[1 1 3 3] w=[3 3 4 2] Phi=3 H=9 W=51 sumW=12} fast={maxR=27 minR=19 maxAge=27} naive={maxR=27 minR=19 maxAge=27} verdict=PASS
case=57 input={T=[6 24] phi=[4 20] w=[5 24] Phi=20 H=24 W=80 sumW=29} fast={maxR=57 minR=34 maxAge=57} naive={maxR=57 minR=34 maxAge=57} verdict=PASS
case=58 input={T=[1 16] phi=[0 0] w=[1 16] Phi=0 H=16 W=34 sumW=17} fast={maxR=32 minR=17 maxAge=32} naive={maxR=32 minR=17 maxAge=32} verdict=PASS
case=59 input={T=[24 38 14 28 21] phi=[9 27 7 4 1] w=[24 38 14 28 21] Phi=27 H=3192 W=277 sumW=125} fast={maxR=237 minR=148 maxAge=237} naive={maxR=237 minR=148 maxAge=237} verdict=PASS
case=60 input={T=[19 16 4 1 6] phi=[3 0 0 0 5] w=[19 1 1 1 6] Phi=5 H=912 W=97 sumW=28} fast={maxR=69 minR=32 maxAge=69} naive={maxR=69 minR=32 maxAge=69} verdict=PASS
case=61 input={T=[5 30 3 23] phi=[1 4 1 13] w=[5 30 3 23] Phi=13 H=690 W=135 sumW=61} fast={maxR=115 minR=64 maxAge=115} naive={maxR=115 minR=64 maxAge=115} verdict=PASS
case=62 input={T=[27 4 39] phi=[1 1 11] w=[25 4 39] Phi=11 H=1404 W=151 sumW=68} fast={maxR=135 minR=70 maxAge=135} naive={maxR=135 minR=70 maxAge=135} verdict=PASS
case=63 input={T=[24 8 9 39 12] phi=[2 3 1 13 8] w=[24 8 9 39 10] Phi=13 H=936 W=197 sumW=90} fast={maxR=159 minR=100 maxAge=159} naive={maxR=159 minR=100 maxAge=159} verdict=PASS
case=64 input={T=[12 10 16 15 8] phi=[8 1 15 11 4] w=[12 10 10 15 8] Phi=15 H=240 W=137 sumW=55} fast={maxR=107 minR=60 maxAge=107} naive={maxR=107 minR=60 maxAge=107} verdict=PASS
case=65 input={T=[13 24 6 12 33 8] phi=[2 5 1 7 18 7] w=[13 24 6 12 33 8] Phi=18 H=3432 W=210 sumW=96} fast={maxR=178 minR=111 maxAge=178} naive={maxR=178 minR=111 maxAge=178} verdict=PASS
case=66 input={T=[36 6 26] phi=[16 3 9] w=[36 6 26] Phi=16 H=468 W=152 sumW=68} fast={maxR=132 minR=73 maxAge=132} naive={maxR=132 minR=73 maxAge=132} verdict=PASS
case=67 input={T=[1 20 30 7 3 16] phi=[0 16 10 2 0 15] w=[1 8 30 7 3 16] Phi=16 H=1680 W=170 sumW=65} fast={maxR=131 minR=72 maxAge=131} naive={maxR=131 minR=72 maxAge=131} verdict=PASS
case=68 input={T=[32 32 2] phi=[14 15 1] w=[32 1 2] Phi=15 H=32 W=147 sumW=35} fast={maxR=68 minR=37 maxAge=68} naive={maxR=68 minR=37 maxAge=68} verdict=PASS
case=69 input={T=[30 40 10] phi=[13 38 4] w=[30 17 10] Phi=38 H=120 W=198 sumW=57} fast={maxR=130 minR=71 maxAge=130} naive={maxR=130 minR=71 maxAge=130} verdict=PASS
case=70 input={T=[17 1 15 18 17] phi=[0 0 14 11 12] w=[17 1 15 18 12] Phi=14 H=1530 W=150 sumW=63} fast={maxR=108 minR=75 maxAge=108} naive={maxR=108 minR=75 maxAge=108} verdict=PASS
case=71 input={T=[26 3 5 10 13] phi=[14 0 0 3 9] w=[26 2 5 10 13] Phi=14 H=390 W=128 sumW=56} fast={maxR=98 minR=60 maxAge=98} naive={maxR=98 minR=60 maxAge=98} verdict=PASS
case=72 input={T=[12 3 29 12 5] phi=[0 1 13 0 1] w=[12 3 29 3 5] Phi=13 H=1740 W=135 sumW=52} fast={maxR=107 minR=56 maxAge=107} naive={maxR=107 minR=56 maxAge=107} verdict=PASS
case=73 input={T=[6 30 37 3] phi=[2 2 3 2] w=[1 30 7 1] Phi=3 H=1110 W=155 sumW=39} fast={maxR=111 minR=46 maxAge=111} naive={maxR=111 minR=46 maxAge=111} verdict=PASS
case=74 input={T=[12 21 25 6] phi=[7 2 18 1] w=[12 20 25 3] Phi=18 H=2100 W=146 sumW=60} fast={maxR=116 minR=63 maxAge=116} naive={maxR=116 minR=63 maxAge=116} verdict=PASS
case=75 input={T=[15 6 28 10] phi=[7 0 9 4] w=[14 6 18 10] Phi=9 H=420 W=127 sumW=48} fast={maxR=101 minR=52 maxAge=101} naive={maxR=101 minR=52 maxAge=101} verdict=PASS
case=76 input={T=[1 36 2 5] phi=[0 13 0 3] w=[1 4 2 5] Phi=13 H=180 W=101 sumW=12} fast={maxR=52 minR=13 maxAge=52} naive={maxR=52 minR=13 maxAge=52} verdict=PASS
case=77 input={T=[4 6 10] phi=[3 4 2] w=[2 6 10] Phi=4 H=60 W=44 sumW=18} fast={maxR=34 minR=19 maxAge=34} naive={maxR=34 minR=19 maxAge=34} verdict=PASS
case=78 input={T=[2 26 26] phi=[0 1 17] w=[2 26 26] Phi=17 H=26 W=125 sumW=54} fast={maxR=96 minR=71 maxAge=96} naive={maxR=96 minR=71 maxAge=96} verdict=PASS
case=79 input={T=[32 30 4] phi=[16 11 1] w=[32 30 4] Phi=16 H=480 W=148 sumW=66} fast={maxR=128 minR=69 maxAge=128} naive={maxR=128 minR=69 maxAge=128} verdict=PASS
case=80 input={T=[33 5 7 2] phi=[0 1 6 0] w=[33 2 6 2] Phi=6 H=2310 W=100 sumW=43} fast={maxR=86 minR=43 maxAge=86} naive={maxR=86 minR=43 maxAge=86} verdict=PASS
case=81 input={T=[9 16 12 3 16 14] phi=[7 2 0 1 5 5] w=[9 16 12 1 16 14] Phi=7 H=1008 W=147 sumW=68} fast={maxR=125 minR=76 maxAge=125} naive={maxR=125 minR=76 maxAge=125} verdict=PASS
case=82 input={T=[6 16 27 6 30] phi=[0 7 7 4 4] w=[6 16 27 6 8] Phi=7 H=2160 W=177 sumW=63} fast={maxR=131 minR=66 maxAge=131} naive={maxR=131 minR=66 maxAge=131} verdict=PASS
case=83 input={T=[3 40] phi=[0 39] w=[2 26] Phi=39 H=120 W=125 sumW=28} fast={maxR=69 minR=28 maxAge=69} naive={maxR=69 minR=28 maxAge=69} verdict=PASS
case=84 input={T=[36 40 15 30 4 8] phi=[3 26 14 0 1 5] w=[36 40 15 30 2 8] Phi=26 H=360 W=292 sumW=131} fast={maxR=241 minR=154 maxAge=241} naive={maxR=241 minR=154 maxAge=241} verdict=PASS
case=85 input={T=[8 12 30 12 10] phi=[0 3 10 4 9] w=[8 12 30 12 7] Phi=10 H=120 W=154 sumW=69} fast={maxR=119 minR=80 maxAge=119} naive={maxR=119 minR=80 maxAge=119} verdict=PASS
case=86 input={T=[9 8 3 20 9 15] phi=[3 7 0 14 7 10] w=[2 6 3 20 9 15] Phi=14 H=360 W=142 sumW=55} fast={maxR=102 minR=64 maxAge=102} naive={maxR=102 minR=64 maxAge=102} verdict=PASS
case=87 input={T=[1 40] phi=[0 5] w=[1 5] Phi=5 H=40 W=87 sumW=6} fast={maxR=45 minR=6 maxAge=45} naive={maxR=45 minR=6 maxAge=45} verdict=PASS
case=88 input={T=[33 4 1 12 38] phi=[4 1 0 6 20] w=[33 4 1 5 25] Phi=20 H=2508 W=196 sumW=68} fast={maxR=146 minR=69 maxAge=146} naive={maxR=146 minR=69 maxAge=146} verdict=PASS
case=89 input={T=[24 20 16 26 8] phi=[7 6 15 3 2] w=[24 20 16 20 8] Phi=15 H=3120 W=203 sumW=88} fast={maxR=170 minR=99 maxAge=170} naive={maxR=170 minR=99 maxAge=170} verdict=PASS
case=90 input={T=[14 38 5 5] phi=[3 10 3 3] w=[14 36 5 5] Phi=10 H=1330 W=134 sumW=60} fast={maxR=114 minR=61 maxAge=114} naive={maxR=114 minR=61 maxAge=114} verdict=PASS
case=91 input={T=[32 8 5 5 6 9] phi=[1 5 0 2 3 8] w=[32 2 5 4 6 9] Phi=8 H=1440 W=138 sumW=58} fast={maxR=112 minR=67 maxAge=112} naive={maxR=112 minR=67 maxAge=112} verdict=PASS
case=92 input={T=[15 2 10 2 12 14] phi=[3 0 1 1 8 1] w=[15 2 10 2 12 14] Phi=8 H=420 W=118 sumW=55} fast={maxR=97 minR=62 maxAge=97} naive={maxR=97 minR=62 maxAge=97} verdict=PASS
case=93 input={T=[26 4 10 8 24] phi=[9 0 8 6 12] w=[9 4 8 8 24] Phi=12 H=1560 W=156 sumW=53} fast={maxR=116 minR=61 maxAge=116} naive={maxR=116 minR=61 maxAge=116} verdict=PASS
case=94 input={T=[9 7] phi=[6 3] w=[9 4] Phi=6 H=63 W=38 sumW=13} fast={maxR=27 minR=13 maxAge=27} naive={maxR=27 minR=13 maxAge=27} verdict=PASS
case=95 input={T=[10 14 2 7 4 14] phi=[3 7 1 0 2 7] w=[10 14 2 7 2 14] Phi=7 H=140 W=109 sumW=49} fast={maxR=87 minR=66 maxAge=87} naive={maxR=87 minR=66 maxAge=87} verdict=PASS
case=96 input={T=[26 1 3 24 14 6] phi=[24 0 1 2 12 2] w=[26 1 3 24 13 6] Phi=24 H=2184 W=172 sumW=73} fast={maxR=139 minR=80 maxAge=139} naive={maxR=139 minR=80 maxAge=139} verdict=PASS
case=97 input={T=[15 5 24 29] phi=[5 3 20 8] w=[15 1 24 29] Phi=20 H=3480 W=166 sumW=69} fast={maxR=137 minR=74 maxAge=137} naive={maxR=137 minR=74 maxAge=137} verdict=PASS
case=98 input={T=[8 16 20 27 4] phi=[0 2 16 2 3] w=[8 16 5 27 4] Phi=16 H=2160 W=166 sumW=60} fast={maxR=122 minR=67 maxAge=122} naive={maxR=122 minR=67 maxAge=122} verdict=PASS
case=99 input={T=[24 15] phi=[7 11] w=[24 15] Phi=11 H=120 W=89 sumW=39} fast={maxR=75 minR=40 maxAge=75} naive={maxR=75 minR=40 maxAge=75} verdict=PASS
case=100 input={T=[10 7 22 12] phi=[8 5 9 6] w=[10 7 22 12] Phi=9 H=4620 W=111 sumW=51} fast={maxR=97 minR=52 maxAge=97} naive={maxR=97 minR=52 maxAge=97} verdict=PASS
case=101 input={T=[26 7 8 6 3 13] phi=[19 5 4 1 1 11] w=[26 1 8 6 3 13] Phi=19 H=2184 W=145 sumW=57} fast={maxR=108 minR=70 maxAge=108} naive={maxR=108 minR=70 maxAge=108} verdict=PASS
case=102 input={T=[28 30 12] phi=[10 24 7] w=[16 30 12] Phi=24 H=420 W=164 sumW=58} fast={maxR=120 minR=61 maxAge=120} naive={maxR=120 minR=61 maxAge=120} verdict=PASS
case=103 input={T=[14 4 30 10 24] phi=[9 3 14 4 19] w=[3 4 30 10 20] Phi=19 H=840 W=183 sumW=67} fast={maxR=131 minR=72 maxAge=131} naive={maxR=131 minR=72 maxAge=131} verdict=PASS
case=104 input={T=[19 12 9 4] phi=[5 6 8 3] w=[3 12 9 4] Phi=8 H=684 W=96 sumW=28} fast={maxR=65 minR=32 maxAge=65} naive={maxR=65 minR=32 maxAge=65} verdict=PASS
case=105 input={T=[23 38] phi=[16 9] w=[6 38] Phi=16 H=874 W=138 sumW=44} fast={maxR=103 minR=44 maxAge=103} naive={maxR=103 minR=44 maxAge=103} verdict=PASS
case=106 input={T=[26 3 18 24 6] phi=[9 0 16 0 2] w=[26 3 18 24 6] Phi=16 H=936 W=170 sumW=77} fast={maxR=142 minR=83 maxAge=142} naive={maxR=142 minR=83 maxAge=142} verdict=PASS
case=107 input={T=[34 4 10] phi=[2 2 3] w=[34 4 10] Phi=3 H=340 W=99 sumW=48} fast={maxR=92 minR=49 maxAge=92} naive={maxR=92 minR=49 maxAge=92} verdict=PASS
case=108 input={T=[2 8] phi=[1 2] w=[2 8] Phi=2 H=8 W=22 sumW=10} fast={maxR=18 minR=11 maxAge=18} naive={maxR=18 minR=11 maxAge=18} verdict=PASS
case=109 input={T=[20 24 16 15] phi=[8 17 9 0] w=[20 24 4 3] Phi=17 H=240 W=167 sumW=51} fast={maxR=109 minR=55 maxAge=109} naive={maxR=109 minR=55 maxAge=109} verdict=PASS
case=110 input={T=[1 17 12 12] phi=[0 7 9 5] w=[1 17 7 12] Phi=9 H=204 W=93 sumW=37} fast={maxR=65 minR=38 maxAge=65} naive={maxR=65 minR=38 maxAge=65} verdict=PASS
case=111 input={T=[27 4 4 18] phi=[25 0 1 4] w=[27 4 4 8] Phi=25 H=108 W=131 sumW=43} fast={maxR=85 minR=50 maxAge=85} naive={maxR=85 minR=50 maxAge=85} verdict=PASS
case=112 input={T=[35 10 5 17 14] phi=[17 4 2 2 4] w=[35 10 5 9 2] Phi=17 H=1190 W=179 sumW=61} fast={maxR=128 minR=73 maxAge=128} naive={maxR=128 minR=73 maxAge=128} verdict=PASS
case=113 input={T=[10 10 30 18 12 35] phi=[7 2 22 2 2 32] w=[10 10 30 18 12 35] Phi=32 H=1260 W=262 sumW=115} fast={maxR=204 minR=125 maxAge=204} naive={maxR=204 minR=125 maxAge=204} verdict=PASS
case=114 input={T=[22 20] phi=[9 13] w=[22 20] Phi=13 H=220 W=97 sumW=42} fast={maxR=81 minR=42 maxAge=81} naive={maxR=81 minR=42 maxAge=81} verdict=PASS
case=115 input={T=[12 15 7 8 5] phi=[10 0 3 5 1] w=[12 15 7 8 5] Phi=10 H=840 W=104 sumW=47} fast={maxR=83 minR=53 maxAge=83} naive={maxR=83 minR=53 maxAge=83} verdict=PASS
case=116 input={T=[2 21 5 14 16 24] phi=[0 7 4 13 1 5] w=[2 13 5 14 16 24] Phi=13 H=1680 W=177 sumW=74} fast={maxR=140 minR=85 maxAge=140} naive={maxR=140 minR=85 maxAge=140} verdict=PASS
case=117 input={T=[38 39 1] phi=[25 0 0] w=[38 39 1] Phi=25 H=1482 W=181 sumW=78} fast={maxR=153 minR=78 maxAge=153} naive={maxR=153 minR=78 maxAge=153} verdict=PASS
case=118 input={T=[6 30 5 26 3 22] phi=[4 28 3 9 2 17] w=[4 1 2 12 3 22] Phi=28 H=4290 W=212 sumW=44} fast={maxR=124 minR=51 maxAge=124} naive={maxR=124 minR=51 maxAge=124} verdict=PASS
case=119 input={T=[26 3 13 34] phi=[19 2 6 9] w=[26 3 13 34] Phi=19 H=1326 W=171 sumW=76} fast={maxR=143 minR=86 maxAge=143} naive={maxR=143 minR=86 maxAge=143} verdict=PASS
case=120 input={T=[21 6] phi=[9 0] w=[21 6] Phi=9 H=42 W=63 sumW=27} fast={maxR=50 minR=27 maxAge=50} naive={maxR=50 minR=27 maxAge=50} verdict=PASS
case=121 input={T=[16 32 2 26 36 24] phi=[8 20 0 15 18 9] w=[7 11 2 26 36 4] Phi=20 H=3744 W=292 sumW=86} fast={maxR=196 minR=101 maxAge=196} naive={maxR=196 minR=101 maxAge=196} verdict=PASS
case=122 input={T=[8 40 1 21] phi=[2 10 0 18] w=[8 2 1 20] Phi=18 H=840 W=158 sumW=31} fast={maxR=90 minR=31 maxAge=90} naive={maxR=90 minR=31 maxAge=90} verdict=PASS
case=123 input={T=[14 16 1 15 30 2] phi=[1 14 0 9 16 1] w=[3 16 1 15 30 1] Phi=16 H=1680 W=172 sumW=66} fast={maxR=130 minR=75 maxAge=130} naive={maxR=130 minR=75 maxAge=130} verdict=PASS
case=124 input={T=[4 14 2 2 8 20] phi=[0 7 1 0 4 19] w=[4 10 1 1 8 20] Phi=19 H=280 W=119 sumW=44} fast={maxR=86 minR=51 maxAge=86} naive={maxR=86 minR=51 maxAge=86} verdict=PASS
case=125 input={T=[3 19] phi=[2 0] w=[3 10] Phi=2 H=57 W=46 sumW=13} fast={maxR=33 minR=13 maxAge=33} naive={maxR=33 minR=13 maxAge=33} verdict=PASS
case=126 input={T=[12 10 18 28] phi=[6 7 12 6] w=[12 7 18 28] Phi=12 H=1260 W=148 sumW=65} fast={maxR=123 minR=72 maxAge=123} naive={maxR=123 minR=72 maxAge=123} verdict=PASS
case=127 input={T=[2 7 12] phi=[0 5 7] w=[2 2 1] Phi=7 H=84 W=49 sumW=5} fast={maxR=23 minR=6 maxAge=23} naive={maxR=23 minR=6 maxAge=23} verdict=PASS
case=128 input={T=[1 6 11 9 10 11] phi=[0 5 3 3 6 6] w=[1 6 11 8 10 11] Phi=6 H=990 W=102 sumW=47} fast={maxR=80 minR=54 maxAge=80} naive={maxR=80 minR=54 maxAge=80} verdict=PASS
case=129 input={T=[21 20 15 11 35] phi=[20 16 12 4 26] w=[2 20 6 3 35] Phi=26 H=4620 W=230 sumW=66} fast={maxR=145 minR=69 maxAge=145} naive={maxR=145 minR=69 maxAge=145} verdict=PASS
case=130 input={T=[3 19 15] phi=[1 5 12] w=[3 1 15] Phi=12 H=285 W=86 sumW=19} fast={maxR=52 minR=20 maxAge=52} naive={maxR=52 minR=20 maxAge=52} verdict=PASS
case=131 input={T=[26 11 2] phi=[23 5 0] w=[26 11 2] Phi=23 H=286 W=101 sumW=39} fast={maxR=74 minR=39 maxAge=74} naive={maxR=74 minR=39 maxAge=74} verdict=PASS
case=132 input={T=[16 10 15 25 3 15] phi=[2 0 12 1 1 10] w=[16 10 15 25 3 15] Phi=12 H=1200 W=180 sumW=84} fast={maxR=149 minR=101 maxAge=149} naive={maxR=149 minR=101 maxAge=149} verdict=PASS
case=133 input={T=[4 18 40 6 26 12] phi=[1 9 28 3 24 10] w=[4 8 40 5 26 12] Phi=28 H=4680 W=240 sumW=95} fast={maxR=184 minR=101 maxAge=184} naive={maxR=184 minR=101 maxAge=184} verdict=PASS
case=134 input={T=[15 6 15 18 39 30] phi=[0 5 1 14 2 25] w=[15 1 1 10 39 6] Phi=25 H=1170 W=271 sumW=72} fast={maxR=180 minR=91 maxAge=180} naive={maxR=180 minR=91 maxAge=180} verdict=PASS
case=135 input={T=[16 24 16 10 24 8] phi=[2 2 13 4 2 5] w=[16 24 12 6 24 8] Phi=13 H=240 W=209 sumW=90} fast={maxR=154 minR=99 maxAge=154} naive={maxR=154 minR=99 maxAge=154} verdict=PASS
case=136 input={T=[15 40 27] phi=[3 10 10] w=[15 23 27] Phi=10 H=1080 W=174 sumW=65} fast={maxR=141 minR=67 maxAge=141} naive={maxR=141 minR=67 maxAge=141} verdict=PASS
case=137 input={T=[2 30 4 29 12 15] phi=[1 3 1 19 0 8] w=[1 30 4 29 12 5] Phi=19 H=1740 W=203 sumW=81} fast={maxR=161 minR=102 maxAge=161} naive={maxR=161 minR=102 maxAge=161} verdict=PASS
case=138 input={T=[32 20] phi=[11 1] w=[32 20] Phi=11 H=160 W=115 sumW=52} fast={maxR=101 minR=54 maxAge=101} naive={maxR=101 minR=54 maxAge=101} verdict=PASS
case=139 input={T=[2 4 33] phi=[1 3 28] w=[2 1 33] Phi=28 H=132 W=106 sumW=36} fast={maxR=71 minR=36 maxAge=71} naive={maxR=71 minR=36 maxAge=71} verdict=PASS
case=140 input={T=[6 29 8 18] phi=[2 10 5 12] w=[4 13 8 18] Phi=12 H=2088 W=134 sumW=43} fast={maxR=99 minR=46 maxAge=99} naive={maxR=99 minR=46 maxAge=99} verdict=PASS
case=141 input={T=[9 4 10] phi=[1 2 9] w=[7 1 7] Phi=9 H=180 W=55 sumW=15} fast={maxR=34 minR=15 maxAge=34} naive={maxR=34 minR=15 maxAge=34} verdict=PASS
case=142 input={T=[38 10 4] phi=[17 2 1] w=[38 6 4] Phi=17 H=380 W=121 sumW=48} fast={maxR=97 minR=50 maxAge=97} naive={maxR=97 minR=50 maxAge=97} verdict=PASS
case=143 input={T=[30 29] phi=[11 24] w=[7 29] Phi=24 H=870 W=142 sumW=36} fast={maxR=93 minR=36 maxAge=93} naive={maxR=93 minR=36 maxAge=93} verdict=PASS
case=144 input={T=[5 16 15 19 2] phi=[1 6 6 8 1] w=[5 16 15 19 2] Phi=8 H=4560 W=122 sumW=57} fast={maxR=109 minR=61 maxAge=109} naive={maxR=109 minR=61 maxAge=109} verdict=PASS
case=145 input={T=[2 25 6 31] phi=[1 12 2 20] w=[2 25 5 23] Phi=20 H=4650 W=148 sumW=55} fast={maxR=114 minR=55 maxAge=114} naive={maxR=114 minR=55 maxAge=114} verdict=PASS
case=146 input={T=[29 7 3 24] phi=[26 6 2 11] w=[29 7 3 7] Phi=26 H=4872 W=152 sumW=46} fast={maxR=103 minR=46 maxAge=103} naive={maxR=103 minR=46 maxAge=103} verdict=PASS
case=147 input={T=[29 32] phi=[27 8] w=[29 32] Phi=27 H=928 W=149 sumW=61} fast={maxR=120 minR=61 maxAge=120} naive={maxR=120 minR=61 maxAge=120} verdict=PASS
case=148 input={T=[32 20] phi=[4 13] w=[32 20] Phi=13 H=160 W=117 sumW=52} fast={maxR=100 minR=53 maxAge=100} naive={maxR=100 minR=53 maxAge=100} verdict=PASS
case=149 input={T=[7 32] phi=[1 27] w=[7 32] Phi=27 H=224 W=105 sumW=39} fast={maxR=76 minR=39 maxAge=76} naive={maxR=76 minR=39 maxAge=76} verdict=PASS
case=150 input={T=[3 9 35 15 15 8] phi=[1 1 14 10 13 2] w=[3 9 27 15 15 8] Phi=14 H=2520 W=184 sumW=77} fast={maxR=143 minR=86 maxAge=143} naive={maxR=143 minR=86 maxAge=143} verdict=PASS
case=151 input={T=[3 13 32 18 32] phi=[0 2 2 7 24] w=[3 13 32 18 32] Phi=24 H=3744 W=220 sumW=98} fast={maxR=179 minR=102 maxAge=179} naive={maxR=179 minR=102 maxAge=179} verdict=PASS
case=152 input={T=[10 5 5 7] phi=[3 4 1 6] w=[10 2 5 7] Phi=6 H=70 W=60 sumW=24} fast={maxR=40 minR=25 maxAge=40} naive={maxR=40 minR=25 maxAge=40} verdict=PASS
case=153 input={T=[16 8 20 3 27] phi=[13 2 11 0 15] w=[14 8 20 3 11] Phi=15 H=2160 W=163 sumW=56} fast={maxR=121 minR=64 maxAge=121} naive={maxR=121 minR=64 maxAge=121} verdict=PASS
case=154 input={T=[28 11 24] phi=[20 1 12] w=[7 11 8] Phi=20 H=1848 W=146 sumW=26} fast={maxR=83 minR=28 maxAge=83} naive={maxR=83 minR=28 maxAge=83} verdict=PASS
case=155 input={T=[2 4 10 20 21 7] phi=[1 3 0 9 19 0] w=[2 4 10 20 21 7] Phi=19 H=420 W=147 sumW=64} fast={maxR=117 minR=78 maxAge=117} naive={maxR=117 minR=78 maxAge=117} verdict=PASS
case=156 input={T=[3 1 15 14] phi=[0 0 1 6] w=[1 1 15 11] Phi=6 H=210 W=72 sumW=28} fast={maxR=57 minR=30 maxAge=57} naive={maxR=57 minR=30 maxAge=57} verdict=PASS
case=157 input={T=[27 3 2 3 23 12] phi=[25 2 0 1 11 6] w=[27 3 2 3 23 12] Phi=25 H=2484 W=165 sumW=70} fast={maxR=130 minR=71 maxAge=130} naive={maxR=130 minR=71 maxAge=130} verdict=PASS
case=158 input={T=[6 32 12 27 3 36] phi=[2 30 6 21 0 5] w=[6 32 12 27 2 36] Phi=30 H=864 W=262 sumW=115} fast={maxR=200 minR=123 maxAge=200} naive={maxR=200 minR=123 maxAge=200} verdict=PASS
case=159 input={T=[12 12 4 1 26] phi=[10 0 3 0 3] w=[12 12 1 1 24] Phi=10 H=156 W=120 sumW=50} fast={maxR=90 minR=55 maxAge=90} naive={maxR=90 minR=55 maxAge=90} verdict=PASS
case=160 input={T=[8 4 9 9 6 40] phi=[5 3 0 7 4 22] w=[7 4 9 9 4 40] Phi=22 H=360 W=174 sumW=73} fast={maxR=136 minR=89 maxAge=136} naive={maxR=136 minR=89 maxAge=136} verdict=PASS
case=161 input={T=[3 6 2 25 32] phi=[1 2 1 10 4] w=[2 6 2 5 32] Phi=10 H=2400 W=146 sumW=47} fast={maxR=109 minR=50 maxAge=109} naive={maxR=109 minR=50 maxAge=109} verdict=PASS
case=162 input={T=[30 34 1 2] phi=[3 12 0 0] w=[30 34 1 2] Phi=12 H=510 W=146 sumW=67} fast={maxR=130 minR=69 maxAge=130} naive={maxR=130 minR=69 maxAge=130} verdict=PASS
case=163 input={T=[25 20 12 24 30] phi=[9 11 0 7 9] w=[9 20 12 24 30] Phi=11 H=600 W=233 sumW=95} fast={maxR=179 minR=120 maxAge=179} naive={maxR=179 minR=120 maxAge=179} verdict=PASS
case=164 input={T=[15 15 35 10 39] phi=[3 5 6 0 19] w=[15 15 17 5 39] Phi=19 H=2730 W=247 sumW=91} fast={maxR=183 minR=97 maxAge=183} naive={maxR=183 minR=97 maxAge=183} verdict=PASS
case=165 input={T=[21 9] phi=[17 7] w=[14 9] Phi=17 H=63 W=77 sumW=23} fast={maxR=49 minR=23 maxAge=49} naive={maxR=49 minR=23 maxAge=49} verdict=PASS
case=166 input={T=[8 6 13] phi=[0 2 1] w=[8 6 4] Phi=2 H=312 W=56 sumW=18} fast={maxR=41 minR=18 maxAge=41} naive={maxR=41 minR=18 maxAge=41} verdict=PASS
case=167 input={T=[18 21 34 1] phi=[5 8 18 0] w=[18 21 34 1] Phi=18 H=2142 W=166 sumW=74} fast={maxR=141 minR=74 maxAge=141} naive={maxR=141 minR=74 maxAge=141} verdict=PASS
case=168 input={T=[32 10] phi=[10 7] w=[13 8] Phi=10 H=160 W=94 sumW=21} fast={maxR=60 minR=21 maxAge=60} naive={maxR=60 minR=21 maxAge=60} verdict=PASS
case=169 input={T=[19 14] phi=[7 13] w=[19 6] Phi=13 H=266 W=79 sumW=25} fast={maxR=56 minR=25 maxAge=56} naive={maxR=56 minR=25 maxAge=56} verdict=PASS
case=170 input={T=[24 3 10 10 17] phi=[17 2 1 4 15] w=[5 3 10 10 11] Phi=17 H=2040 W=145 sumW=39} fast={maxR=91 minR=44 maxAge=91} naive={maxR=91 minR=44 maxAge=91} verdict=PASS
case=171 input={T=[3 32 3 7 2] phi=[2 7 0 0 1] w=[3 32 1 7 2] Phi=7 H=672 W=101 sumW=45} fast={maxR=86 minR=47 maxAge=86} naive={maxR=86 minR=47 maxAge=86} verdict=PASS
case=172 input={T=[20 26 9] phi=[15 23 4] w=[12 26 9] Phi=23 H=2340 W=133 sumW=47} fast={maxR=98 minR=47 maxAge=98} naive={maxR=98 minR=47 maxAge=98} verdict=PASS
case=173 input={T=[2 32 5 8 32] phi=[0 0 3 2 23] w=[2 32 5 8 5] Phi=23 H=160 W=181 sumW=52} fast={maxR=93 minR=62 maxAge=93} naive={maxR=93 minR=62 maxAge=93} verdict=PASS
case=174 input={T=[3 15] phi=[0 5] w=[3 15] Phi=5 H=15 W=41 sumW=18} fast={maxR=34 minR=20 maxAge=34} naive={maxR=34 minR=20 maxAge=34} verdict=PASS
case=175 input={T=[21 7 19 10] phi=[7 2 2 5] w=[21 7 19 10] Phi=7 H=3990 W=121 sumW=57} fast={maxR=106 minR=59 maxAge=106} naive={maxR=106 minR=59 maxAge=106} verdict=PASS
case=176 input={T=[7 16 4 3 2 40] phi=[5 13 2 2 0 25] w=[7 16 4 3 1 40] Phi=25 H=1680 W=169 sumW=71} fast={maxR=128 minR=75 maxAge=128} naive={maxR=128 minR=75 maxAge=128} verdict=PASS
case=177 input={T=[36 24 27 12 6] phi=[13 19 23 4 0] w=[25 15 22 12 6] Phi=23 H=216 W=233 sumW=80} fast={maxR=166 minR=95 maxAge=166} naive={maxR=166 minR=95 maxAge=166} verdict=PASS
case=178 input={T=[16 21] phi=[13 8] w=[16 21] Phi=13 H=336 W=87 sumW=37} fast={maxR=72 minR=37 maxAge=72} naive={maxR=72 minR=37 maxAge=72} verdict=PASS
case=179 input={T=[4 12 33] phi=[1 7 17] w=[4 12 33] Phi=17 H=132 W=115 sumW=49} fast={maxR=93 minR=52 maxAge=93} naive={maxR=93 minR=52 maxAge=93} verdict=PASS
case=180 input={T=[20 5 32 14 24] phi=[6 2 0 9 21] w=[20 5 32 14 24] Phi=21 H=3360 W=211 sumW=95} fast={maxR=174 minR=103 maxAge=174} naive={maxR=174 minR=103 maxAge=174} verdict=PASS
case=181 input={T=[3 2 15 25 2] phi=[1 0 0 2 0] w=[3 2 15 25 2] Phi=2 H=150 W=96 sumW=47} fast={maxR=86 minR=49 maxAge=86} naive={maxR=86 minR=49 maxAge=86} verdict=PASS
case=182 input={T=[10 25 12] phi=[8 11 1] w=[10 25 12] Phi=11 H=300 W=105 sumW=47} fast={maxR=90 minR=51 maxAge=90} naive={maxR=90 minR=51 maxAge=90} verdict=PASS
case=183 input={T=[20 30 40] phi=[17 29 17] w=[20 30 40] Phi=29 H=120 W=209 sumW=90} fast={maxR=159 minR=100 maxAge=159} naive={maxR=159 minR=100 maxAge=159} verdict=PASS
case=184 input={T=[20 3 20 10] phi=[17 2 16 3] w=[20 3 13 10] Phi=17 H=60 W=123 sumW=46} fast={maxR=85 minR=66 maxAge=85} naive={maxR=85 minR=66 maxAge=85} verdict=PASS
case=185 input={T=[3 3 7 34] phi=[0 1 2 19] w=[3 1 7 34] Phi=19 H=714 W=113 sumW=45} fast={maxR=87 minR=46 maxAge=87} naive={maxR=87 minR=46 maxAge=87} verdict=PASS
case=186 input={T=[40 8 28] phi=[21 3 20] w=[40 8 28] Phi=21 H=280 W=173 sumW=76} fast={maxR=146 minR=83 maxAge=146} naive={maxR=146 minR=83 maxAge=146} verdict=PASS
case=187 input={T=[14 23 20] phi=[8 13 1] w=[14 23 20] Phi=13 H=3220 W=127 sumW=57} fast={maxR=110 minR=57 maxAge=110} naive={maxR=110 minR=57 maxAge=110} verdict=PASS
case=188 input={T=[38 8 26] phi=[0 2 14] w=[38 8 26] Phi=14 H=1976 W=158 sumW=72} fast={maxR=139 minR=72 maxAge=139} naive={maxR=139 minR=72 maxAge=139} verdict=PASS
case=189 input={T=[21 5 4 4 18 6] phi=[8 2 0 3 0 0] w=[21 5 4 4 18 6] Phi=8 H=1260 W=124 sumW=58} fast={maxR=105 minR=64 maxAge=105} naive={maxR=105 minR=64 maxAge=105} verdict=PASS
case=190 input={T=[3 11 30 3] phi=[2 2 3 0] w=[3 10 27 3] Phi=3 H=330 W=97 sumW=43} fast={maxR=84 minR=43 maxAge=84} naive={maxR=84 minR=43 maxAge=84} verdict=PASS
case=191 input={T=[1 17 20 12] phi=[0 14 7 2] w=[1 17 20 12] Phi=14 H=1020 W=114 sumW=50} fast={maxR=96 minR=53 maxAge=96} naive={maxR=96 minR=53 maxAge=96} verdict=PASS
case=192 input={T=[37 2] phi=[8 1] w=[37 2] Phi=8 H=74 W=86 sumW=39} fast={maxR=76 minR=39 maxAge=76} naive={maxR=76 minR=39 maxAge=76} verdict=PASS
case=193 input={T=[25 10 5 18 30] phi=[0 6 2 7 20] w=[25 10 5 18 30] Phi=20 H=450 W=196 sumW=88} fast={maxR=159 minR=100 maxAge=159} naive={maxR=159 minR=100 maxAge=159} verdict=PASS
case=194 input={T=[13 31 1 26 5] phi=[4 27 0 16 3] w=[13 31 1 26 3] Phi=27 H=4030 W=179 sumW=74} fast={maxR=135 minR=80 maxAge=135} naive={maxR=135 minR=80 maxAge=135} verdict=PASS
case=195 input={T=[8 25 24 14 24] phi=[4 20 13 12 1] w=[8 25 24 14 24] Phi=20 H=4200 W=210 sumW=95} fast={maxR=164 minR=117 maxAge=164} naive={maxR=164 minR=117 maxAge=164} verdict=PASS
case=196 input={T=[24 30 6 20 18] phi=[18 4 5 15 7] w=[24 30 6 20 18] Phi=18 H=360 W=214 sumW=98} fast={maxR=174 minR=109 maxAge=174} naive={maxR=174 minR=109 maxAge=174} verdict=PASS
case=197 input={T=[7 6 40 24] phi=[0 2 9 23] w=[3 6 40 24] Phi=23 H=840 W=177 sumW=73} fast={maxR=143 minR=84 maxAge=143} naive={maxR=143 minR=84 maxAge=143} verdict=PASS
case=198 input={T=[17 9] phi=[16 6] w=[9 3] Phi=16 H=153 W=68 sumW=12} fast={maxR=36 minR=12 maxAge=36} naive={maxR=36 minR=12 maxAge=36} verdict=PASS
case=199 input={T=[16 40 19] phi=[11 19 12] w=[16 31 19] Phi=19 H=1520 W=169 sumW=66} fast={maxR=131 minR=66 maxAge=131} naive={maxR=131 minR=66 maxAge=131} verdict=PASS
case=200 input={T=[15 10 25 19 15] phi=[14 2 2 16 0] w=[6 10 25 19 15] Phi=16 H=2850 W=184 sumW=75} fast={maxR=135 minR=91 maxAge=135} naive={maxR=135 minR=91 maxAge=135} verdict=PASS
case=201 input={T=[31 6] phi=[18 1] w=[31 6] Phi=18 H=186 W=92 sumW=37} fast={maxR=72 minR=37 maxAge=72} naive={maxR=72 minR=37 maxAge=72} verdict=PASS
case=202 input={T=[37 15 3 4] phi=[35 11 0 3] w=[6 15 2 4] Phi=35 H=2220 W=153 sumW=27} fast={maxR=81 minR=28 maxAge=81} naive={maxR=81 minR=28 maxAge=81} verdict=PASS
case=203 input={T=[3 4] phi=[0 3] w=[3 4] Phi=3 H=12 W=17 sumW=7} fast={maxR=12 minR=7 maxAge=12} naive={maxR=12 minR=7 maxAge=12} verdict=PASS
case=204 input={T=[7 8 21 34] phi=[6 1 17 23] w=[7 8 21 34] Phi=23 H=2856 W=163 sumW=70} fast={maxR=133 minR=73 maxAge=133} naive={maxR=133 minR=73 maxAge=133} verdict=PASS
case=205 input={T=[15 20 2 35] phi=[9 9 1 29] w=[15 20 2 35] Phi=29 H=420 W=173 sumW=72} fast={maxR=134 minR=75 maxAge=134} naive={maxR=134 minR=75 maxAge=134} verdict=PASS
case=206 input={T=[7 3] phi=[3 0] w=[7 3] Phi=3 H=21 W=23 sumW=10} fast={maxR=18 minR=10 maxAge=18} naive={maxR=18 minR=10 maxAge=18} verdict=PASS
case=207 input={T=[4 32 3 4 17] phi=[0 29 1 3 15] w=[4 32 3 2 17] Phi=29 H=1632 W=149 sumW=58} fast={maxR=109 minR=62 maxAge=109} naive={maxR=109 minR=62 maxAge=109} verdict=PASS
case=208 input={T=[23 9 16 23] phi=[19 3 10 4] w=[23 9 16 2] Phi=19 H=3312 W=161 sumW=50} fast={maxR=101 minR=56 maxAge=101} naive={maxR=101 minR=56 maxAge=101} verdict=PASS
case=209 input={T=[35 38 19 20] phi=[14 34 5 6] w=[35 38 19 20] Phi=34 H=2660 W=258 sumW=112} fast={maxR=206 minR=122 maxAge=206} naive={maxR=206 minR=122 maxAge=206} verdict=PASS
case=210 input={T=[24 28] phi=[22 20] w=[24 28] Phi=22 H=168 W=126 sumW=52} fast={maxR=101 minR=54 maxAge=101} naive={maxR=101 minR=54 maxAge=101} verdict=PASS
case=211 input={T=[5 5 34] phi=[2 3 31] w=[5 3 34] Phi=31 H=170 W=119 sumW=42} fast={maxR=80 minR=43 maxAge=80} naive={maxR=80 minR=43 maxAge=80} verdict=PASS
case=212 input={T=[30 28 25 10 20 4] phi=[28 8 16 5 6 1] w=[30 28 12 10 20 4] Phi=28 H=2100 W=262 sumW=104} fast={maxR=194 minR=115 maxAge=194} naive={maxR=194 minR=115 maxAge=194} verdict=PASS
case=213 input={T=[3 1 19 36] phi=[2 0 13 2] w=[3 1 19 15] Phi=13 H=684 W=131 sumW=38} fast={maxR=92 minR=39 maxAge=92} naive={maxR=92 minR=39 maxAge=92} verdict=PASS
case=214 input={T=[10 8 22 36 1] phi=[3 5 19 4 0] w=[10 8 22 36 1] Phi=19 H=3960 W=173 sumW=77} fast={maxR=145 minR=78 maxAge=145} naive={maxR=145 minR=78 maxAge=145} verdict=PASS
case=215 input={T=[2 24 1 25 6] phi=[1 8 0 21 5] w=[2 24 1 25 6] Phi=21 H=600 W=137 sumW=58} fast={maxR=107 minR=60 maxAge=107} naive={maxR=107 minR=60 maxAge=107} verdict=PASS
case=216 input={T=[1 21] phi=[0 4] w=[1 17] Phi=4 H=21 W=48 sumW=18} fast={maxR=38 minR=18 maxAge=38} naive={maxR=38 minR=18 maxAge=38} verdict=PASS
case=217 input={T=[32 1 24 31] phi=[4 0 0 21] w=[32 1 11 31] Phi=21 H=2976 W=197 sumW=75} fast={maxR=155 minR=78 maxAge=155} naive={maxR=155 minR=78 maxAge=155} verdict=PASS
case=218 input={T=[27 8 39 6] phi=[9 2 7 4] w=[27 8 39 6] Phi=9 H=2808 W=169 sumW=80} fast={maxR=153 minR=82 maxAge=153} naive={maxR=153 minR=82 maxAge=153} verdict=PASS
case=219 input={T=[14 27] phi=[13 17] w=[10 27] Phi=17 H=378 W=99 sumW=37} fast={maxR=76 minR=37 maxAge=76} naive={maxR=76 minR=37 maxAge=76} verdict=PASS
case=220 input={T=[27 10] phi=[2 1] w=[27 10] Phi=2 H=270 W=76 sumW=37} fast={maxR=72 minR=37 maxAge=72} naive={maxR=72 minR=37 maxAge=72} verdict=PASS
case=221 input={T=[5 16 30] phi=[1 3 28] w=[4 11 30] Phi=28 H=240 W=130 sumW=45} fast={maxR=91 minR=47 maxAge=91} naive={maxR=91 minR=47 maxAge=91} verdict=PASS
case=222 input={T=[30 30 8 39 5] phi=[8 15 6 8 0] w=[30 30 8 39 5] Phi=15 H=1560 W=239 sumW=112} fast={maxR=196 minR=122 maxAge=196} naive={maxR=196 minR=122 maxAge=196} verdict=PASS
case=223 input={T=[36 22 30] phi=[7 20 6] w=[36 22 30] Phi=20 H=1980 W=196 sumW=88} fast={maxR=172 minR=89 maxAge=172} naive={maxR=172 minR=89 maxAge=172} verdict=PASS
case=224 input={T=[1 16 1 12 4] phi=[0 11 0 5 3] w=[1 16 1 12 4] Phi=11 H=48 W=79 sumW=34} fast={maxR=60 minR=37 maxAge=60} naive={maxR=60 minR=37 maxAge=60} verdict=PASS
case=225 input={T=[21 18 30 30 25 9] phi=[4 3 11 17 4 4] w=[9 18 18 30 3 9] Phi=17 H=3150 W=283 sumW=87} fast={maxR=191 minR=111 maxAge=191} naive={maxR=191 minR=111 maxAge=191} verdict=PASS
case=226 input={T=[12 16 12 15 34] phi=[5 8 8 10 7] w=[12 16 12 15 34] Phi=10 H=4080 W=188 sumW=89} fast={maxR=169 minR=102 maxAge=169} naive={maxR=169 minR=102 maxAge=169} verdict=PASS
case=227 input={T=[33 25 25 1] phi=[27 13 22 0] w=[33 25 25 1] Phi=27 H=825 W=195 sumW=84} fast={maxR=149 minR=93 maxAge=149} naive={maxR=149 minR=93 maxAge=149} verdict=PASS
case=228 input={T=[30 6 8 18] phi=[14 0 4 10] w=[30 3 6 6] Phi=14 H=360 W=138 sumW=45} fast={maxR=97 minR=50 maxAge=97} naive={maxR=97 minR=50 maxAge=97} verdict=PASS
case=229 input={T=[11 4 2 28] phi=[7 3 0 23] w=[11 4 2 28] Phi=23 H=308 W=113 sumW=45} fast={maxR=84 minR=47 maxAge=84} naive={maxR=84 minR=47 maxAge=84} verdict=PASS
case=230 input={T=[7 2 22] phi=[6 1 5] w=[7 2 22] Phi=6 H=154 W=68 sumW=31} fast={maxR=58 minR=31 maxAge=58} naive={maxR=58 minR=31 maxAge=58} verdict=PASS
case=231 input={T=[15 8 25] phi=[5 7 3] w=[15 8 25] Phi=7 H=600 W=103 sumW=48} fast={maxR=92 minR=48 maxAge=92} naive={maxR=92 minR=48 maxAge=92} verdict=PASS
case=232 input={T=[4 9 37] phi=[2 8 10] w=[4 9 35] Phi=10 H=1332 W=110 sumW=48} fast={maxR=95 minR=48 maxAge=95} naive={maxR=95 minR=48 maxAge=95} verdict=PASS
case=233 input={T=[8 21 40 8] phi=[0 19 24 3] w=[7 21 40 8] Phi=24 H=840 W=178 sumW=76} fast={maxR=138 minR=83 maxAge=138} naive={maxR=138 minR=83 maxAge=138} verdict=PASS
case=234 input={T=[23 18 2 12] phi=[15 1 1 1] w=[6 18 1 4] Phi=15 H=828 W=125 sumW=29} fast={maxR=79 minR=34 maxAge=79} naive={maxR=79 minR=34 maxAge=79} verdict=PASS
case=235 input={T=[5 9 2] phi=[2 1 0] w=[5 9 2] Phi=2 H=90 W=34 sumW=16} fast={maxR=29 minR=16 maxAge=29} naive={maxR=29 minR=16 maxAge=29} verdict=PASS
case=236 input={T=[5 15 4] phi=[2 4 3] w=[5 2 4] Phi=4 H=60 W=52 sumW=11} fast={maxR=30 minR=13 maxAge=30} naive={maxR=30 minR=13 maxAge=30} verdict=PASS
case=237 input={T=[10 7 29 7 7] phi=[4 3 0 6 3] w=[10 7 29 7 7] Phi=6 H=2030 W=126 sumW=60} fast={maxR=109 minR=66 maxAge=109} naive={maxR=109 minR=66 maxAge=109} verdict=PASS
case=238 input={T=[3 7 16 4 5] phi=[1 1 10 3 3] w=[3 7 16 2 5] Phi=10 H=1680 W=80 sumW=33} fast={maxR=61 minR=34 maxAge=61} naive={maxR=61 minR=34 maxAge=61} verdict=PASS
case=239 input={T=[3 16 7] phi=[2 11 4] w=[2 16 7] Phi=11 H=336 W=63 sumW=25} fast={maxR=48 minR=25 maxAge=48} naive={maxR=48 minR=25 maxAge=48} verdict=PASS
case=240 input={T=[6 2 32 27 9 9] phi=[2 0 26 11 6 8] w=[3 1 32 27 9 9] Phi=26 H=864 W=196 sumW=81} fast={maxR=149 minR=90 maxAge=149} naive={maxR=149 minR=90 maxAge=149} verdict=PASS
case=241 input={T=[20 15] phi=[5 10] w=[20 15] Phi=10 H=60 W=80 sumW=35} fast={maxR=64 minR=35 maxAge=64} naive={maxR=64 minR=35 maxAge=64} verdict=PASS
case=242 input={T=[8 12 29] phi=[3 10 23] w=[8 12 3] Phi=23 H=696 W=121 sumW=23} fast={maxR=69 minR=26 maxAge=69} naive={maxR=69 minR=26 maxAge=69} verdict=PASS
case=243 input={T=[2 25 16 5] phi=[0 5 6 3] w=[1 25 16 5] Phi=6 H=400 W=102 sumW=47} fast={maxR=89 minR=49 maxAge=89} naive={maxR=89 minR=49 maxAge=89} verdict=PASS
case=244 input={T=[6 40 20 17] phi=[4 38 9 6] w=[5 40 20 17] Phi=38 H=2040 W=204 sumW=82} fast={maxR=153 minR=94 maxAge=153} naive={maxR=153 minR=94 maxAge=153} verdict=PASS
case=245 input={T=[8 9 2] phi=[6 1 1] w=[8 9 1] Phi=6 H=72 W=44 sumW=18} fast={maxR=33 minR=18 maxAge=33} naive={maxR=33 minR=18 maxAge=33} verdict=PASS
case=246 input={T=[32 32 7 4 5] phi=[25 23 4 3 3] w=[32 32 7 4 5] Phi=25 H=1120 W=185 sumW=80} fast={maxR=154 minR=111 maxAge=154} naive={maxR=154 minR=111 maxAge=154} verdict=PASS
case=247 input={T=[30 3 40 38 10 12] phi=[17 2 19 33 1 8] w=[1 3 18 38 10 12] Phi=33 H=2280 W=299 sumW=82} fast={maxR=188 minR=105 maxAge=188} naive={maxR=188 minR=105 maxAge=188} verdict=PASS
case=248 input={T=[12 26 30] phi=[6 16 26] w=[12 26 9] Phi=26 H=780 W=162 sumW=47} fast={maxR=106 minR=47 maxAge=106} naive={maxR=106 minR=47 maxAge=106} verdict=PASS
case=249 input={T=[10 4 2 9 6 4] phi=[8 0 0 3 5 1] w=[10 4 2 2 6 4] Phi=8 H=180 W=78 sumW=28} fast={maxR=50 minR=31 maxAge=50} naive={maxR=50 minR=31 maxAge=50} verdict=PASS
case=250 input={T=[18 12] phi=[17 10] w=[4 12] Phi=17 H=36 W=77 sumW=16} fast={maxR=40 minR=17 maxAge=40} naive={maxR=40 minR=17 maxAge=40} verdict=PASS
case=251 input={T=[15 22 15] phi=[3 5 6] w=[15 22 2] Phi=6 H=330 W=110 sumW=39} fast={maxR=79 minR=50 maxAge=79} naive={maxR=79 minR=50 maxAge=79} verdict=PASS
case=252 input={T=[25 7] phi=[0 0] w=[25 5] Phi=0 H=175 W=64 sumW=30} fast={maxR=60 minR=30 maxAge=60} naive={maxR=60 minR=30 maxAge=60} verdict=PASS
case=253 input={T=[9 25] phi=[6 11] w=[9 25] Phi=11 H=225 W=79 sumW=34} fast={maxR=66 minR=34 maxAge=66} naive={maxR=66 minR=34 maxAge=66} verdict=PASS
case=254 input={T=[15 33 3 17] phi=[0 18 1 12] w=[15 33 3 17] Phi=18 H=2805 W=154 sumW=68} fast={maxR=129 minR=69 maxAge=129} naive={maxR=129 minR=69 maxAge=129} verdict=PASS
case=255 input={T=[5 9 37 3 3] phi=[0 5 20 1 0] w=[5 9 37 3 3] Phi=20 H=1665 W=134 sumW=57} fast={maxR=108 minR=60 maxAge=108} naive={maxR=108 minR=60 maxAge=108} verdict=PASS
case=256 input={T=[32 8 6 2 4] phi=[5 5 0 1 3] w=[32 8 2 2 4] Phi=5 H=96 W=109 sumW=48} fast={maxR=85 minR=50 maxAge=85} naive={maxR=85 minR=50 maxAge=85} verdict=PASS
case=257 input={T=[4 18 12 9 22] phi=[0 8 1 2 9] w=[4 18 12 9 22] Phi=9 H=396 W=139 sumW=65} fast={maxR=122 minR=77 maxAge=122} naive={maxR=122 minR=77 maxAge=122} verdict=PASS
case=258 input={T=[26 25] phi=[2 18] w=[26 25] Phi=18 H=650 W=120 sumW=51} fast={maxR=100 minR=51 maxAge=100} naive={maxR=100 minR=51 maxAge=100} verdict=PASS
case=259 input={T=[16 40 8 1 10 19] phi=[15 35 2 0 8 16] w=[12 40 8 1 10 19] Phi=35 H=1520 W=223 sumW=90} fast={maxR=169 minR=104 maxAge=169} naive={maxR=169 minR=104 maxAge=169} verdict=PASS
case=260 input={T=[21 12 35] phi=[12 0 19] w=[21 12 35] Phi=19 H=420 W=155 sumW=68} fast={maxR=125 minR=70 maxAge=125} naive={maxR=125 minR=70 maxAge=125} verdict=PASS
case=261 input={T=[12 8 16 21 6 10] phi=[1 2 4 3 1 9] w=[12 8 16 1 1 10] Phi=9 H=1680 W=155 sumW=48} fast={maxR=103 minR=54 maxAge=103} naive={maxR=103 minR=54 maxAge=103} verdict=PASS
case=262 input={T=[22 39 3 11] phi=[18 14 2 6] w=[6 39 3 11] Phi=18 H=858 W=168 sumW=59} fast={maxR=119 minR=65 maxAge=119} naive={maxR=119 minR=65 maxAge=119} verdict=PASS
case=263 input={T=[12 8 4 3 17 32] phi=[4 4 1 0 12 6] w=[12 8 4 3 17 32] Phi=12 H=1632 W=164 sumW=76} fast={maxR=133 minR=78 maxAge=133} naive={maxR=133 minR=78 maxAge=133} verdict=PASS
case=264 input={T=[30 3 6 25] phi=[17 0 1 17] w=[30 3 6 25] Phi=17 H=150 W=145 sumW=64} fast={maxR=119 minR=70 maxAge=119} naive={maxR=119 minR=70 maxAge=119} verdict=PASS
case=265 input={T=[30 30 9 20 33] phi=[27 27 1 15 20] w=[30 30 8 20 33] Phi=27 H=1980 W=271 sumW=121} fast={maxR=202 minR=131 maxAge=202} naive={maxR=202 minR=131 maxAge=202} verdict=PASS
case=266 input={T=[4 28] phi=[2 13] w=[4 28] Phi=13 H=28 W=77 sumW=32} fast={maxR=62 minR=35 maxAge=62} naive={maxR=62 minR=35 maxAge=62} verdict=PASS
case=267 input={T=[2 8] phi=[1 7] w=[2 3] Phi=7 H=8 W=27 sumW=5} fast={maxR=12 minR=5 maxAge=12} naive={maxR=12 minR=5 maxAge=12} verdict=PASS
case=268 input={T=[15 2 39 25] phi=[13 0 18 4] w=[10 2 39 25] Phi=18 H=1950 W=180 sumW=76} fast={maxR=150 minR=81 maxAge=150} naive={maxR=150 minR=81 maxAge=150} verdict=PASS
case=269 input={T=[33 2] phi=[32 0] w=[24 1] Phi=32 H=66 W=102 sumW=25} fast={maxR=58 minR=25 maxAge=58} naive={maxR=58 minR=25 maxAge=58} verdict=PASS
case=270 input={T=[8 18] phi=[1 14] w=[8 18] Phi=14 H=72 W=66 sumW=26} fast={maxR=50 minR=27 maxAge=50} naive={maxR=50 minR=27 maxAge=50} verdict=PASS
case=271 input={T=[10 9 1] phi=[5 6 0] w=[10 3 1] Phi=6 H=90 W=46 sumW=14} fast={maxR=31 minR=14 maxAge=31} naive={maxR=31 minR=14 maxAge=31} verdict=PASS
case=272 input={T=[6 14 5 36 21 15] phi=[0 6 2 31 4 11] w=[4 14 5 36 21 15] Phi=31 H=1260 W=225 sumW=95} fast={maxR=169 minR=104 maxAge=169} naive={maxR=169 minR=104 maxAge=169} verdict=PASS
case=273 input={T=[1 3] phi=[0 1] w=[1 2] Phi=1 H=3 W=9 sumW=3} fast={maxR=5 minR=3 maxAge=5} naive={maxR=5 minR=3 maxAge=5} verdict=PASS
case=274 input={T=[5 7 10 2 21] phi=[2 0 8 1 13] w=[5 7 10 2 21] Phi=13 H=210 W=103 sumW=45} fast={maxR=84 minR=50 maxAge=84} naive={maxR=84 minR=50 maxAge=84} verdict=PASS
case=275 input={T=[20 2 18 12 39 15] phi=[3 1 13 3 11 5] w=[19 2 18 12 39 15] Phi=13 H=2340 W=225 sumW=105} fast={maxR=196 minR=112 maxAge=196} naive={maxR=196 minR=112 maxAge=196} verdict=PASS
case=276 input={T=[27 22 15] phi=[19 21 5] w=[6 19 15] Phi=21 H=2970 W=149 sumW=40} fast={maxR=99 minR=40 maxAge=99} naive={maxR=99 minR=40 maxAge=99} verdict=PASS
case=277 input={T=[20 3 13 20 10] phi=[10 1 2 11 5] w=[20 3 13 20 10] Phi=11 H=780 W=143 sumW=66} fast={maxR=114 minR=75 maxAge=114} naive={maxR=114 minR=75 maxAge=114} verdict=PASS
case=278 input={T=[7 6 18 8 30 10] phi=[0 4 4 4 6 2] w=[4 6 18 6 30 10] Phi=6 H=2520 W=164 sumW=74} fast={maxR=135 minR=82 maxAge=135} naive={maxR=135 minR=82 maxAge=135} verdict=PASS
case=279 input={T=[4 23 10] phi=[3 7 3] w=[4 23 4] Phi=7 H=460 W=81 sumW=31} fast={maxR=65 minR=32 maxAge=65} naive={maxR=65 minR=32 maxAge=65} verdict=PASS
case=280 input={T=[36 3 30 1 40] phi=[5 1 20 0 6] w=[36 3 30 1 40] Phi=20 H=360 W=240 sumW=110} fast={maxR=204 minR=121 maxAge=204} naive={maxR=204 minR=121 maxAge=204} verdict=PASS
case=281 input={T=[20 1 2 10 19 4] phi=[1 0 1 6 0 1] w=[20 1 2 10 19 4] Phi=6 H=380 W=118 sumW=56} fast={maxR=95 minR=60 maxAge=95} naive={maxR=95 minR=60 maxAge=95} verdict=PASS
case=282 input={T=[7 10 14 12 32 1] phi=[4 5 3 0 22 0] w=[7 10 4 4 32 1] Phi=22 H=3360 W=174 sumW=58} fast={maxR=122 minR=64 maxAge=122} naive={maxR=122 minR=64 maxAge=122} verdict=PASS
case=283 input={T=[31 6 7 9] phi=[21 0 0 5] w=[23 6 7 9] Phi=21 H=3906 W=127 sumW=45} fast={maxR=93 minR=46 maxAge=93} naive={maxR=93 minR=46 maxAge=93} verdict=PASS
case=284 input={T=[16 37 12 1] phi=[12 6 4 0] w=[16 37 8 1] Phi=12 H=1776 W=144 sumW=62} fast={maxR=124 minR=65 maxAge=124} naive={maxR=124 minR=65 maxAge=124} verdict=PASS
case=285 input={T=[19 5 20] phi=[0 3 11] w=[19 5 9] Phi=11 H=380 W=99 sumW=33} fast={maxR=73 minR=36 maxAge=73} naive={maxR=73 minR=36 maxAge=73} verdict=PASS
case=286 input={T=[3 21 9 23] phi=[0 1 2 14] w=[3 21 9 23] Phi=14 H=1449 W=126 sumW=56} fast={maxR=106 minR=58 maxAge=106} naive={maxR=106 minR=58 maxAge=106} verdict=PASS
case=287 input={T=[20 1] phi=[1 0] w=[20 1] Phi=1 H=20 W=43 sumW=21} fast={maxR=40 minR=21 maxAge=40} naive={maxR=40 minR=21 maxAge=40} verdict=PASS
case=288 input={T=[25 5 2 6 12 26] phi=[21 2 0 0 4 5] w=[25 5 2 6 7 9] Phi=21 H=3900 W=173 sumW=54} fast={maxR=118 minR=59 maxAge=118} naive={maxR=118 minR=59 maxAge=118} verdict=PASS
case=289 input={T=[30 37 30] phi=[7 6 2] w=[30 37 30] Phi=7 H=1110 W=201 sumW=97} fast={maxR=174 minR=115 maxAge=174} naive={maxR=174 minR=115 maxAge=174} verdict=PASS
case=290 input={T=[25 24 8 9 25 9] phi=[24 8 0 7 8 5] w=[25 24 8 9 25 6] Phi=24 H=1800 W=224 sumW=97} fast={maxR=172 minR=115 maxAge=172} naive={maxR=172 minR=115 maxAge=172} verdict=PASS
case=291 input={T=[20 10 10 35] phi=[1 6 9 29] w=[9 4 10 9] Phi=29 H=140 W=179 sumW=32} fast={maxR=96 minR=47 maxAge=96} naive={maxR=96 minR=47 maxAge=96} verdict=PASS
case=292 input={T=[10 30 1] phi=[1 3 0] w=[10 30 1] Phi=3 H=30 W=85 sumW=41} fast={maxR=72 minR=43 maxAge=72} naive={maxR=72 minR=43 maxAge=72} verdict=PASS
case=293 input={T=[6 36] phi=[0 22] w=[5 36] Phi=22 H=36 W=106 sumW=41} fast={maxR=81 minR=46 maxAge=81} naive={maxR=81 minR=46 maxAge=81} verdict=PASS
case=294 input={T=[7 17] phi=[4 13] w=[7 17] Phi=13 H=119 W=61 sumW=24} fast={maxR=46 minR=24 maxAge=46} naive={maxR=46 minR=24 maxAge=46} verdict=PASS
case=295 input={T=[15 21 30 34 10] phi=[13 19 13 1 8] w=[15 9 15 34 10] Phi=19 H=3570 W=239 sumW=83} fast={maxR=169 minR=95 maxAge=169} naive={maxR=169 minR=95 maxAge=169} verdict=PASS
case=296 input={T=[10 29 10 17] phi=[8 28 0 11] w=[10 10 10 17] Phi=28 H=4930 W=160 sumW=47} fast={maxR=104 minR=49 maxAge=104} naive={maxR=104 minR=49 maxAge=104} verdict=PASS
case=297 input={T=[29 17 7] phi=[12 16 6] w=[29 17 7] Phi=16 H=3451 W=122 sumW=53} fast={maxR=103 minR=53 maxAge=103} naive={maxR=103 minR=53 maxAge=103} verdict=PASS
case=298 input={T=[10 34 1] phi=[2 0 0] w=[10 34 1] Phi=2 H=170 W=92 sumW=45} fast={maxR=86 minR=45 maxAge=86} naive={maxR=86 minR=45 maxAge=86} verdict=PASS
case=299 input={T=[35 1 4] phi=[28 0 1] w=[35 1 4] Phi=28 H=140 W=108 sumW=40} fast={maxR=77 minR=40 maxAge=77} naive={maxR=77 minR=40 maxAge=77} verdict=PASS
case=300 input={T=[30 34] phi=[16 23] w=[30 34] Phi=23 H=510 W=151 sumW=64} fast={maxR=126 minR=65 maxAge=126} naive={maxR=126 minR=65 maxAge=126} verdict=PASS
case=301 input={T=[25 8 15] phi=[15 1 10] w=[9 8 4] Phi=15 H=600 W=111 sumW=21} fast={maxR=63 minR=24 maxAge=63} naive={maxR=63 minR=24 maxAge=63} verdict=PASS
case=302 input={T=[19 3] phi=[2 2] w=[19 3] Phi=2 H=57 W=46 sumW=22} fast={maxR=42 minR=22 maxAge=42} naive={maxR=42 minR=22 maxAge=42} verdict=PASS
case=303 input={T=[6 35 14] phi=[5 17 0] w=[4 35 14] Phi=17 H=210 W=127 sumW=53} fast={maxR=102 minR=57 maxAge=102} naive={maxR=102 minR=57 maxAge=102} verdict=PASS
case=304 input={T=[30 5 22 33] phi=[3 3 1 25] w=[30 5 22 33] Phi=25 H=330 W=205 sumW=90} fast={maxR=162 minR=97 maxAge=162} naive={maxR=162 minR=97 maxAge=162} verdict=PASS
case=305 input={T=[8 25 21] phi=[2 10 7] w=[8 25 21] Phi=10 H=4200 W=118 sumW=54} fast={maxR=105 minR=54 maxAge=105} naive={maxR=105 minR=54 maxAge=105} verdict=PASS
case=306 input={T=[38 2 5 13] phi=[19 0 3 12] w=[38 2 3 13] Phi=19 H=2470 W=135 sumW=56} fast={maxR=110 minR=57 maxAge=110} naive={maxR=110 minR=57 maxAge=110} verdict=PASS
case=307 input={T=[19 27] phi=[0 11] w=[19 27] Phi=11 H=513 W=103 sumW=46} fast={maxR=90 minR=46 maxAge=90} naive={maxR=90 minR=46 maxAge=90} verdict=PASS
case=308 input={T=[24 8 23 15] phi=[3 6 8 13] w=[17 8 23 8] Phi=13 H=2760 W=153 sumW=56} fast={maxR=116 minR=60 maxAge=116} naive={maxR=116 minR=60 maxAge=116} verdict=PASS
case=309 input={T=[4 6 23 11] phi=[3 4 12 5] w=[4 6 7 11] Phi=12 H=3036 W=100 sumW=28} fast={maxR=68 minR=29 maxAge=68} naive={maxR=68 minR=29 maxAge=68} verdict=PASS
case=310 input={T=[12 17 15] phi=[10 5 13] w=[8 17 15] Phi=13 H=1020 W=101 sumW=40} fast={maxR=80 minR=42 maxAge=80} naive={maxR=80 minR=42 maxAge=80} verdict=PASS
case=311 input={T=[34 35 8 4 7] phi=[18 1 3 1 3] w=[34 35 8 4 7] Phi=18 H=4760 W=194 sumW=88} fast={maxR=166 minR=92 maxAge=166} naive={maxR=166 minR=92 maxAge=166} verdict=PASS
case=312 input={T=[2 23 14 4] phi=[0 7 2 0] w=[2 23 14 4] Phi=7 H=644 W=93 sumW=43} fast={maxR=81 minR=44 maxAge=81} naive={maxR=81 minR=44 maxAge=81} verdict=PASS
case=313 input={T=[24 25] phi=[7 22] w=[24 25] Phi=22 H=600 W=120 sumW=49} fast={maxR=96 minR=49 maxAge=96} naive={maxR=96 minR=49 maxAge=96} verdict=PASS
case=314 input={T=[5 5 33 15 6 8] phi=[2 0 24 0 3 4] w=[5 1 33 15 4 8] Phi=24 H=1320 W=168 sumW=66} fast={maxR=124 minR=71 maxAge=124} naive={maxR=124 minR=71 maxAge=124} verdict=PASS
case=315 input={T=[8 28 14 15 16 8] phi=[4 8 9 3 1 2] w=[7 4 14 15 9 8] Phi=9 H=1680 W=187 sumW=57} fast={maxR=125 minR=70 maxAge=125} naive={maxR=125 minR=70 maxAge=125} verdict=PASS
case=316 input={T=[16 25 24] phi=[7 13 4] w=[16 25 24] Phi=13 H=1200 W=143 sumW=65} fast={maxR=124 minR=69 maxAge=124} naive={maxR=124 minR=69 maxAge=124} verdict=PASS
case=317 input={T=[30 40 23 12] phi=[10 25 15 2] w=[24 40 23 12] Phi=25 H=2760 W=235 sumW=99} fast={maxR=189 minR=106 maxAge=189} naive={maxR=189 minR=106 maxAge=189} verdict=PASS
case=318 input={T=[4 15 6 35 1 20] phi=[3 13 3 18 0 0] w=[1 11 6 35 1 20] Phi=18 H=420 W=180 sumW=74} fast={maxR=140 minR=81 maxAge=140} naive={maxR=140 minR=81 maxAge=140} verdict=PASS
case=319 input={T=[25 15 20 18 30] phi=[23 13 11 3 14] w=[25 15 20 18 30] Phi=23 H=900 W=239 sumW=108} fast={maxR=195 minR=116 maxAge=195} naive={maxR=195 minR=116 maxAge=195} verdict=PASS
case=320 input={T=[3 39 30 9] phi=[1 21 8 6] w=[3 39 30 9] Phi=21 H=1170 W=183 sumW=81} fast={maxR=157 minR=86 maxAge=157} naive={maxR=157 minR=86 maxAge=157} verdict=PASS
case=321 input={T=[3 15 10 24] phi=[2 7 6 14] w=[3 9 10 24] Phi=14 H=120 W=118 sumW=46} fast={maxR=89 minR=48 maxAge=89} naive={maxR=89 minR=48 maxAge=89} verdict=PASS
case=322 input={T=[10 8] phi=[8 0] w=[10 8] Phi=8 H=40 W=44 sumW=18} fast={maxR=33 minR=18 maxAge=33} naive={maxR=33 minR=18 maxAge=33} verdict=PASS
case=323 input={T=[2 40 14 30 12] phi=[0 32 2 18 6] w=[2 40 14 30 12] Phi=32 H=840 W=228 sumW=98} fast={maxR=175 minR=100 maxAge=175} naive={maxR=175 minR=100 maxAge=175} verdict=PASS
case=324 input={T=[24 1 9 2 24] phi=[20 0 7 1 22] w=[3 1 8 2 24] Phi=22 H=72 W=142 sumW=38} fast={maxR=73 minR=50 maxAge=73} naive={maxR=73 minR=50 maxAge=73} verdict=PASS
case=325 input={T=[1 36 10] phi=[0 10 3] w=[1 36 8] Phi=10 H=180 W=104 sumW=45} fast={maxR=89 minR=46 maxAge=89} naive={maxR=89 minR=46 maxAge=89} verdict=PASS
case=326 input={T=[16 5 5 1] phi=[7 0 4 0] w=[16 4 1 1] Phi=7 H=80 W=61 sumW=22} fast={maxR=41 minR=22 maxAge=41} naive={maxR=41 minR=22 maxAge=41} verdict=PASS
case=327 input={T=[12 27] phi=[2 26] w=[6 27] Phi=26 H=108 W=104 sumW=33} fast={maxR=68 minR=33 maxAge=68} naive={maxR=68 minR=33 maxAge=68} verdict=PASS
case=328 input={T=[6 39 26 12 14] phi=[3 21 16 4 10] w=[6 39 26 12 14] Phi=21 H=1092 W=215 sumW=97} fast={maxR=176 minR=105 maxAge=176} naive={maxR=176 minR=105 maxAge=176} verdict=PASS
case=329 input={T=[5 35 25] phi=[0 28 16] w=[5 30 2] Phi=28 H=175 W=158 sumW=37} fast={maxR=97 minR=43 maxAge=97} naive={maxR=97 minR=43 maxAge=97} verdict=PASS
case=330 input={T=[6 18 4] phi=[2 3 0] w=[1 18 4] Phi=3 H=36 W=59 sumW=23} fast={maxR=43 minR=24 maxAge=43} naive={maxR=43 minR=24 maxAge=43} verdict=PASS
case=331 input={T=[6 13] phi=[3 6] w=[6 13] Phi=6 H=78 W=44 sumW=19} fast={maxR=36 minR=19 maxAge=36} naive={maxR=36 minR=19 maxAge=36} verdict=PASS
case=332 input={T=[1 3 6 35 27] phi=[0 2 5 9 14] w=[1 3 6 35 27] Phi=14 H=1890 W=158 sumW=72} fast={maxR=135 minR=73 maxAge=135} naive={maxR=135 minR=73 maxAge=135} verdict=PASS
case=333 input={T=[30 40 7 30 4 4] phi=[21 10 6 20 2 3] w=[30 40 7 30 4 2] Phi=21 H=840 W=251 sumW=113} fast={maxR=217 minR=126 maxAge=217} naive={maxR=217 minR=126 maxAge=217} verdict=PASS
case=334 input={T=[10 20] phi=[0 11] w=[10 20] Phi=11 H=20 W=71 sumW=30} fast={maxR=50 minR=31 maxAge=50} naive={maxR=50 minR=31 maxAge=50} verdict=PASS
case=335 input={T=[12 6 4 9 10 12] phi=[2 0 1 0 8 10] w=[12 2 4 9 6 12] Phi=10 H=180 W=116 sumW=45} fast={maxR=79 minR=56 maxAge=79} naive={maxR=79 minR=56 maxAge=79} verdict=PASS
case=336 input={T=[16 24 14 1 5 2] phi=[14 4 13 0 0 1] w=[16 24 14 1 4 1] Phi=14 H=1680 W=138 sumW=60} fast={maxR=115 minR=68 maxAge=115} naive={maxR=115 minR=68 maxAge=115} verdict=PASS
case=337 input={T=[5 28] phi=[0 3] w=[5 19] Phi=3 H=140 W=69 sumW=24} fast={maxR=55 minR=24 maxAge=55} naive={maxR=55 minR=24 maxAge=55} verdict=PASS
case=338 input={T=[15 16 16 1 8 10] phi=[14 13 9 0 3 9] w=[7 14 2 1 8 10] Phi=14 H=240 W=146 sumW=42} fast={maxR=99 minR=65 maxAge=99} naive={maxR=99 minR=65 maxAge=99} verdict=PASS
case=339 input={T=[10 10 10 30 25] phi=[3 0 8 11 5] w=[10 10 10 30 25] Phi=11 H=150 W=181 sumW=85} fast={maxR=156 minR=107 maxAge=156} naive={maxR=156 minR=107 maxAge=156} verdict=PASS
case=340 input={T=[12 30 9 12 11] phi=[4 15 2 0 2] w=[12 30 9 2 11] Phi=15 H=1980 W=163 sumW=64} fast={maxR=126 minR=81 maxAge=126} naive={maxR=126 minR=81 maxAge=126} verdict=PASS
case=341 input={T=[5 38 35 10] phi=[2 18 19 2] w=[5 3 5 10] Phi=19 H=1330 W=195 sumW=23} fast={maxR=104 minR=30 maxAge=104} naive={maxR=104 minR=30 maxAge=104} verdict=PASS
case=342 input={T=[39 14] phi=[4 5] w=[39 8] Phi=5 H=546 W=111 sumW=47} fast={maxR=98 minR=47 maxAge=98} naive={maxR=98 minR=47 maxAge=98} verdict=PASS
case=343 input={T=[4 5 12 16 3] phi=[2 1 8 13 1] w=[4 5 12 16 3] Phi=13 H=240 W=93 sumW=40} fast={maxR=69 minR=42 maxAge=69} naive={maxR=69 minR=42 maxAge=69} verdict=PASS
case=344 input={T=[29 10] phi=[23 9] w=[14 10] Phi=23 H=290 W=101 sumW=24} fast={maxR=61 minR=24 maxAge=61} naive={maxR=61 minR=24 maxAge=61} verdict=PASS
case=345 input={T=[16 37] phi=[2 25] w=[1 34] Phi=25 H=592 W=131 sumW=35} fast={maxR=86 minR=35 maxAge=86} naive={maxR=86 minR=35 maxAge=86} verdict=PASS
case=346 input={T=[30 15 25 19 1] phi=[19 6 1 12 0] w=[30 15 25 9 1] Phi=19 H=2850 W=199 sumW=80} fast={maxR=149 minR=82 maxAge=149} naive={maxR=149 minR=82 maxAge=149} verdict=PASS
case=347 input={T=[21 30 12 20] phi=[13 26 7 8] w=[9 20 12 14] Phi=26 H=420 W=192 sumW=55} fast={maxR=123 minR=66 maxAge=123} naive={maxR=123 minR=66 maxAge=123} verdict=PASS
case=348 input={T=[4 3 20 25] phi=[3 0 17 12] w=[4 3 20 25] Phi=17 H=300 W=121 sumW=52} fast={maxR=94 minR=55 maxAge=94} naive={maxR=94 minR=55 maxAge=94} verdict=PASS
case=349 input={T=[1 12 21 1 35 16] phi=[0 2 9 0 10 4] w=[1 8 21 1 35 16] Phi=10 H=1680 W=182 sumW=82} fast={maxR=154 minR=87 maxAge=154} naive={maxR=154 minR=87 maxAge=154} verdict=PASS
case=350 input={T=[11 22 4 8 37] phi=[4 16 3 0 34] w=[11 22 4 8 37] Phi=34 H=3256 W=198 sumW=82} fast={maxR=148 minR=85 maxAge=148} naive={maxR=148 minR=85 maxAge=148} verdict=PASS
case=351 input={T=[12 10 3] phi=[7 8 0] w=[12 4 3] Phi=8 H=60 W=58 sumW=19} fast={maxR=40 minR=20 maxAge=40} naive={maxR=40 minR=20 maxAge=40} verdict=PASS
case=352 input={T=[29 10] phi=[4 3] w=[5 7] Phi=4 H=290 W=82 sumW=12} fast={maxR=49 minR=12 maxAge=49} naive={maxR=49 minR=12 maxAge=49} verdict=PASS
case=353 input={T=[31 7] phi=[27 2] w=[31 7] Phi=27 H=217 W=103 sumW=38} fast={maxR=74 minR=38 maxAge=74} naive={maxR=74 minR=38 maxAge=74} verdict=PASS
case=354 input={T=[23 2 7] phi=[16 1 1] w=[23 2 7] Phi=16 H=322 W=80 sumW=32} fast={maxR=61 minR=32 maxAge=61} naive={maxR=61 minR=32 maxAge=61} verdict=PASS
case=355 input={T=[10 6] phi=[5 1] w=[8 6] Phi=5 H=30 W=37 sumW=14} fast={maxR=27 minR=14 maxAge=27} naive={maxR=27 minR=14 maxAge=27} verdict=PASS
case=356 input={T=[20 39 24] phi=[8 35 5] w=[20 39 24] Phi=35 H=1560 W=201 sumW=83} fast={maxR=160 minR=85 maxAge=160} naive={maxR=160 minR=85 maxAge=160} verdict=PASS
case=357 input={T=[6 25 12 15 16] phi=[0 5 4 4 13] w=[1 25 12 15 16] Phi=13 H=1200 W=161 sumW=69} fast={maxR=132 minR=73 maxAge=132} naive={maxR=132 minR=73 maxAge=132} verdict=PASS
case=358 input={T=[6 6 6 25] phi=[3 1 1 11] w=[6 5 6 9] Phi=11 H=150 W=97 sumW=26} fast={maxR=60 minR=31 maxAge=60} naive={maxR=60 minR=31 maxAge=60} verdict=PASS
case=359 input={T=[20 15 2 1 11 10] phi=[1 14 1 0 1 8] w=[20 15 1 1 11 10] Phi=14 H=660 W=132 sumW=58} fast={maxR=106 minR=67 maxAge=106} naive={maxR=106 minR=67 maxAge=106} verdict=PASS
case=360 input={T=[25 16 2 2] phi=[19 4 0 0] w=[25 16 2 2] Phi=19 H=400 W=109 sumW=45} fast={maxR=84 minR=45 maxAge=84} naive={maxR=84 minR=45 maxAge=84} verdict=PASS
case=361 input={T=[10 10 14 24 40 3] phi=[8 1 5 18 13 0] w=[2 10 14 24 40 1] Phi=18 H=840 W=220 sumW=91} fast={maxR=165 minR=98 maxAge=165} naive={maxR=165 minR=98 maxAge=165} verdict=PASS
case=362 input={T=[17 1 15 6] phi=[16 0 8 2] w=[17 1 4 6] Phi=16 H=510 W=94 sumW=28} fast={maxR=63 minR=30 maxAge=63} naive={maxR=63 minR=30 maxAge=63} verdict=PASS
case=363 input={T=[4 25 3 7] phi=[1 14 2 6] w=[4 25 1 6] Phi=14 H=2100 W=92 sumW=36} fast={maxR=71 minR=36 maxAge=71} naive={maxR=71 minR=36 maxAge=71} verdict=PASS
case=364 input={T=[14 30] phi=[13 15] w=[14 30] Phi=15 H=210 W=103 sumW=44} fast={maxR=85 minR=44 maxAge=85} naive={maxR=85 minR=44 maxAge=85} verdict=PASS
case=365 input={T=[6 9 27 1 39 4] phi=[0 2 17 0 27 1] w=[6 9 27 1 39 2] Phi=27 H=1404 W=199 sumW=84} fast={maxR=160 minR=93 maxAge=160} naive={maxR=160 minR=93 maxAge=160} verdict=PASS
case=366 input={T=[36 1 20 36 2] phi=[28 0 16 24 1] w=[36 1 20 36 2] Phi=28 H=180 W=218 sumW=95} fast={maxR=178 minR=107 maxAge=178} naive={maxR=178 minR=107 maxAge=178} verdict=PASS
case=367 input={T=[37 25] phi=[21 12] w=[37 11] Phi=21 H=925 W=145 sumW=48} fast={maxR=108 minR=48 maxAge=108} naive={maxR=108 minR=48 maxAge=108} verdict=PASS
case=368 input={T=[24 25 20] phi=[13 15 15] w=[24 25 6] Phi=15 H=600 W=153 sumW=55} fast={maxR=115 minR=56 maxAge=115} naive={maxR=115 minR=56 maxAge=115} verdict=PASS
case=369 input={T=[17 9 24 18] phi=[16 0 16 2] w=[17 4 15 18] Phi=16 H=1224 W=152 sumW=54} fast={maxR=106 minR=55 maxAge=106} naive={maxR=106 minR=55 maxAge=106} verdict=PASS
case=370 input={T=[5 5 20 25 25 9] phi=[2 0 3 3 23 0] w=[5 4 20 25 25 9] Phi=23 H=900 W=201 sumW=88} fast={maxR=162 minR=115 maxAge=162} naive={maxR=162 minR=115 maxAge=162} verdict=PASS
case=371 input={T=[4 25 32 15 40 40] phi=[3 21 8 10 18 8] w=[4 25 32 15 40 40] Phi=21 H=2400 W=333 sumW=156} fast={maxR=292 minR=193 maxAge=292} naive={maxR=292 minR=193 maxAge=292} verdict=PASS
case=372 input={T=[40 4 19] phi=[33 3 17] w=[40 4 19] Phi=33 H=760 W=159 sumW=63} fast={maxR=122 minR=65 maxAge=122} naive={maxR=122 minR=65 maxAge=122} verdict=PASS
case=373 input={T=[30 2 8 30] phi=[25 1 2 28] w=[30 2 8 11] Phi=28 H=120 W=168 sumW=51} fast={maxR=103 minR=74 maxAge=103} naive={maxR=103 minR=74 maxAge=103} verdict=PASS
case=374 input={T=[16 27 8 14 4] phi=[7 10 2 9 1] w=[16 27 8 14 4] Phi=10 H=3024 W=148 sumW=69} fast={maxR=129 minR=70 maxAge=129} naive={maxR=129 minR=70 maxAge=129} verdict=PASS
case=375 input={T=[40 25 4 5] phi=[24 20 2 3] w=[40 25 2 5] Phi=24 H=200 W=172 sumW=72} fast={maxR=133 minR=74 maxAge=133} naive={maxR=133 minR=74 maxAge=133} verdict=PASS
case=376 input={T=[34 22 3 9] phi=[14 13 0 5] w=[34 22 3 9] Phi=14 H=3366 W=150 sumW=68} fast={maxR=132 minR=71 maxAge=132} naive={maxR=132 minR=71 maxAge=132} verdict=PASS
case=377 input={T=[1 21 10 24 21] phi=[0 1 0 21 4] w=[1 21 10 4 21] Phi=21 H=840 W=175 sumW=57} fast={maxR=108 minR=67 maxAge=108} naive={maxR=108 minR=67 maxAge=108} verdict=PASS
case=378 input={T=[15 7 9] phi=[2 0 3] w=[15 7 9] Phi=3 H=315 W=65 sumW=31} fast={maxR=57 minR=31 maxAge=57} naive={maxR=57 minR=31 maxAge=57} verdict=PASS
case=379 input={T=[7 7 16 10 21] phi=[5 4 4 5 20] w=[6 7 14 10 21] Phi=20 H=1680 W=142 sumW=58} fast={maxR=105 minR=64 maxAge=105} naive={maxR=105 minR=64 maxAge=105} verdict=PASS
case=380 input={T=[18 10 30 38] phi=[8 0 2 16] w=[18 1 30 38] Phi=16 H=1710 W=208 sumW=87} fast={maxR=169 minR=92 maxAge=169} naive={maxR=169 minR=92 maxAge=169} verdict=PASS
case=381 input={T=[3 13] phi=[2 0] w=[3 13] Phi=2 H=39 W=34 sumW=16} fast={maxR=30 minR=16 maxAge=30} naive={maxR=30 minR=16 maxAge=30} verdict=PASS
case=382 input={T=[2 10 24 2] phi=[0 2 15 0] w=[1 10 24 2] Phi=15 H=120 W=91 sumW=37} fast={maxR=71 minR=40 maxAge=71} naive={maxR=71 minR=40 maxAge=71} verdict=PASS
case=383 input={T=[4 3 29 24 30] phi=[3 0 5 15 3] w=[4 3 29 1 25] Phi=15 H=3480 W=195 sumW=62} fast={maxR=142 minR=71 maxAge=142} naive={maxR=142 minR=71 maxAge=142} verdict=PASS
case=384 input={T=[30 2 21 15 5] phi=[27 0 16 9 0] w=[30 2 21 9 5] Phi=27 H=210 W=173 sumW=67} fast={maxR=132 minR=73 maxAge=132} naive={maxR=132 minR=73 maxAge=132} verdict=PASS
case=385 input={T=[4 40 36 5] phi=[0 36 17 4] w=[4 40 36 3] Phi=36 H=360 W=206 sumW=83} fast={maxR=159 minR=85 maxAge=159} naive={maxR=159 minR=85 maxAge=159} verdict=PASS
case=386 input={T=[6 10 21 3 13] phi=[4 3 8 0 11] w=[6 10 21 3 13] Phi=11 H=2730 W=117 sumW=53} fast={maxR=98 minR=57 maxAge=98} naive={maxR=98 minR=57 maxAge=98} verdict=PASS
case=387 input={T=[30 4 4 6 40 14] phi=[4 2 3 3 7 7] w=[30 4 4 6 34 14] Phi=7 H=840 W=203 sumW=92} fast={maxR=172 minR=101 maxAge=172} naive={maxR=172 minR=101 maxAge=172} verdict=PASS
case=388 input={T=[9 9 19 36] phi=[6 3 3 5] w=[9 9 19 28] Phi=6 H=684 W=152 sumW=65} fast={maxR=125 minR=72 maxAge=125} naive={maxR=125 minR=72 maxAge=125} verdict=PASS
case=389 input={T=[1 6 25 11 2] phi=[0 4 2 7 0] w=[1 6 1 11 1] Phi=7 H=1650 W=97 sumW=20} fast={maxR=59 minR=20 maxAge=59} naive={maxR=59 minR=20 maxAge=59} verdict=PASS
case=390 input={T=[12 31 3 10] phi=[0 16 1 8] w=[12 31 2 10] Phi=16 H=1860 W=128 sumW=55} fast={maxR=105 minR=56 maxAge=105} naive={maxR=105 minR=56 maxAge=105} verdict=PASS
case=391 input={T=[20 27 20] phi=[1 20 3] w=[20 27 7] Phi=20 H=540 W=154 sumW=54} fast={maxR=108 minR=69 maxAge=108} naive={maxR=108 minR=69 maxAge=108} verdict=PASS
case=392 input={T=[3 13 39 1 15] phi=[0 2 16 0 8] w=[3 13 39 1 15] Phi=16 H=195 W=158 sumW=71} fast={maxR=124 minR=74 maxAge=124} naive={maxR=124 minR=74 maxAge=124} verdict=PASS
case=393 input={T=[8 40] phi=[5 18] w=[8 40] Phi=18 H=40 W=114 sumW=48} fast={maxR=92 minR=53 maxAge=92} naive={maxR=92 minR=53 maxAge=92} verdict=PASS
case=394 input={T=[15 39 35] phi=[8 17 19] w=[15 39 31] Phi=19 H=1365 W=197 sumW=85} fast={maxR=166 minR=87 maxAge=166} naive={maxR=166 minR=87 maxAge=166} verdict=PASS
case=395 input={T=[14 2 34 20 1] phi=[4 0 1 13 0] w=[14 1 34 20 1] Phi=13 H=2380 W=155 sumW=70} fast={maxR=133 minR=70 maxAge=133} naive={maxR=133 minR=70 maxAge=133} verdict=PASS
case=396 input={T=[18 12 25 3 16] phi=[0 6 6 2 6] w=[18 12 25 3 16] Phi=6 H=3600 W=154 sumW=74} fast={maxR=137 minR=78 maxAge=137} naive={maxR=137 minR=78 maxAge=137} verdict=PASS
case=397 input={T=[15 4 30 16] phi=[11 2 18 14] w=[15 4 30 16] Phi=18 H=240 W=148 sumW=65} fast={maxR=111 minR=68 maxAge=111} naive={maxR=111 minR=68 maxAge=111} verdict=PASS
case=398 input={T=[10 6 24] phi=[0 4 18] w=[6 6 24] Phi=18 H=120 W=98 sumW=36} fast={maxR=69 minR=38 maxAge=69} naive={maxR=69 minR=38 maxAge=69} verdict=PASS
case=399 input={T=[24 30 34] phi=[9 22 16] w=[16 30 34] Phi=22 H=2040 W=198 sumW=80} fast={maxR=162 minR=83 maxAge=162} naive={maxR=162 minR=83 maxAge=162} verdict=PASS
case=400 input={T=[17 6 25] phi=[14 0 23] w=[17 6 25] Phi=23 H=2550 W=119 sumW=48} fast={maxR=93 minR=48 maxAge=93} naive={maxR=93 minR=48 maxAge=93} verdict=PASS
case=401 input={T=[15 7 7 31 15] phi=[3 0 5 25 7] w=[15 5 7 31 15] Phi=25 H=3255 W=175 sumW=73} fast={maxR=123 minR=79 maxAge=123} naive={maxR=123 minR=79 maxAge=123} verdict=PASS
case=402 input={T=[9 15 18 15 40] phi=[8 8 5 5 9] w=[9 15 6 15 14] Phi=9 H=360 W=203 sumW=59} fast={maxR=139 minR=74 maxAge=139} naive={maxR=139 minR=74 maxAge=139} verdict=PASS
case=403 input={T=[12 7 34 8 1 7] phi=[6 3 2 6 0 0] w=[8 7 8 8 1 3] Phi=6 H=2856 W=144 sumW=35} fast={maxR=95 minR=36 maxAge=95} naive={maxR=95 minR=36 maxAge=95} verdict=PASS
case=404 input={T=[1 4 20 16 24] phi=[0 1 0 7 9] w=[1 4 20 16 4] Phi=9 H=240 W=139 sumW=45} fast={maxR=100 minR=53 maxAge=100} naive={maxR=100 minR=53 maxAge=100} verdict=PASS
case=405 input={T=[10 35 4 7 11] phi=[4 9 3 0 6] w=[10 35 4 7 11] Phi=9 H=1540 W=143 sumW=67} fast={maxR=124 minR=68 maxAge=124} naive={maxR=124 minR=68 maxAge=124} verdict=PASS
case=406 input={T=[6 29] phi=[3 1] w=[6 29] Phi=3 H=174 W=73 sumW=35} fast={maxR=68 minR=35 maxAge=68} naive={maxR=68 minR=35 maxAge=68} verdict=PASS
case=407 input={T=[2 24 24] phi=[1 10 20] w=[1 24 24] Phi=20 H=24 W=120 sumW=49} fast={maxR=82 minR=59 maxAge=82} naive={maxR=82 minR=59 maxAge=82} verdict=PASS
case=408 input={T=[20 10 33 15] phi=[17 9 14 11] w=[20 8 33 15] Phi=17 H=660 W=173 sumW=76} fast={maxR=138 minR=79 maxAge=138} naive={maxR=138 minR=79 maxAge=138} verdict=PASS
case=409 input={T=[21 5 10 21 7 30] phi=[13 3 1 2 5 13] w=[21 2 10 21 5 30] Phi=13 H=210 W=201 sumW=89} fast={maxR=158 minR=111 maxAge=158} naive={maxR=158 minR=111 maxAge=158} verdict=PASS
case=410 input={T=[3 40 7 4 9 9] phi=[2 34 0 1 3 7] w=[3 31 7 4 9 9] Phi=34 H=2520 W=178 sumW=63} fast={maxR=124 minR=68 maxAge=124} naive={maxR=124 minR=68 maxAge=124} verdict=PASS
case=411 input={T=[32 1 6 12 25 25] phi=[6 0 2 7 20 0] w=[32 1 6 12 25 24] Phi=20 H=2400 W=222 sumW=100} fast={maxR=174 minR=111 maxAge=174} naive={maxR=174 minR=111 maxAge=174} verdict=PASS
case=412 input={T=[25 8 7 40] phi=[7 2 5 27] w=[25 7 1 40] Phi=27 H=1400 W=187 sumW=73} fast={maxR=144 minR=75 maxAge=144} naive={maxR=144 minR=75 maxAge=144} verdict=PASS
case=413 input={T=[4 3 15 2 14] phi=[1 0 6 1 4] w=[4 2 15 2 5] Phi=6 H=420 W=82 sumW=28} fast={maxR=59 minR=30 maxAge=59} naive={maxR=59 minR=30 maxAge=59} verdict=PASS
case=414 input={T=[40 30 10 30 30 15] phi=[2 21 7 29 0 5] w=[40 21 7 30 30 6] Phi=29 H=120 W=339 sumW=134} fast={maxR=218 minR=159 maxAge=218} naive={maxR=218 minR=159 maxAge=218} verdict=PASS
case=415 input={T=[9 21 14] phi=[8 6 10] w=[1 14 14] Phi=10 H=126 W=98 sumW=29} fast={maxR=66 minR=33 maxAge=66} naive={maxR=66 minR=33 maxAge=66} verdict=PASS
case=416 input={T=[35 35] phi=[27 9] w=[35 35] Phi=27 H=35 W=167 sumW=70} fast={maxR=121 minR=87 maxAge=121} naive={maxR=121 minR=87 maxAge=121} verdict=PASS
case=417 input={T=[27 20 16 3 6 9] phi=[7 1 7 2 0 8] w=[27 20 16 3 6 9] Phi=8 H=2160 W=170 sumW=81} fast={maxR=153 minR=91 maxAge=153} naive={maxR=153 minR=91 maxAge=153} verdict=PASS
case=418 input={T=[39 24 4 5 12] phi=[22 17 3 3 10] w=[8 19 4 5 12] Phi=22 H=1560 W=190 sumW=48} fast={maxR=122 minR=63 maxAge=122} naive={maxR=122 minR=63 maxAge=122} verdict=PASS
case=419 input={T=[10 37 4 15 1 3] phi=[4 28 2 8 0 2] w=[10 37 4 8 1 3] Phi=28 H=2220 W=168 sumW=63} fast={maxR=125 minR=66 maxAge=125} naive={maxR=125 minR=66 maxAge=125} verdict=PASS
case=420 input={T=[16 2 2 27] phi=[8 1 1 17] w=[16 2 2 27] Phi=17 H=432 W=111 sumW=47} fast={maxR=89 minR=48 maxAge=89} naive={maxR=89 minR=48 maxAge=89} verdict=PASS
case=421 input={T=[17 34 30 30 10 2] phi=[10 24 22 29 6 1] w=[17 34 26 30 10 2] Phi=29 H=510 W=275 sumW=119} fast={maxR=213 minR=152 maxAge=213} naive={maxR=213 minR=152 maxAge=213} verdict=PASS
case=422 input={T=[17 7 20 10] phi=[3 3 6 3] w=[17 7 10 4] Phi=6 H=2380 W=114 sumW=38} fast={maxR=86 minR=45 maxAge=86} naive={maxR=86 minR=45 maxAge=86} verdict=PASS
case=423 input={T=[11 4] phi=[1 0] w=[11 4] Phi=1 H=44 W=31 sumW=15} fast={maxR=28 minR=15 maxAge=28} naive={maxR=28 minR=15 maxAge=28} verdict=PASS
case=424 input={T=[5 7 21 11 30] phi=[1 2 11 1 4] w=[1 7 21 11 30] Phi=11 H=2310 W=159 sumW=70} fast={maxR=132 minR=73 maxAge=132} naive={maxR=132 minR=73 maxAge=132} verdict=PASS
case=425 input={T=[26 2] phi=[8 1] w=[26 1] Phi=8 H=26 W=64 sumW=27} fast={maxR=53 minR=28 maxAge=53} naive={maxR=53 minR=28 maxAge=53} verdict=PASS
case=426 input={T=[10 10 12 21 36 12] phi=[8 1 4 13 8 2] w=[10 10 12 21 36 12] Phi=13 H=1260 W=215 sumW=101} fast={maxR=173 minR=118 maxAge=173} naive={maxR=173 minR=118 maxAge=173} verdict=PASS
case=427 input={T=[9 18 4 2 12] phi=[6 2 3 1 7] w=[7 18 4 2 12] Phi=7 H=36 W=97 sumW=43} fast={maxR=78 minR=55 maxAge=78} naive={maxR=78 minR=55 maxAge=78} verdict=PASS
case=428 input={T=[39 30 4 26] phi=[8 4 2 21] w=[5 18 4 23] Phi=21 H=780 W=219 sumW=50} fast={maxR=139 minR=62 maxAge=139} naive={maxR=139 minR=62 maxAge=139} verdict=PASS
case=429 input={T=[12 11 4] phi=[1 10 0] w=[12 7 4] Phi=10 H=132 W=64 sumW=23} fast={maxR=46 minR=23 maxAge=46} naive={maxR=46 minR=23 maxAge=46} verdict=PASS
case=430 input={T=[1 10 37 12] phi=[0 4 32 3] w=[1 10 32 12] Phi=32 H=2220 W=152 sumW=55} fast={maxR=111 minR=56 maxAge=111} naive={maxR=111 minR=56 maxAge=111} verdict=PASS
case=431 input={T=[39 15 30 33] phi=[11 2 16 7] w=[15 15 30 33] Phi=16 H=4290 W=250 sumW=93} fast={maxR=202 minR=107 maxAge=202} naive={maxR=202 minR=107 maxAge=202} verdict=PASS
case=432 input={T=[5 24] phi=[3 6] w=[5 24] Phi=6 H=120 W=64 sumW=29} fast={maxR=56 minR=29 maxAge=56} naive={maxR=56 minR=29 maxAge=56} verdict=PASS
case=433 input={T=[36 20 11 33] phi=[3 9 7 10] w=[36 20 11 33] Phi=10 H=1980 W=210 sumW=100} fast={maxR=186 minR=106 maxAge=186} naive={maxR=186 minR=106 maxAge=186} verdict=PASS
case=434 input={T=[7 33 3 3 24] phi=[1 18 1 0 0] w=[7 19 3 3 24] Phi=18 H=1848 W=158 sumW=56} fast={maxR=117 minR=58 maxAge=117} naive={maxR=117 minR=58 maxAge=117} verdict=PASS
case=435 input={T=[23 30] phi=[2 25] w=[23 30] Phi=25 H=690 W=131 sumW=53} fast={maxR=104 minR=53 maxAge=104} naive={maxR=104 minR=53 maxAge=104} verdict=PASS
case=436 input={T=[2 28 15] phi=[1 4 1] w=[1 28 15] Phi=4 H=420 W=94 sumW=44} fast={maxR=85 minR=44 maxAge=85} naive={maxR=85 minR=44 maxAge=85} verdict=PASS
case=437 input={T=[2 6 4 4 29] phi=[1 4 0 1 14] w=[2 6 4 1 29] Phi=14 H=348 W=104 sumW=42} fast={maxR=79 minR=44 maxAge=79} naive={maxR=79 minR=44 maxAge=79} verdict=PASS
case=438 input={T=[5 19 15] phi=[1 6 11] w=[5 19 15] Phi=11 H=285 W=89 sumW=39} fast={maxR=74 minR=40 maxAge=74} naive={maxR=74 minR=40 maxAge=74} verdict=PASS
case=439 input={T=[10 27] phi=[3 14] w=[10 27] Phi=14 H=270 W=88 sumW=37} fast={maxR=72 minR=37 maxAge=72} naive={maxR=72 minR=37 maxAge=72} verdict=PASS
case=440 input={T=[16 20 18] phi=[13 5 10] w=[13 20 18] Phi=13 H=720 W=121 sumW=51} fast={maxR=102 minR=55 maxAge=102} naive={maxR=102 minR=55 maxAge=102} verdict=PASS
case=441 input={T=[14 5 40] phi=[4 0 17] w=[14 5 37] Phi=17 H=280 W=135 sumW=56} fast={maxR=109 minR=58 maxAge=109} naive={maxR=109 minR=58 maxAge=109} verdict=PASS
case=442 input={T=[30 26] phi=[21 16] w=[30 26] Phi=21 H=390 W=133 sumW=56} fast={maxR=110 minR=57 maxAge=110} naive={maxR=110 minR=57 maxAge=110} verdict=PASS
case=443 input={T=[23 38 10] phi=[1 13 3] w=[23 38 10] Phi=13 H=4370 W=155 sumW=71} fast={maxR=138 minR=71 maxAge=138} naive={maxR=138 minR=71 maxAge=138} verdict=PASS
case=444 input={T=[37 24] phi=[18 21] w=[37 7] Phi=21 H=888 W=143 sumW=44} fast={maxR=103 minR=44 maxAge=103} naive={maxR=103 minR=44 maxAge=103} verdict=PASS
case=445 input={T=[26 18 30] phi=[8 3 21] w=[26 18 30] Phi=21 H=1170 W=169 sumW=74} fast={maxR=140 minR=75 maxAge=140} naive={maxR=140 minR=75 maxAge=140} verdict=PASS
case=446 input={T=[4 31 12 32 1] phi=[3 24 2 6 0] w=[4 31 12 32 1] Phi=24 H=2976 W=184 sumW=80} fast={maxR=151 minR=80 maxAge=151} naive={maxR=151 minR=80 maxAge=151} verdict=PASS
case=447 input={T=[21 10] phi=[7 0] w=[21 10] Phi=7 H=210 W=69 sumW=31} fast={maxR=60 minR=31 maxAge=60} naive={maxR=60 minR=31 maxAge=60} verdict=PASS
case=448 input={T=[25 9] phi=[2 5] w=[25 6] Phi=5 H=225 W=73 sumW=31} fast={maxR=63 minR=31 maxAge=63} naive={maxR=63 minR=31 maxAge=63} verdict=PASS
case=449 input={T=[10 3] phi=[1 1] w=[5 3] Phi=1 H=30 W=27 sumW=8} fast={maxR=19 minR=8 maxAge=19} naive={maxR=19 minR=8 maxAge=19} verdict=PASS
case=450 input={T=[1 9 33 16] phi=[0 6 19 13] w=[1 5 33 16] Phi=19 H=1584 W=137 sumW=55} fast={maxR=110 minR=57 maxAge=110} naive={maxR=110 minR=57 maxAge=110} verdict=PASS
case=451 input={T=[6 9 27 30 5 1] phi=[2 2 7 21 4 0] w=[6 9 27 13 5 1] Phi=21 H=270 W=177 sumW=61} fast={maxR=121 minR=68 maxAge=121} naive={maxR=121 minR=68 maxAge=121} verdict=PASS
case=452 input={T=[34 30 30 6 2] phi=[17 25 9 0 0] w=[34 30 30 6 2] Phi=25 H=510 W=229 sumW=102} fast={maxR=180 minR=119 maxAge=180} naive={maxR=180 minR=119 maxAge=180} verdict=PASS
case=453 input={T=[38 20 20 10 8 5] phi=[34 5 0 7 4 2] w=[38 17 20 10 3 1] Phi=34 H=760 W=236 sumW=89} fast={maxR=177 minR=122 maxAge=177} naive={maxR=177 minR=122 maxAge=177} verdict=PASS
case=454 input={T=[16 16 2 20 8] phi=[6 1 0 19 3] w=[16 16 2 3 8] Phi=19 H=80 W=143 sumW=45} fast={maxR=92 minR=61 maxAge=92} naive={maxR=92 minR=61 maxAge=92} verdict=PASS
case=455 input={T=[17 6 4 16] phi=[7 2 0 5] w=[17 6 4 16] Phi=7 H=816 W=93 sumW=43} fast={maxR=79 minR=44 maxAge=79} naive={maxR=79 minR=44 maxAge=79} verdict=PASS
case=456 input={T=[20 2 28 2] phi=[12 1 4 1] w=[20 2 28 2] Phi=12 H=140 W=116 sumW=52} fast={maxR=98 minR=55 maxAge=98} naive={maxR=98 minR=55 maxAge=98} verdict=PASS
case=457 input={T=[6 13 25 20 13 5] phi=[4 11 8 10 2 0] w=[6 13 25 20 13 5] Phi=11 H=3900 W=175 sumW=82} fast={maxR=151 minR=93 maxAge=151} naive={maxR=151 minR=93 maxAge=151} verdict=PASS
case=458 input={T=[4 14 16 8] phi=[2 6 1 7] w=[4 14 16 8] Phi=7 H=112 W=91 sumW=42} fast={maxR=76 minR=49 maxAge=76} naive={maxR=76 minR=49 maxAge=76} verdict=PASS
case=459 input={T=[24 9 1 12] phi=[5 5 0 10] w=[24 6 1 12] Phi=10 H=72 W=102 sumW=43} fast={maxR=76 minR=53 maxAge=76} naive={maxR=76 minR=53 maxAge=76} verdict=PASS
case=460 input={T=[25 1 1 2 20] phi=[23 0 0 0 6] w=[25 1 1 2 18] Phi=23 H=100 W=121 sumW=47} fast={maxR=90 minR=51 maxAge=90} naive={maxR=90 minR=51 maxAge=90} verdict=PASS
case=461 input={T=[24 22 8] phi=[16 18 0] w=[24 1 1] Phi=18 H=264 W=126 sumW=26} fast={maxR=72 minR=33 maxAge=72} naive={maxR=72 minR=33 maxAge=72} verdict=PASS
case=462 input={T=[25 7 7] phi=[3 5 4] w=[2 7 7] Phi=5 H=175 W=83 sumW=16} fast={maxR=52 minR=22 maxAge=52} naive={maxR=52 minR=22 maxAge=52} verdict=PASS
case=463 input={T=[38 2 19 4] phi=[13 0 4 3] w=[38 1 19 4] Phi=13 H=76 W=139 sumW=62} fast={maxR=111 minR=72 maxAge=111} naive={maxR=111 minR=72 maxAge=111} verdict=PASS
case=464 input={T=[28 26 5] phi=[18 7 2] w=[28 13 1] Phi=18 H=1820 W=136 sumW=42} fast={maxR=98 minR=43 maxAge=98} naive={maxR=98 minR=43 maxAge=98} verdict=PASS
case=465 input={T=[7 1 24 30 2 24] phi=[3 0 5 29 0 10] w=[3 1 24 30 1 24] Phi=29 H=840 W=205 sumW=83} fast={maxR=158 minR=105 maxAge=158} naive={maxR=158 minR=105 maxAge=158} verdict=PASS
case=466 input={T=[8 27 1 2] phi=[1 0 0 0] w=[8 27 1 2] Phi=1 H=216 W=77 sumW=38} fast={maxR=72 minR=39 maxAge=72} naive={maxR=72 minR=39 maxAge=72} verdict=PASS
case=467 input={T=[8 29 29 13 2] phi=[6 26 18 10 1] w=[8 29 27 13 2] Phi=26 H=3016 W=188 sumW=79} fast={maxR=148 minR=101 maxAge=148} naive={maxR=148 minR=101 maxAge=148} verdict=PASS
case=468 input={T=[14 6] phi=[13 2] w=[2 6] Phi=13 H=42 W=53 sumW=8} fast={maxR=26 minR=9 maxAge=26} naive={maxR=26 minR=9 maxAge=26} verdict=PASS
case=469 input={T=[21 5 3 34] phi=[17 2 2 22] w=[21 5 3 34] Phi=22 H=3570 W=148 sumW=63} fast={maxR=120 minR=64 maxAge=120} naive={maxR=120 minR=64 maxAge=120} verdict=PASS
case=470 input={T=[19 37] phi=[14 27] w=[19 37] Phi=27 H=703 W=139 sumW=56} fast={maxR=110 minR=56 maxAge=110} naive={maxR=110 minR=56 maxAge=110} verdict=PASS
case=471 input={T=[9 8 10 28 9] phi=[0 7 9 6 0] w=[3 8 10 28 9] Phi=9 H=2520 W=137 sumW=58} fast={maxR=107 minR=63 maxAge=107} naive={maxR=107 minR=63 maxAge=107} verdict=PASS
case=472 input={T=[17 17 15] phi=[3 11 14] w=[17 17 15] Phi=14 H=255 W=112 sumW=49} fast={maxR=87 minR=57 maxAge=87} naive={maxR=87 minR=57 maxAge=87} verdict=PASS
case=473 input={T=[20 22] phi=[2 20] w=[11 22] Phi=20 H=220 W=104 sumW=33} fast={maxR=73 minR=34 maxAge=73} naive={maxR=73 minR=34 maxAge=73} verdict=PASS
case=474 input={T=[4 8 6 15 6 24] phi=[2 7 5 10 4 7] w=[1 8 6 15 6 21] Phi=10 H=120 W=136 sumW=57} fast={maxR=101 minR=62 maxAge=101} naive={maxR=101 minR=62 maxAge=101} verdict=PASS
case=475 input={T=[6 21 13 1 35 7] phi=[4 8 0 0 6 5] w=[6 13 13 1 35 3] Phi=8 H=2730 W=174 sumW=71} fast={maxR=142 minR=84 maxAge=142} naive={maxR=142 minR=84 maxAge=142} verdict=PASS
case=476 input={T=[1 4 6 16 12 15] phi=[0 3 3 15 10 9] w=[1 4 6 16 12 15] Phi=15 H=240 W=123 sumW=54} fast={maxR=96 minR=61 maxAge=96} naive={maxR=96 minR=61 maxAge=96} verdict=PASS
case=477 input={T=[33 4 5 33] phi=[29 0 0 5] w=[33 4 1 33] Phi=29 H=660 W=179 sumW=71} fast={maxR=140 minR=75 maxAge=140} naive={maxR=140 minR=75 maxAge=140} verdict=PASS
case=478 input={T=[9 18 26] phi=[6 2 0] w=[9 6 26] Phi=6 H=234 W=112 sumW=41} fast={maxR=87 minR=46 maxAge=87} naive={maxR=87 minR=46 maxAge=87} verdict=PASS
case=479 input={T=[4 1 21] phi=[1 0 7] w=[4 1 21] Phi=7 H=84 W=59 sumW=26} fast={maxR=49 minR=26 maxAge=49} naive={maxR=49 minR=26 maxAge=49} verdict=PASS
case=480 input={T=[25 17 1] phi=[23 7 0] w=[25 17 1] Phi=23 H=425 W=109 sumW=43} fast={maxR=83 minR=43 maxAge=83} naive={maxR=83 minR=43 maxAge=83} verdict=PASS
case=481 input={T=[16 38 3] phi=[12 29 1] w=[16 38 3] Phi=29 H=912 W=143 sumW=57} fast={maxR=111 minR=58 maxAge=111} naive={maxR=111 minR=58 maxAge=111} verdict=PASS
case=482 input={T=[7 16 12 16 7] phi=[4 13 5 1 5] w=[7 14 12 13 5] Phi=13 H=336 W=129 sumW=51} fast={maxR=82 minR=62 maxAge=82} naive={maxR=82 minR=62 maxAge=82} verdict=PASS
case=483 input={T=[30 4 8 14 21 40] phi=[7 1 0 3 1 11] w=[30 4 8 14 16 40] Phi=11 H=840 W=245 sumW=112} fast={maxR=203 minR=134 maxAge=203} naive={maxR=203 minR=134 maxAge=203} verdict=PASS
case=484 input={T=[5 6] phi=[2 5] w=[5 6] Phi=5 H=30 W=27 sumW=11} fast={maxR=20 minR=11 maxAge=20} naive={maxR=20 minR=11 maxAge=20} verdict=PASS
case=485 input={T=[2 4 27] phi=[0 2 16] w=[2 1 27] Phi=16 H=108 W=82 sumW=30} fast={maxR=59 minR=30 maxAge=59} naive={maxR=59 minR=30 maxAge=59} verdict=PASS
case=486 input={T=[6 12] phi=[5 9] w=[6 12] Phi=9 H=12 W=45 sumW=18} fast={maxR=33 minR=22 maxAge=33} naive={maxR=33 minR=22 maxAge=33} verdict=PASS
case=487 input={T=[7 40 36] phi=[6 39 34] w=[7 40 36] Phi=39 H=2520 W=205 sumW=83} fast={maxR=163 minR=86 maxAge=163} naive={maxR=163 minR=86 maxAge=163} verdict=PASS
case=488 input={T=[20 23] phi=[11 15] w=[20 23] Phi=15 H=460 W=101 sumW=43} fast={maxR=84 minR=43 maxAge=84} naive={maxR=84 minR=43 maxAge=84} verdict=PASS
case=489 input={T=[12 4 3 26 36 18] phi=[8 3 2 16 23 16] w=[3 4 3 26 36 18] Phi=23 H=468 W=221 sumW=90} fast={maxR=163 minR=104 maxAge=163} naive={maxR=163 minR=104 maxAge=163} verdict=PASS
case=490 input={T=[10 20 38 12] phi=[9 13 16 11] w=[10 20 38 9] Phi=16 H=1140 W=176 sumW=77} fast={maxR=148 minR=85 maxAge=148} naive={maxR=148 minR=85 maxAge=148} verdict=PASS
case=491 input={T=[38 4 18 6 4 1] phi=[7 0 3 1 3 0] w=[38 4 18 6 4 1] Phi=7 H=684 W=149 sumW=71} fast={maxR=134 minR=79 maxAge=134} naive={maxR=134 minR=79 maxAge=134} verdict=PASS
case=492 input={T=[25 18 25 3 3 15] phi=[11 12 2 2 1 9] w=[25 18 25 3 3 15] Phi=12 H=450 W=190 sumW=89} fast={maxR=152 minR=118 maxAge=152} naive={maxR=152 minR=118 maxAge=152} verdict=PASS
case=493 input={T=[8 8 15 20 24 18] phi=[4 7 5 0 9 15] w=[8 8 15 20 5 18] Phi=15 H=360 W=201 sumW=74} fast={maxR=136 minR=85 maxAge=136} naive={maxR=136 minR=85 maxAge=136} verdict=PASS
case=494 input={T=[6 11] phi=[1 4] w=[6 11] Phi=4 H=66 W=38 sumW=17} fast={maxR=32 minR=17 maxAge=32} naive={maxR=32 minR=17 maxAge=32} verdict=PASS
case=495 input={T=[37 5 7] phi=[32 3 0] w=[37 5 7] Phi=32 H=1295 W=130 sumW=49} fast={maxR=95 minR=49 maxAge=95} naive={maxR=95 minR=49 maxAge=95} verdict=PASS
case=496 input={T=[2 37] phi=[1 21] w=[2 37] Phi=21 H=74 W=99 sumW=39} fast={maxR=76 minR=39 maxAge=76} naive={maxR=76 minR=39 maxAge=76} verdict=PASS
case=497 input={T=[11 1 5] phi=[7 0 1] w=[11 1 5] Phi=7 H=55 W=41 sumW=17} fast={maxR=31 minR=17 maxAge=31} naive={maxR=31 minR=17 maxAge=31} verdict=PASS
case=498 input={T=[32 28 2] phi=[22 8 0] w=[32 28 2] Phi=22 H=224 W=146 sumW=62} fast={maxR=119 minR=64 maxAge=119} naive={maxR=119 minR=64 maxAge=119} verdict=PASS
case=499 input={T=[15 1 9] phi=[6 0 3] w=[15 1 9] Phi=6 H=45 W=56 sumW=25} fast={maxR=47 minR=27 maxAge=47} naive={maxR=47 minR=27 maxAge=47} verdict=PASS
case=500 input={T=[9 31 5 15] phi=[7 12 4 8] w=[9 31 4 11] Phi=12 H=1395 W=132 sumW=55} fast={maxR=107 minR=57 maxAge=107} naive={maxR=107 minR=57 maxAge=107} verdict=PASS
case=501 input={T=[2 10 29] phi=[1 7 4] w=[1 10 8] Phi=7 H=290 W=89 sumW=19} fast={maxR=57 minR=20 maxAge=57} naive={maxR=57 minR=20 maxAge=57} verdict=PASS
case=502 input={T=[20 15 23] phi=[15 5 5] w=[20 5 23] Phi=15 H=1380 W=131 sumW=48} fast={maxR=99 minR=48 maxAge=99} naive={maxR=99 minR=48 maxAge=99} verdict=PASS
case=503 input={T=[7 25 8 20 10] phi=[2 9 0 3 7] w=[7 25 5 20 10] Phi=9 H=1400 W=149 sumW=67} fast={maxR=125 minR=75 maxAge=125} naive={maxR=125 minR=75 maxAge=125} verdict=PASS
case=504 input={T=[3 6 35 33 22 10] phi=[1 2 13 0 13 9] w=[3 6 35 33 22 10] Phi=13 H=2310 W=231 sumW=109} fast={maxR=198 minR=117 maxAge=198} naive={maxR=198 minR=117 maxAge=198} verdict=PASS
case=505 input={T=[7 18 27 14 12 9] phi=[0 9 18 1 1 5] w=[7 18 27 14 6 9] Phi=18 H=756 W=192 sumW=81} fast={maxR=151 minR=93 maxAge=151} naive={maxR=151 minR=93 maxAge=151} verdict=PASS
case=506 input={T=[12 5 14] phi=[1 2 10] w=[12 5 1] Phi=10 H=420 W=72 sumW=18} fast={maxR=45 minR=18 maxAge=45} naive={maxR=45 minR=18 maxAge=45} verdict=PASS
case=507 input={T=[13 35] phi=[4 26] w=[13 26] Phi=26 H=455 W=122 sumW=39} fast={maxR=85 minR=39 maxAge=85} naive={maxR=85 minR=39 maxAge=85} verdict=PASS
case=508 input={T=[8 32 16 24 36] phi=[6 12 3 15 12] w=[8 32 16 13 15] Phi=15 H=288 W=247 sumW=84} fast={maxR=180 minR=109 maxAge=180} naive={maxR=180 minR=109 maxAge=180} verdict=PASS
case=509 input={T=[16 14 7 14 12] phi=[12 2 6 5 11] w=[2 14 7 14 3] Phi=12 H=336 W=138 sumW=40} fast={maxR=85 minR=50 maxAge=85} naive={maxR=85 minR=50 maxAge=85} verdict=PASS
case=510 input={T=[7 5 21] phi=[5 2 15] w=[7 2 21] Phi=15 H=105 W=81 sumW=30} fast={maxR=58 minR=31 maxAge=58} naive={maxR=58 minR=31 maxAge=58} verdict=PASS
case=511 input={T=[9 15 1 9 22 20] phi=[8 2 0 7 16 10] w=[9 7 1 2 22 1] Phi=16 H=1980 W=168 sumW=42} fast={maxR=103 minR=43 maxAge=103} naive={maxR=103 minR=43 maxAge=103} verdict=PASS
case=512 input={T=[24 14] phi=[16 0] w=[18 11] Phi=16 H=168 W=92 sumW=29} fast={maxR=64 minR=29 maxAge=64} naive={maxR=64 minR=29 maxAge=64} verdict=PASS
case=513 input={T=[5 16 18 25 5] phi=[0 3 17 0 3] w=[5 16 18 25 3] Phi=17 H=3600 W=155 sumW=67} fast={maxR=125 minR=71 maxAge=125} naive={maxR=125 minR=71 maxAge=125} verdict=PASS
case=514 input={T=[2 33] phi=[1 28] w=[2 33] Phi=28 H=66 W=98 sumW=35} fast={maxR=68 minR=35 maxAge=68} naive={maxR=68 minR=35 maxAge=68} verdict=PASS
case=515 input={T=[19 25 19] phi=[8 9 0] w=[19 25 19] Phi=9 H=475 W=135 sumW=63} fast={maxR=105 minR=68 maxAge=105} naive={maxR=105 minR=68 maxAge=105} verdict=PASS
case=516 input={T=[35 24 1 14 20 32] phi=[30 11 0 7 1 31] w=[35 24 1 14 20 32] Phi=31 H=3360 W=283 sumW=126} fast={maxR=237 minR=135 maxAge=237} naive={maxR=237 minR=135 maxAge=237} verdict=PASS
case=517 input={T=[39 6] phi=[23 2] w=[39 6] Phi=23 H=78 W=113 sumW=45} fast={maxR=86 minR=45 maxAge=86} naive={maxR=86 minR=45 maxAge=86} verdict=PASS
case=518 input={T=[26 11 34] phi=[18 9 27] w=[26 11 34] Phi=27 H=4862 W=169 sumW=71} fast={maxR=138 minR=71 maxAge=138} naive={maxR=138 minR=71 maxAge=138} verdict=PASS
case=519 input={T=[3 2 6 17 20 8] phi=[1 1 1 11 5 7] w=[3 1 6 11 20 8] Phi=11 H=2040 W=123 sumW=49} fast={maxR=97 minR=54 maxAge=97} naive={maxR=97 minR=54 maxAge=97} verdict=PASS
case=520 input={T=[5 34] phi=[2 2] w=[5 34] Phi=2 H=170 W=80 sumW=39} fast={maxR=76 minR=39 maxAge=76} naive={maxR=76 minR=39 maxAge=76} verdict=PASS
case=521 input={T=[32 8 12 5 16 5] phi=[15 1 5 2 10 4] w=[16 6 11 5 16 3] Phi=15 H=480 W=171 sumW=57} fast={maxR=113 minR=62 maxAge=113} naive={maxR=113 minR=62 maxAge=113} verdict=PASS
case=522 input={T=[35 31] phi=[29 26] w=[35 30] Phi=29 H=1085 W=161 sumW=65} fast={maxR=129 minR=65 maxAge=129} naive={maxR=129 minR=65 maxAge=129} verdict=PASS
case=523 input={T=[10 25 20 8 18] phi=[8 23 17 0 7] w=[10 14 20 8 7] Phi=23 H=1800 W=185 sumW=59} fast={maxR=127 minR=68 maxAge=127} naive={maxR=127 minR=68 maxAge=127} verdict=PASS
case=524 input={T=[20 10 20 10 11 3] phi=[2 9 4 2 0 0] w=[20 10 4 10 11 3] Phi=9 H=660 W=157 sumW=58} fast={maxR=105 minR=74 maxAge=105} naive={maxR=105 minR=74 maxAge=105} verdict=PASS
case=525 input={T=[21 12 7 16 16 5] phi=[16 7 3 10 12 3] w=[21 12 7 16 16 5] Phi=16 H=1680 W=170 sumW=77} fast={maxR=128 minR=82 maxAge=128} naive={maxR=128 minR=82 maxAge=128} verdict=PASS
case=526 input={T=[5 6] phi=[2 1] w=[5 6] Phi=2 H=30 W=24 sumW=11} fast={maxR=20 minR=11 maxAge=20} naive={maxR=20 minR=11 maxAge=20} verdict=PASS
case=527 input={T=[34 30 9] phi=[20 12 6] w=[34 30 9] Phi=20 H=1530 W=166 sumW=73} fast={maxR=140 minR=73 maxAge=140} naive={maxR=140 minR=73 maxAge=140} verdict=PASS
case=528 input={T=[33 7 20 1] phi=[3 3 12 0] w=[33 7 20 1] Phi=12 H=4620 W=134 sumW=61} fast={maxR=118 minR=61 maxAge=118} naive={maxR=118 minR=61 maxAge=118} verdict=PASS
case=529 input={T=[24 31 9 3] phi=[9 12 0 0] w=[24 31 9 1] Phi=12 H=2232 W=146 sumW=65} fast={maxR=126 minR=67 maxAge=126} naive={maxR=126 minR=67 maxAge=126} verdict=PASS
case=530 input={T=[16 16 22] phi=[5 9 17] w=[16 7 19] Phi=17 H=176 W=125 sumW=42} fast={maxR=82 minR=47 maxAge=82} naive={maxR=82 minR=47 maxAge=82} verdict=PASS
case=531 input={T=[12 6 15 3 9] phi=[2 5 14 2 5] w=[12 3 15 1 9] Phi=14 H=180 W=104 sumW=40} fast={maxR=74 minR=45 maxAge=74} naive={maxR=74 minR=45 maxAge=74} verdict=PASS
case=532 input={T=[8 13 21 4] phi=[1 4 17 3] w=[8 13 12 3] Phi=17 H=2184 W=109 sumW=36} fast={maxR=76 minR=37 maxAge=76} naive={maxR=76 minR=37 maxAge=76} verdict=PASS
case=533 input={T=[5 10 26 3 26] phi=[3 0 11 1 23] w=[5 10 26 3 5] Phi=23 H=390 W=163 sumW=49} fast={maxR=94 minR=61 maxAge=94} naive={maxR=94 minR=61 maxAge=94} verdict=PASS
case=534 input={T=[24 36 16] phi=[12 7 2] w=[24 36 16] Phi=12 H=144 W=164 sumW=76} fast={maxR=141 minR=86 maxAge=141} naive={maxR=141 minR=86 maxAge=141} verdict=PASS
case=535 input={T=[10 5 7 26] phi=[4 1 5 4] w=[10 5 7 26] Phi=5 H=910 W=101 sumW=48} fast={maxR=89 minR=50 maxAge=89} naive={maxR=89 minR=50 maxAge=89} verdict=PASS
case=536 input={T=[28 1] phi=[13 0] w=[28 1] Phi=13 H=28 W=71 sumW=29} fast={maxR=56 minR=29 maxAge=56} naive={maxR=56 minR=29 maxAge=56} verdict=PASS
case=537 input={T=[3 12 20 24] phi=[2 11 0 23] w=[3 12 20 24] Phi=23 H=120 W=141 sumW=59} fast={maxR=110 minR=63 maxAge=110} naive={maxR=110 minR=63 maxAge=110} verdict=PASS
case=538 input={T=[2 1 40 9 27] phi=[0 0 18 4 3] w=[2 1 36 9 27] Phi=18 H=1080 W=176 sumW=75} fast={maxR=149 minR=84 maxAge=149} naive={maxR=149 minR=84 maxAge=149} verdict=PASS
case=539 input={T=[20 15 24 35 12] phi=[14 14 2 6 5] w=[20 2 24 35 11] Phi=14 H=840 W=226 sumW=92} fast={maxR=177 minR=102 maxAge=177} naive={maxR=177 minR=102 maxAge=177} verdict=PASS
case=540 input={T=[31 7] phi=[19 2] w=[31 7] Phi=19 H=217 W=95 sumW=38} fast={maxR=74 minR=38 maxAge=74} naive={maxR=74 minR=38 maxAge=74} verdict=PASS
case=541 input={T=[24 5 20 20 36] phi=[14 1 3 12 13] w=[4 5 20 20 36] Phi=14 H=360 W=224 sumW=85} fast={maxR=166 minR=107 maxAge=166} naive={maxR=166 minR=107 maxAge=166} verdict=PASS
case=542 input={T=[5 31] phi=[3 25] w=[5 31] Phi=25 H=155 W=97 sumW=36} fast={maxR=70 minR=36 maxAge=70} naive={maxR=70 minR=36 maxAge=70} verdict=PASS
case=543 input={T=[8 4 22 17] phi=[0 0 21 14] w=[8 4 22 4] Phi=21 H=1496 W=123 sumW=38} fast={maxR=82 minR=39 maxAge=82} naive={maxR=82 minR=39 maxAge=82} verdict=PASS
case=544 input={T=[3 7 30 5] phi=[0 6 1 2] w=[3 7 30 2] Phi=6 H=210 W=96 sumW=42} fast={maxR=78 minR=43 maxAge=78} naive={maxR=78 minR=43 maxAge=78} verdict=PASS
case=545 input={T=[11 8 3 15] phi=[8 2 1 4] w=[11 8 2 15] Phi=8 H=1320 W=82 sumW=36} fast={maxR=68 minR=37 maxAge=68} naive={maxR=68 minR=37 maxAge=68} verdict=PASS
case=546 input={T=[24 2 28 28 3] phi=[1 0 14 20 2] w=[4 2 17 28 2] Phi=20 H=168 W=190 sumW=53} fast={maxR=122 minR=75 maxAge=122} naive={maxR=122 minR=75 maxAge=122} verdict=PASS
case=547 input={T=[12 7] phi=[5 5] w=[12 7] Phi=5 H=84 W=43 sumW=19} fast={maxR=36 minR=19 maxAge=36} naive={maxR=36 minR=19 maxAge=36} verdict=PASS
case=548 input={T=[1 20] phi=[0 10] w=[1 20] Phi=10 H=20 W=52 sumW=21} fast={maxR=40 minR=21 maxAge=40} naive={maxR=40 minR=21 maxAge=40} verdict=PASS
case=549 input={T=[10 8 16 25 4 20] phi=[3 3 7 2 3 3] w=[9 1 16 25 4 20] Phi=7 H=400 W=173 sumW=75} fast={maxR=139 minR=90 maxAge=139} naive={maxR=139 minR=90 maxAge=139} verdict=PASS
case=550 input={T=[25 14 15] phi=[3 10 9] w=[25 14 15] Phi=10 H=1050 W=118 sumW=54} fast={maxR=105 minR=56 maxAge=105} naive={maxR=105 minR=56 maxAge=105} verdict=PASS
case=551 input={T=[5 15 30 2] phi=[2 13 9 1] w=[5 15 30 1] Phi=13 H=30 W=117 sumW=51} fast={maxR=92 minR=63 maxAge=92} naive={maxR=92 minR=63 maxAge=92} verdict=PASS
case=552 input={T=[8 26 2] phi=[3 19 1] w=[3 26 2] Phi=19 H=104 W=91 sumW=31} fast={maxR=63 minR=32 maxAge=63} naive={maxR=63 minR=32 maxAge=63} verdict=PASS
case=553 input={T=[10 2 39 33 11 3] phi=[0 1 22 6 0 1] w=[10 2 39 33 11 2] Phi=22 H=4290 W=218 sumW=97} fast={maxR=182 minR=105 maxAge=182} naive={maxR=182 minR=105 maxAge=182} verdict=PASS
case=554 input={T=[6 20 6] phi=[1 17 4] w=[6 12 5] Phi=17 H=60 W=81 sumW=23} fast={maxR=49 minR=26 maxAge=49} naive={maxR=49 minR=26 maxAge=49} verdict=PASS
case=555 input={T=[6 32 6 6 16] phi=[4 5 5 5 7] w=[6 32 5 6 16] Phi=7 H=96 W=139 sumW=65} fast={maxR=108 minR=73 maxAge=108} naive={maxR=108 minR=73 maxAge=108} verdict=PASS
case=556 input={T=[4 8 18 9] phi=[2 2 14 4] w=[1 8 18 9] Phi=14 H=72 W=92 sumW=36} fast={maxR=70 minR=47 maxAge=70} naive={maxR=70 minR=47 maxAge=70} verdict=PASS
case=557 input={T=[29 20 2 5 12 3] phi=[27 14 0 3 4 2] w=[29 20 2 4 12 3] Phi=27 H=1740 W=169 sumW=70} fast={maxR=130 minR=75 maxAge=130} naive={maxR=130 minR=75 maxAge=130} verdict=PASS
case=558 input={T=[5 18 3 14 6 15] phi=[4 12 1 0 3 11] w=[5 18 3 1 6 12] Phi=12 H=630 W=134 sumW=45} fast={maxR=93 minR=54 maxAge=93} naive={maxR=93 minR=54 maxAge=93} verdict=PASS
case=559 input={T=[16 15 10 16 24] phi=[12 0 2 9 15] w=[16 14 9 16 24] Phi=15 H=240 W=177 sumW=79} fast={maxR=138 minR=91 maxAge=138} naive={maxR=138 minR=91 maxAge=138} verdict=PASS
case=560 input={T=[32 16 34] phi=[30 3 25] w=[32 16 34] Phi=30 H=544 W=194 sumW=82} fast={maxR=150 minR=87 maxAge=150} naive={maxR=150 minR=87 maxAge=150} verdict=PASS
case=561 input={T=[24 10 36 20 8 27] phi=[3 0 13 2 5 11] w=[24 9 36 20 8 27] Phi=13 H=1080 W=263 sumW=124} fast={maxR=226 minR=143 maxAge=226} naive={maxR=226 minR=143 maxAge=226} verdict=PASS
case=562 input={T=[38 39 39] phi=[6 10 4] w=[26 39 26] Phi=10 H=1482 W=242 sumW=91} fast={maxR=199 minR=124 maxAge=199} naive={maxR=199 minR=124 maxAge=199} verdict=PASS
case=563 input={T=[33 35 15 11 6] phi=[18 29 1 0 1] w=[33 35 15 11 6] Phi=29 H=2310 W=229 sumW=100} fast={maxR=189 minR=109 maxAge=189} naive={maxR=189 minR=109 maxAge=189} verdict=PASS
case=564 input={T=[1 8 39 13 11] phi=[0 0 14 5 9] w=[1 8 29 13 4] Phi=14 H=3432 W=158 sumW=55} fast={maxR=111 minR=56 maxAge=111} naive={maxR=111 minR=56 maxAge=111} verdict=PASS
case=565 input={T=[2 2 7 10] phi=[1 1 2 7] w=[2 2 3 10] Phi=7 H=70 W=49 sumW=17} fast={maxR=33 minR=18 maxAge=33} naive={maxR=33 minR=18 maxAge=33} verdict=PASS
case=566 input={T=[12 27 3 8 12 24] phi=[0 19 0 5 9 7] w=[7 19 3 1 11 24] Phi=19 H=216 W=191 sumW=65} fast={maxR=138 minR=91 maxAge=138} naive={maxR=138 minR=91 maxAge=138} verdict=PASS
case=567 input={T=[1 15 11] phi=[0 14 6] w=[1 15 1] Phi=14 H=165 W=68 sumW=17} fast={maxR=41 minR=17 maxAge=41} naive={maxR=41 minR=17 maxAge=41} verdict=PASS
case=568 input={T=[27 33] phi=[1 20] w=[27 1] Phi=20 H=297 W=140 sumW=28} fast={maxR=85 minR=29 maxAge=85} naive={maxR=85 minR=29 maxAge=85} verdict=PASS
case=569 input={T=[33 34] phi=[0 17] w=[21 2] Phi=17 H=1122 W=151 sumW=23} fast={maxR=88 minR=23 maxAge=88} naive={maxR=88 minR=23 maxAge=88} verdict=PASS
case=570 input={T=[9 12 10] phi=[6 5 6] w=[3 12 10] Phi=6 H=180 W=68 sumW=25} fast={maxR=53 minR=28 maxAge=53} naive={maxR=53 minR=28 maxAge=53} verdict=PASS
case=571 input={T=[10 24] phi=[0 22] w=[7 24] Phi=22 H=120 W=90 sumW=31} fast={maxR=63 minR=32 maxAge=63} naive={maxR=63 minR=32 maxAge=63} verdict=PASS
case=572 input={T=[39 24 2 16] phi=[24 1 0 15] w=[21 24 2 16] Phi=24 H=624 W=186 sumW=63} fast={maxR=135 minR=68 maxAge=135} naive={maxR=135 minR=68 maxAge=135} verdict=PASS
case=573 input={T=[31 8] phi=[21 5] w=[31 3] Phi=21 H=248 W=99 sumW=34} fast={maxR=71 minR=34 maxAge=71} naive={maxR=71 minR=34 maxAge=71} verdict=PASS
case=574 input={T=[34 5 36 2] phi=[22 3 21 0] w=[34 5 8 2] Phi=22 H=3060 W=176 sumW=49} fast={maxR=121 minR=50 maxAge=121} naive={maxR=121 minR=50 maxAge=121} verdict=PASS
case=575 input={T=[9 26 32 3] phi=[0 25 29 1] w=[9 26 24 3] Phi=29 H=3744 W=169 sumW=62} fast={maxR=126 minR=64 maxAge=126} naive={maxR=126 minR=64 maxAge=126} verdict=PASS
case=576 input={T=[18 16 8] phi=[4 6 3] w=[18 16 4] Phi=6 H=144 W=90 sumW=38} fast={maxR=74 minR=43 maxAge=74} naive={maxR=74 minR=43 maxAge=74} verdict=PASS
case=577 input={T=[23 10 25 20 20] phi=[15 0 11 15 17] w=[2 10 25 20 20] Phi=17 H=2300 W=213 sumW=77} fast={maxR=150 minR=89 maxAge=150} naive={maxR=150 minR=89 maxAge=150} verdict=PASS
case=578 input={T=[3 38 3] phi=[1 21 1] w=[3 38 3] Phi=21 H=114 W=109 sumW=44} fast={maxR=83 minR=45 maxAge=83} naive={maxR=83 minR=45 maxAge=83} verdict=PASS
case=579 input={T=[13 12 28 12 9] phi=[9 6 22 0 7] w=[6 3 28 12 9] Phi=22 H=3276 W=170 sumW=58} fast={maxR=123 minR=70 maxAge=123} naive={maxR=123 minR=70 maxAge=123} verdict=PASS
case=580 input={T=[33 8 28 2] phi=[22 2 1 1] w=[17 8 28 2] Phi=22 H=1848 W=164 sumW=55} fast={maxR=121 minR=58 maxAge=121} naive={maxR=121 minR=58 maxAge=121} verdict=PASS
case=581 input={T=[6 20 12] phi=[5 16 7] w=[6 20 3] Phi=16 H=60 W=92 sumW=29} fast={maxR=64 minR=35 maxAge=64} naive={maxR=64 minR=35 maxAge=64} verdict=PASS
case=582 input={T=[4 30 33 25] phi=[2 23 28 24] w=[3 30 33 25] Phi=28 H=3300 W=212 sumW=91} fast={maxR=175 minR=94 maxAge=175} naive={maxR=175 minR=94 maxAge=175} verdict=PASS
case=583 input={T=[9 11] phi=[2 4] w=[3 9] Phi=4 H=99 W=44 sumW=12} fast={maxR=30 minR=12 maxAge=30} naive={maxR=30 minR=12 maxAge=30} verdict=PASS
case=584 input={T=[39 17] phi=[1 14] w=[5 7] Phi=14 H=663 W=126 sumW=12} fast={maxR=66 minR=12 maxAge=66} naive={maxR=66 minR=12 maxAge=66} verdict=PASS
case=585 input={T=[24 20] phi=[6 7] w=[17 20] Phi=7 H=120 W=95 sumW=37} fast={maxR=76 minR=37 maxAge=76} naive={maxR=76 minR=37 maxAge=76} verdict=PASS
case=586 input={T=[10 40 3 2 22 2] phi=[1 16 1 0 16 0] w=[10 40 3 1 22 2] Phi=16 H=1320 W=174 sumW=78} fast={maxR=146 minR=85 maxAge=146} naive={maxR=146 minR=85 maxAge=146} verdict=PASS
case=587 input={T=[11 22 21] phi=[4 3 15] w=[11 22 21] Phi=15 H=462 W=123 sumW=54} fast={maxR=105 minR=64 maxAge=105} naive={maxR=105 minR=64 maxAge=105} verdict=PASS
case=588 input={T=[31 24 30 12 3] phi=[13 0 26 1 1] w=[31 11 29 5 2] Phi=26 H=3720 W=226 sumW=78} fast={maxR=165 minR=88 maxAge=165} naive={maxR=165 minR=88 maxAge=165} verdict=PASS
case=589 input={T=[27 2 34] phi=[19 0 31] w=[27 1 13] Phi=31 H=918 W=157 sumW=41} fast={maxR=100 minR=41 maxAge=100} naive={maxR=100 minR=41 maxAge=100} verdict=PASS
case=590 input={T=[15 9 12 8 27] phi=[14 3 5 5 13] w=[15 9 12 8 18] Phi=14 H=1080 W=156 sumW=62} fast={maxR=118 minR=71 maxAge=118} naive={maxR=118 minR=71 maxAge=118} verdict=PASS
case=591 input={T=[25 32] phi=[22 25] w=[16 15] Phi=25 H=800 W=139 sumW=31} fast={maxR=86 minR=31 maxAge=86} naive={maxR=86 minR=31 maxAge=86} verdict=PASS
case=592 input={T=[14 4 23] phi=[10 0 1] w=[14 4 23] Phi=10 H=644 W=92 sumW=41} fast={maxR=78 minR=41 maxAge=78} naive={maxR=78 minR=41 maxAge=78} verdict=PASS
case=593 input={T=[2 10] phi=[1 4] w=[2 10] Phi=4 H=10 W=28 sumW=12} fast={maxR=22 minR=13 maxAge=22} naive={maxR=22 minR=13 maxAge=22} verdict=PASS
case=594 input={T=[12 1] phi=[10 0] w=[12 1] Phi=10 H=12 W=36 sumW=13} fast={maxR=24 minR=13 maxAge=24} naive={maxR=24 minR=13 maxAge=24} verdict=PASS
case=595 input={T=[13 40] phi=[7 30] w=[13 39] Phi=30 H=520 W=136 sumW=52} fast={maxR=103 minR=52 maxAge=103} naive={maxR=103 minR=52 maxAge=103} verdict=PASS
case=596 input={T=[37 4] phi=[13 3] w=[37 4] Phi=13 H=148 W=95 sumW=41} fast={maxR=80 minR=41 maxAge=80} naive={maxR=80 minR=41 maxAge=80} verdict=PASS
case=597 input={T=[19 27 4 4] phi=[4 25 2 2] w=[19 27 4 4] Phi=25 H=2052 W=133 sumW=54} fast={maxR=101 minR=54 maxAge=101} naive={maxR=101 minR=54 maxAge=101} verdict=PASS
case=598 input={T=[14 26 11] phi=[3 2 8] w=[14 26 11] Phi=8 H=2002 W=110 sumW=51} fast={maxR=99 minR=52 maxAge=99} naive={maxR=99 minR=52 maxAge=99} verdict=PASS
case=599 input={T=[3 5 15 10 3 23] phi=[2 3 14 9 0 18] w=[3 5 15 10 3 23] Phi=18 H=690 W=136 sumW=59} fast={maxR=102 minR=60 maxAge=102} naive={maxR=102 minR=60 maxAge=102} verdict=PASS
case=600 input={T=[16 40 10 27 24] phi=[8 3 9 8 7] w=[16 33 6 1 6] Phi=9 H=2160 W=243 sumW=62} fast={maxR=156 minR=69 maxAge=156} naive={maxR=156 minR=69 maxAge=156} verdict=PASS
case=601 input={T=[28 20 28 21 4] phi=[11 19 6 2 3] w=[28 20 14 21 4] Phi=19 H=420 W=221 sumW=87} fast={maxR=163 minR=96 maxAge=163} naive={maxR=163 minR=96 maxAge=163} verdict=PASS
case=602 input={T=[2 8 15 11 8] phi=[0 1 11 9 2] w=[1 8 15 10 8] Phi=11 H=1320 W=99 sumW=42} fast={maxR=73 minR=42 maxAge=73} naive={maxR=73 minR=42 maxAge=73} verdict=PASS
case=603 input={T=[1 6] phi=[0 2] w=[1 6] Phi=2 H=6 W=16 sumW=7} fast={maxR=12 minR=7 maxAge=12} naive={maxR=12 minR=7 maxAge=12} verdict=PASS
case=604 input={T=[20 40 9 40 24 25] phi=[18 36 2 20 16 10] w=[20 40 1 40 24 25] Phi=36 H=1800 W=352 sumW=150} fast={maxR=271 minR=197 maxAge=271} naive={maxR=271 minR=197 maxAge=271} verdict=PASS
case=605 input={T=[24 40 1 9 26 12] phi=[23 29 0 6 10 1] w=[22 40 1 9 20 12] Phi=29 H=4680 W=253 sumW=104} fast={maxR=193 minR=110 maxAge=193} naive={maxR=193 minR=110 maxAge=193} verdict=PASS
case=606 input={T=[15 31 3] phi=[9 17 2] w=[15 19 1] Phi=17 H=465 W=115 sumW=35} fast={maxR=80 minR=36 maxAge=80} naive={maxR=80 minR=36 maxAge=80} verdict=PASS
case=607 input={T=[21 24 5 9 28] phi=[20 16 1 0 9] w=[21 24 5 9 28] Phi=20 H=2520 W=194 sumW=87} fast={maxR=163 minR=101 maxAge=163} naive={maxR=163 minR=101 maxAge=163} verdict=PASS
case=608 input={T=[25 12 18] phi=[5 11 16] w=[25 12 18] Phi=16 H=900 W=126 sumW=55} fast={maxR=107 minR=60 maxAge=107} naive={maxR=107 minR=60 maxAge=107} verdict=PASS
case=609 input={T=[6 9 14 19 2 2] phi=[0 6 3 4 1 1] w=[6 9 14 19 2 2] Phi=6 H=2394 W=110 sumW=52} fast={maxR=94 minR=53 maxAge=94} naive={maxR=94 minR=53 maxAge=94} verdict=PASS
case=610 input={T=[38 38 14 7 20] phi=[17 2 3 0 0] w=[8 38 7 7 20] Phi=17 H=2660 W=251 sumW=80} fast={maxR=168 minR=101 maxAge=168} naive={maxR=168 minR=101 maxAge=168} verdict=PASS
case=611 input={T=[2 8 25 8] phi=[1 2 16 7] w=[2 2 12 8] Phi=16 H=200 W=102 sumW=24} fast={maxR=63 minR=32 maxAge=63} naive={maxR=63 minR=32 maxAge=63} verdict=PASS
case=612 input={T=[18 3 15] phi=[15 0 12] w=[15 1 11] Phi=15 H=90 W=87 sumW=27} fast={maxR=58 minR=29 maxAge=58} naive={maxR=58 minR=29 maxAge=58} verdict=PASS
case=613 input={T=[3 11 18] phi=[1 10 15] w=[3 11 18] Phi=15 H=198 W=79 sumW=32} fast={maxR=61 minR=32 maxAge=61} naive={maxR=61 minR=32 maxAge=61} verdict=PASS
case=614 input={T=[7 12] phi=[2 8] w=[7 12] Phi=8 H=84 W=46 sumW=19} fast={maxR=36 minR=19 maxAge=36} naive={maxR=36 minR=19 maxAge=36} verdict=PASS
case=615 input={T=[6 32 10] phi=[4 29 5] w=[6 32 5] Phi=29 H=480 W=125 sumW=43} fast={maxR=87 minR=44 maxAge=87} naive={maxR=87 minR=44 maxAge=87} verdict=PASS
case=616 input={T=[14 4 14 30 30 21] phi=[13 3 13 4 8 0] w=[7 4 14 30 11 21] Phi=13 H=420 W=239 sumW=87} fast={maxR=154 minR=99 maxAge=154} naive={maxR=154 minR=99 maxAge=154} verdict=PASS
case=617 input={T=[27 30] phi=[10 29] w=[27 30] Phi=29 H=270 W=143 sumW=57} fast={maxR=111 minR=58 maxAge=111} naive={maxR=111 minR=58 maxAge=111} verdict=PASS
case=618 input={T=[16 6 14 7 22] phi=[2 0 9 3 21] w=[16 5 14 7 2] Phi=21 H=3696 W=151 sumW=44} fast={maxR=96 minR=45 maxAge=96} naive={maxR=96 minR=45 maxAge=96} verdict=PASS
case=619 input={T=[7 2 7 2 26] phi=[6 0 3 1 16] w=[7 1 7 2 26] Phi=16 H=182 W=104 sumW=43} fast={maxR=78 minR=47 maxAge=78} naive={maxR=78 minR=47 maxAge=78} verdict=PASS
case=620 input={T=[3 12 6 8 15 36] phi=[1 11 4 4 13 32] w=[3 12 6 8 15 35] Phi=32 H=360 W=192 sumW=79} fast={maxR=143 minR=96 maxAge=143} naive={maxR=143 minR=96 maxAge=143} verdict=PASS
case=621 input={T=[15 35] phi=[9 12] w=[11 35] Phi=12 H=105 W=112 sumW=46} fast={maxR=92 minR=48 maxAge=92} naive={maxR=92 minR=48 maxAge=92} verdict=PASS
case=622 input={T=[9 6 19 8] phi=[4 3 17 1] w=[5 6 19 8] Phi=17 H=1368 W=101 sumW=38} fast={maxR=74 minR=39 maxAge=74} naive={maxR=74 minR=39 maxAge=74} verdict=PASS
case=623 input={T=[19 9] phi=[11 1] w=[18 3] Phi=11 H=171 W=67 sumW=21} fast={maxR=47 minR=21 maxAge=47} naive={maxR=47 minR=21 maxAge=47} verdict=PASS
case=624 input={T=[34 2 4 27 24 17] phi=[24 1 0 0 1 13] w=[34 2 1 27 24 9] Phi=24 H=3672 W=240 sumW=97} fast={maxR=184 minR=100 maxAge=184} naive={maxR=184 minR=100 maxAge=184} verdict=PASS
case=625 input={T=[25 3 11] phi=[16 1 1] w=[25 3 11] Phi=16 H=825 W=94 sumW=39} fast={maxR=75 minR=39 maxAge=75} naive={maxR=75 minR=39 maxAge=75} verdict=PASS
case=626 input={T=[11 6] phi=[4 5] w=[11 3] Phi=5 H=66 W=39 sumW=14} fast={maxR=29 minR=14 maxAge=29} naive={maxR=29 minR=14 maxAge=29} verdict=PASS
case=627 input={T=[7 31] phi=[1 30] w=[7 31] Phi=30 H=217 W=106 sumW=38} fast={maxR=74 minR=38 maxAge=74} naive={maxR=74 minR=38 maxAge=74} verdict=PASS
case=628 input={T=[30 3 1 7 4] phi=[21 0 0 6 0] w=[30 3 1 7 4] Phi=21 H=420 W=111 sumW=45} fast={maxR=82 minR=45 maxAge=82} naive={maxR=82 minR=45 maxAge=82} verdict=PASS
case=629 input={T=[24 8 20 22] phi=[10 5 18 5] w=[16 8 20 22] Phi=18 H=1320 W=166 sumW=66} fast={maxR=130 minR=71 maxAge=130} naive={maxR=130 minR=71 maxAge=130} verdict=PASS
case=630 input={T=[5 25 24] phi=[3 14 8] w=[1 25 8] Phi=14 H=600 W=122 sumW=34} fast={maxR=81 minR=34 maxAge=81} naive={maxR=81 minR=34 maxAge=81} verdict=PASS
case=631 input={T=[5 3 5 20 3 13] phi=[1 0 3 4 0 1] w=[5 2 5 20 3 13] Phi=4 H=780 W=102 sumW=48} fast={maxR=87 minR=51 maxAge=87} naive={maxR=87 minR=51 maxAge=87} verdict=PASS
case=632 input={T=[2 3 8 39 36 24] phi=[1 0 7 31 30 13] w=[2 3 8 10 3 24] Phi=31 H=936 W=255 sumW=50} fast={maxR=141 minR=60 maxAge=141} naive={maxR=141 minR=60 maxAge=141} verdict=PASS
case=633 input={T=[39 8 10] phi=[26 7 8] w=[39 3 10] Phi=26 H=1560 W=140 sumW=52} fast={maxR=105 minR=52 maxAge=105} naive={maxR=105 minR=52 maxAge=105} verdict=PASS
case=634 input={T=[20 13 3 2 13 4] phi=[0 1 1 1 12 0] w=[20 13 3 2 8 4] Phi=12 H=780 W=122 sumW=50} fast={maxR=87 minR=56 maxAge=87} naive={maxR=87 minR=56 maxAge=87} verdict=PASS
case=635 input={T=[14 5 8 30] phi=[7 1 2 16] w=[14 1 2 30] Phi=16 H=840 W=130 sumW=47} fast={maxR=96 minR=49 maxAge=96} naive={maxR=96 minR=49 maxAge=96} verdict=PASS
case=636 input={T=[40 12 10 5 12] phi=[11 4 8 4 4] w=[40 12 10 5 12] Phi=11 H=120 W=169 sumW=79} fast={maxR=136 minR=89 maxAge=136} naive={maxR=136 minR=89 maxAge=136} verdict=PASS
case=637 input={T=[33 24 22 12 24] phi=[10 10 11 7 12] w=[33 24 17 12 10] Phi=12 H=264 W=242 sumW=96} fast={maxR=188 minR=120 maxAge=188} naive={maxR=188 minR=120 maxAge=188} verdict=PASS
case=638 input={T=[17 1] phi=[4 0] w=[17 1] Phi=4 H=17 W=40 sumW=18} fast={maxR=34 minR=18 maxAge=34} naive={maxR=34 minR=18 maxAge=34} verdict=PASS
case=639 input={T=[15 21 34 1] phi=[7 17 16 0] w=[14 21 34 1] Phi=17 H=3570 W=159 sumW=70} fast={maxR=137 minR=72 maxAge=137} naive={maxR=137 minR=72 maxAge=137} verdict=PASS
case=640 input={T=[13 6 10] phi=[6 4 4] w=[13 3 10] Phi=6 H=390 W=64 sumW=26} fast={maxR=52 minR=27 maxAge=52} naive={maxR=52 minR=27 maxAge=52} verdict=PASS
case=641 input={T=[5 40 20 22 5 7] phi=[0 7 16 13 4 3] w=[5 21 2 22 5 7] Phi=16 H=3080 W=214 sumW=62} fast={maxR=141 minR=76 maxAge=141} naive={maxR=141 minR=76 maxAge=141} verdict=PASS
case=642 input={T=[29 3 4 4 10] phi=[8 1 0 0 0] w=[29 3 4 4 10] Phi=8 H=1740 W=108 sumW=50} fast={maxR=91 minR=50 maxAge=91} naive={maxR=91 minR=50 maxAge=91} verdict=PASS
case=643 input={T=[3 7 24 8 25] phi=[1 4 16 1 11] w=[3 7 24 8 20] Phi=16 H=4200 W=150 sumW=62} fast={maxR=118 minR=65 maxAge=118} naive={maxR=118 minR=65 maxAge=118} verdict=PASS
case=644 input={T=[9 8 6 4] phi=[2 2 0 0] w=[9 8 6 1] Phi=2 H=72 W=56 sumW=24} fast={maxR=43 minR=26 maxAge=43} naive={maxR=43 minR=26 maxAge=43} verdict=PASS
case=645 input={T=[11 29 2] phi=[7 21 1] w=[11 29 2] Phi=21 H=638 W=105 sumW=42} fast={maxR=81 minR=42 maxAge=81} naive={maxR=81 minR=42 maxAge=81} verdict=PASS
case=646 input={T=[9 6] phi=[5 1] w=[9 3] Phi=5 H=18 W=35 sumW=12} fast={maxR=25 minR=14 maxAge=25} naive={maxR=25 minR=14 maxAge=25} verdict=PASS
case=647 input={T=[26 10 40 15 15 15] phi=[20 9 8 8 14 5] w=[26 10 28 15 15 15] Phi=20 H=1560 W=262 sumW=109} fast={maxR=206 minR=133 maxAge=206} naive={maxR=206 minR=133 maxAge=206} verdict=PASS
case=648 input={T=[36 4] phi=[25 0] w=[36 4] Phi=25 H=36 W=105 sumW=40} fast={maxR=78 minR=43 maxAge=78} naive={maxR=78 minR=43 maxAge=78} verdict=PASS
case=649 input={T=[9 5] phi=[5 0] w=[9 5] Phi=5 H=45 W=33 sumW=14} fast={maxR=26 minR=14 maxAge=26} naive={maxR=26 minR=14 maxAge=26} verdict=PASS
case=650 input={T=[20 2 22 20 33 9] phi=[16 0 4 11 9 7] w=[20 1 22 20 33 9] Phi=16 H=1980 W=228 sumW=105} fast={maxR=195 minR=118 maxAge=195} naive={maxR=195 minR=118 maxAge=195} verdict=PASS
case=651 input={T=[3 7 14 24 1 39] phi=[0 3 9 23 0 21] w=[3 1 14 8 1 30] Phi=23 H=2184 W=199 sumW=57} fast={maxR=134 minR=63 maxAge=134} naive={maxR=134 minR=63 maxAge=134} verdict=PASS
case=652 input={T=[17 24 33] phi=[5 17 32] w=[17 24 33] Phi=32 H=4488 W=180 sumW=74} fast={maxR=143 minR=74 maxAge=143} naive={maxR=143 minR=74 maxAge=143} verdict=PASS
case=653 input={T=[30 9 30 9] phi=[6 3 17 4] w=[16 9 30 7] Phi=17 H=90 W=173 sumW=62} fast={maxR=115 minR=80 maxAge=115} naive={maxR=115 minR=80 maxAge=115} verdict=PASS
case=654 input={T=[23 26] phi=[1 10] w=[23 3] Phi=10 H=598 W=108 sumW=26} fast={maxR=73 minR=26 maxAge=73} naive={maxR=73 minR=26 maxAge=73} verdict=PASS
case=655 input={T=[20 24 4 10 2 6] phi=[11 8 2 2 0 2] w=[20 24 4 10 2 6] Phi=11 H=120 W=143 sumW=66} fast={maxR=112 minR=69 maxAge=112} naive={maxR=112 minR=69 maxAge=112} verdict=PASS
case=656 input={T=[7 28] phi=[4 21] w=[7 28] Phi=21 H=28 W=91 sumW=35} fast={maxR=65 minR=38 maxAge=65} naive={maxR=65 minR=38 maxAge=65} verdict=PASS
case=657 input={T=[19 21] phi=[10 13] w=[19 21] Phi=13 H=399 W=93 sumW=40} fast={maxR=78 minR=40 maxAge=78} naive={maxR=78 minR=40 maxAge=78} verdict=PASS
case=658 input={T=[8 24 16 1 13 12] phi=[6 2 12 0 1 3] w=[2 24 16 1 9 12] Phi=12 H=624 W=160 sumW=64} fast={maxR=112 minR=77 maxAge=112} naive={maxR=112 minR=77 maxAge=112} verdict=PASS
case=659 input={T=[12 20 39 6] phi=[8 3 26 5] w=[12 18 14 6] Phi=26 H=780 W=180 sumW=50} fast={maxR=122 minR=57 maxAge=122} naive={maxR=122 minR=57 maxAge=122} verdict=PASS
case=660 input={T=[8 6 8 29 36] phi=[7 1 5 1 27] w=[8 4 7 22 36] Phi=27 H=2088 W=201 sumW=77} fast={maxR=147 minR=84 maxAge=147} naive={maxR=147 minR=84 maxAge=147} verdict=PASS
case=661 input={T=[3 13] phi=[2 3] w=[3 13] Phi=3 H=39 W=35 sumW=16} fast={maxR=30 minR=16 maxAge=30} naive={maxR=30 minR=16 maxAge=30} verdict=PASS
case=662 input={T=[9 9 38 5] phi=[8 6 15 2] w=[9 9 38 5] Phi=15 H=1710 W=137 sumW=61} fast={maxR=117 minR=68 maxAge=117} naive={maxR=117 minR=68 maxAge=117} verdict=PASS
case=663 input={T=[28 14 25 2 30 20] phi=[7 12 2 1 22 1] w=[14 14 25 2 14 20] Phi=22 H=2100 W=260 sumW=89} fast={maxR=185 minR=102 maxAge=185} naive={maxR=185 minR=102 maxAge=185} verdict=PASS
case=664 input={T=[35 15] phi=[1 0] w=[35 15] Phi=1 H=105 W=101 sumW=50} fast={maxR=98 minR=54 maxAge=98} naive={maxR=98 minR=54 maxAge=98} verdict=PASS
case=665 input={T=[20 5 30 36 1] phi=[10 4 13 10 0] w=[20 5 30 12 1] Phi=13 H=180 W=197 sumW=68} fast={maxR=148 minR=85 maxAge=148} naive={maxR=148 minR=85 maxAge=148} verdict=PASS
case=666 input={T=[16 15 16] phi=[3 2 7] w=[10 7 15] Phi=7 H=240 W=101 sumW=32} fast={maxR=66 minR=35 maxAge=66} naive={maxR=66 minR=35 maxAge=66} verdict=PASS
case=667 input={T=[21 25 25] phi=[14 19 12] w=[21 14 25] Phi=19 H=525 W=161 sumW=60} fast={maxR=108 minR=64 maxAge=108} naive={maxR=108 minR=64 maxAge=108} verdict=PASS
case=668 input={T=[30 9] phi=[24 5] w=[9 9] Phi=24 H=90 W=102 sumW=18} fast={maxR=55 minR=20 maxAge=55} naive={maxR=55 minR=20 maxAge=55} verdict=PASS
case=669 input={T=[18 20 7 9 9] phi=[12 19 6 8 4] w=[18 20 7 6 8] Phi=19 H=1260 W=145 sumW=59} fast={maxR=116 minR=72 maxAge=116} naive={maxR=116 minR=72 maxAge=116} verdict=PASS
case=670 input={T=[20 15 3 10] phi=[1 9 0 7] w=[20 4 3 10] Phi=9 H=60 W=105 sumW=37} fast={maxR=75 minR=46 maxAge=75} naive={maxR=75 minR=46 maxAge=75} verdict=PASS
case=671 input={T=[24 3] phi=[14 2] w=[24 3] Phi=14 H=24 W=68 sumW=27} fast={maxR=50 minR=27 maxAge=50} naive={maxR=50 minR=27 maxAge=50} verdict=PASS
case=672 input={T=[30 30] phi=[7 9] w=[30 30] Phi=9 H=30 W=129 sumW=60} fast={maxR=91 minR=62 maxAge=91} naive={maxR=91 minR=62 maxAge=91} verdict=PASS
case=673 input={T=[25 2 24 5] phi=[24 0 4 2] w=[25 2 4 5] Phi=24 H=600 W=136 sumW=36} fast={maxR=87 minR=38 maxAge=87} naive={maxR=87 minR=38 maxAge=87} verdict=PASS
case=674 input={T=[16 40 24 5 16] phi=[6 37 0 0 3] w=[16 40 24 5 16] Phi=37 H=240 W=239 sumW=101} fast={maxR=188 minR=125 maxAge=188} naive={maxR=188 minR=125 maxAge=188} verdict=PASS
case=675 input={T=[12 39 16 2 5] phi=[4 11 9 1 1] w=[11 34 16 1 2] Phi=11 H=3120 W=159 sumW=64} fast={maxR=131 minR=68 maxAge=131} naive={maxR=131 minR=68 maxAge=131} verdict=PASS
case=676 input={T=[5 8 27 2 1] phi=[1 1 9 0 0] w=[5 1 27 2 1] Phi=9 H=1080 W=95 sumW=36} fast={maxR=74 minR=37 maxAge=74} naive={maxR=74 minR=37 maxAge=74} verdict=PASS
case=677 input={T=[12 5 2 7 1] phi=[7 1 0 1 0] w=[12 5 2 7 1] Phi=7 H=420 W=61 sumW=27} fast={maxR=48 minR=27 maxAge=48} naive={maxR=48 minR=27 maxAge=48} verdict=PASS
case=678 input={T=[32 4 7 34] phi=[25 1 3 25] w=[32 4 4 34] Phi=25 H=3808 W=179 sumW=74} fast={maxR=143 minR=74 maxAge=143} naive={maxR=143 minR=74 maxAge=143} verdict=PASS
case=679 input={T=[12 15 3 23 18] phi=[9 11 2 22 9] w=[12 15 2 16 18] Phi=22 H=4140 W=164 sumW=63} fast={maxR=125 minR=66 maxAge=125} naive={maxR=125 minR=66 maxAge=125} verdict=PASS
case=680 input={T=[3 31] phi=[0 19] w=[3 31] Phi=19 H=93 W=87 sumW=34} fast={maxR=66 minR=34 maxAge=66} naive={maxR=66 minR=34 maxAge=66} verdict=PASS
case=681 input={T=[16 8 27 14 4] phi=[1 5 25 2 1] w=[2 8 6 14 4] Phi=25 H=3024 W=163 sumW=34} fast={maxR=91 minR=40 maxAge=91} naive={maxR=91 minR=40 maxAge=91} verdict=PASS
case=682 input={T=[24 6 9 25] phi=[9 2 6 22] w=[4 6 9 25] Phi=22 H=1800 W=150 sumW=44} fast={maxR=99 minR=46 maxAge=99} naive={maxR=99 minR=46 maxAge=99} verdict=PASS
case=683 input={T=[38 24 8] phi=[20 19 7] w=[38 24 8] Phi=20 H=456 W=160 sumW=70} fast={maxR=134 minR=75 maxAge=134} naive={maxR=134 minR=75 maxAge=134} verdict=PASS
case=684 input={T=[1 17 4] phi=[0 12 1] w=[1 4 4] Phi=12 H=68 W=56 sumW=9} fast={maxR=28 minR=9 maxAge=28} naive={maxR=28 minR=9 maxAge=28} verdict=PASS
case=685 input={T=[14 21 19 7] phi=[5 9 9 5] w=[14 21 19 7] Phi=9 H=798 W=131 sumW=61} fast={maxR=111 minR=70 maxAge=111} naive={maxR=111 minR=70 maxAge=111} verdict=PASS
case=686 input={T=[2 23 8 15 2] phi=[0 4 4 12 1] w=[2 10 8 15 2] Phi=12 H=2760 W=112 sumW=37} fast={maxR=80 minR=37 maxAge=80} naive={maxR=80 minR=37 maxAge=80} verdict=PASS
case=687 input={T=[19 14] phi=[8 4] w=[19 14] Phi=8 H=266 W=74 sumW=33} fast={maxR=64 minR=33 maxAge=64} naive={maxR=64 minR=33 maxAge=64} verdict=PASS
case=688 input={T=[5 32 3 9 27] phi=[2 30 2 3 3] w=[5 32 3 9 27] Phi=30 H=4320 W=182 sumW=76} fast={maxR=138 minR=77 maxAge=138} naive={maxR=138 minR=77 maxAge=138} verdict=PASS
case=689 input={T=[37 4 34] phi=[16 0 18] w=[37 4 34] Phi=18 H=2516 W=168 sumW=75} fast={maxR=146 minR=75 maxAge=146} naive={maxR=146 minR=75 maxAge=146} verdict=PASS
case=690 input={T=[24 2 10 28 6 24] phi=[11 0 5 21 3 18] w=[24 2 10 13 6 11] Phi=21 H=840 W=209 sumW=66} fast={maxR=137 minR=90 maxAge=137} naive={maxR=137 minR=90 maxAge=137} verdict=PASS
case=691 input={T=[25 28] phi=[11 17] w=[25 28] Phi=17 H=700 W=123 sumW=53} fast={maxR=104 minR=53 maxAge=104} naive={maxR=104 minR=53 maxAge=104} verdict=PASS
case=692 input={T=[7 12] phi=[0 1] w=[5 12] Phi=1 H=84 W=39 sumW=17} fast={maxR=34 minR=17 maxAge=34} naive={maxR=34 minR=17 maxAge=34} verdict=PASS
case=693 input={T=[24 34 3 5 15] phi=[8 12 0 1 3] w=[24 34 3 5 7] Phi=12 H=2040 W=174 sumW=73} fast={maxR=145 minR=77 maxAge=145} naive={maxR=145 minR=77 maxAge=145} verdict=PASS
case=694 input={T=[13 16 22 8] phi=[10 4 8 3] w=[13 16 5 8] Phi=10 H=2288 W=128 sumW=42} fast={maxR=95 minR=44 maxAge=95} naive={maxR=95 minR=44 maxAge=95} verdict=PASS
case=695 input={T=[10 12 7 5 21] phi=[2 6 2 0 11] w=[10 10 7 5 21] Phi=11 H=420 W=121 sumW=53} fast={maxR=94 minR=57 maxAge=94} naive={maxR=94 minR=57 maxAge=94} verdict=PASS
case=696 input={T=[7 5] phi=[3 0] w=[7 5] Phi=3 H=35 W=27 sumW=12} fast={maxR=22 minR=12 maxAge=22} naive={maxR=22 minR=12 maxAge=22} verdict=PASS
case=697 input={T=[3 30 3 12] phi=[2 16 0 8] w=[3 30 3 3] Phi=16 H=60 W=112 sumW=39} fast={maxR=83 minR=48 maxAge=83} naive={maxR=83 minR=48 maxAge=83} verdict=PASS
case=698 input={T=[20 17 34] phi=[11 11 2] w=[1 9 34] Phi=11 H=340 W=153 sumW=44} fast={maxR=112 minR=61 maxAge=112} naive={maxR=112 minR=61 maxAge=112} verdict=PASS
case=699 input={T=[20 37 1] phi=[16 5 0] w=[20 37 1] Phi=16 H=740 W=132 sumW=58} fast={maxR=113 minR=58 maxAge=113} naive={maxR=113 minR=58 maxAge=113} verdict=PASS
case=700 input={T=[12 8 1 24 3 5] phi=[9 5 0 4 2 4] w=[7 8 1 24 3 5] Phi=9 H=120 W=115 sumW=48} fast={maxR=91 minR=64 maxAge=91} naive={maxR=91 minR=64 maxAge=91} verdict=PASS
case=701 input={T=[20 8 32 14 3] phi=[8 4 18 12 2] w=[20 8 32 14 3] Phi=18 H=3360 W=172 sumW=77} fast={maxR=144 minR=83 maxAge=144} naive={maxR=144 minR=83 maxAge=144} verdict=PASS
case=702 input={T=[5 2 13] phi=[0 0 8] w=[2 1 13] Phi=8 H=130 W=48 sumW=16} fast={maxR=33 minR=16 maxAge=33} naive={maxR=33 minR=16 maxAge=33} verdict=PASS
case=703 input={T=[13 25 30 4] phi=[4 6 26 2] w=[5 25 30 4] Phi=26 H=3900 W=170 sumW=64} fast={maxR=127 minR=64 maxAge=127} naive={maxR=127 minR=64 maxAge=127} verdict=PASS
case=704 input={T=[38 16] phi=[5 15] w=[38 16] Phi=15 H=304 W=123 sumW=54} fast={maxR=105 minR=54 maxAge=105} naive={maxR=105 minR=54 maxAge=105} verdict=PASS
case=705 input={T=[36 34] phi=[26 6] w=[36 25] Phi=26 H=612 W=166 sumW=61} fast={maxR=128 minR=61 maxAge=128} naive={maxR=128 minR=61 maxAge=128} verdict=PASS
case=706 input={T=[30 27 12 8 24] phi=[4 26 10 2 22] w=[30 27 11 8 24] Phi=26 H=1080 W=228 sumW=100} fast={maxR=179 minR=108 maxAge=179} naive={maxR=179 minR=108 maxAge=179} verdict=PASS
case=707 input={T=[16 6 40] phi=[6 5 1] w=[15 6 40] Phi=6 H=240 W=130 sumW=61} fast={maxR=114 minR=67 maxAge=114} naive={maxR=114 minR=67 maxAge=114} verdict=PASS
case=708 input={T=[7 1 5 34 30] phi=[2 0 1 24 6] w=[7 1 5 34 23] Phi=24 H=3570 W=178 sumW=70} fast={maxR=141 minR=71 maxAge=141} naive={maxR=141 minR=71 maxAge=141} verdict=PASS
case=709 input={T=[30 24 15] phi=[10 14 0] w=[30 24 15] Phi=14 H=120 W=152 sumW=69} fast={maxR=124 minR=80 maxAge=124} naive={maxR=124 minR=80 maxAge=124} verdict=PASS
case=710 input={T=[11 6 8 8 4 1] phi=[3 4 5 3 2 0] w=[11 3 8 3 4 1] Phi=5 H=264 W=81 sumW=30} fast={maxR=57 minR=36 maxAge=57} naive={maxR=57 minR=36 maxAge=57} verdict=PASS
case=711 input={T=[2 1 2 6 39] phi=[0 0 1 4 29] w=[2 1 2 6 39] Phi=29 H=78 W=129 sumW=50} fast={maxR=93 minR=52 maxAge=93} naive={maxR=93 minR=52 maxAge=93} verdict=PASS
case=712 input={T=[1 3 1 37 35] phi=[0 0 0 25 21] w=[1 1 1 37 2] Phi=25 H=3885 W=179 sumW=42} fast={maxR=114 minR=42 maxAge=114} naive={maxR=114 minR=42 maxAge=114} verdict=PASS
case=713 input={T=[28 25 3 30] phi=[0 10 2 7] w=[15 20 3 30] Phi=10 H=2100 W=182 sumW=68} fast={maxR=148 minR=73 maxAge=148} naive={maxR=148 minR=73 maxAge=148} verdict=PASS
case=714 input={T=[9 40 2 32 15] phi=[3 2 0 4 1] w=[9 40 1 32 2] Phi=4 H=1440 W=200 sumW=84} fast={maxR=167 minR=87 maxAge=167} naive={maxR=167 minR=87 maxAge=167} verdict=PASS
case=715 input={T=[35 14 18 3 4] phi=[25 12 9 2 1] w=[11 14 18 3 4] Phi=25 H=1260 W=173 sumW=50} fast={maxR=117 minR=58 maxAge=117} naive={maxR=117 minR=58 maxAge=117} verdict=PASS
case=716 input={T=[4 1 3 20 8 10] phi=[0 0 1 16 0 1] w=[4 1 3 10 5 4] Phi=16 H=120 W=108 sumW=27} fast={maxR=60 minR=37 maxAge=60} naive={maxR=60 minR=37 maxAge=60} verdict=PASS
case=717 input={T=[16 20] phi=[7 10] w=[6 20] Phi=10 H=80 W=82 sumW=26} fast={maxR=58 minR=27 maxAge=58} naive={maxR=58 minR=27 maxAge=58} verdict=PASS
case=718 input={T=[31 20 12 8 1] phi=[17 8 8 0 0] w=[28 20 12 8 1] Phi=17 H=3720 W=161 sumW=69} fast={maxR=130 minR=69 maxAge=130} naive={maxR=130 minR=69 maxAge=130} verdict=PASS
case=719 input={T=[32 30 20 6] phi=[5 3 4 2] w=[32 30 20 6] Phi=5 H=480 W=181 sumW=88} fast={maxR=160 minR=91 maxAge=160} naive={maxR=160 minR=91 maxAge=160} verdict=PASS
case=720 input={T=[6 35 26 2 7] phi=[1 8 5 1 0] w=[6 35 26 2 7] Phi=8 H=2730 W=160 sumW=76} fast={maxR=142 minR=82 maxAge=142} naive={maxR=142 minR=82 maxAge=142} verdict=PASS
case=721 input={T=[1 2 24] phi=[0 0 6] w=[1 2 2] Phi=6 H=24 W=60 sumW=5} fast={maxR=28 minR=5 maxAge=28} naive={maxR=28 minR=5 maxAge=28} verdict=PASS
case=722 input={T=[15 1 4 16 24 19] phi=[8 0 1 10 3 1] w=[15 1 4 16 24 19] Phi=10 H=4560 W=168 sumW=79} fast={maxR=142 minR=83 maxAge=142} naive={maxR=142 minR=83 maxAge=142} verdict=PASS
case=723 input={T=[21 9 19] phi=[14 0 11] w=[21 9 19] Phi=14 H=1197 W=112 sumW=49} fast={maxR=94 minR=50 maxAge=94} naive={maxR=94 minR=50 maxAge=94} verdict=PASS
case=724 input={T=[8 30] phi=[0 21] w=[8 30] Phi=21 H=120 W=97 sumW=38} fast={maxR=74 minR=39 maxAge=74} naive={maxR=74 minR=39 maxAge=74} verdict=PASS
case=725 input={T=[30 27] phi=[12 1] w=[30 7] Phi=12 H=270 W=126 sumW=37} fast={maxR=91 minR=38 maxAge=91} naive={maxR=91 minR=38 maxAge=91} verdict=PASS
case=726 input={T=[21 1 10] phi=[9 0 9] w=[21 1 3] Phi=9 H=210 W=73 sumW=25} fast={maxR=54 minR=25 maxAge=54} naive={maxR=54 minR=25 maxAge=54} verdict=PASS
case=727 input={T=[38 16 19 8] phi=[27 6 6 1] w=[38 16 14 8] Phi=27 H=304 W=189 sumW=76} fast={maxR=139 minR=82 maxAge=139} naive={maxR=139 minR=82 maxAge=139} verdict=PASS
case=728 input={T=[5 20 10 5] phi=[0 14 1 3] w=[3 20 10 5] Phi=14 H=20 W=94 sumW=38} fast={maxR=67 minR=48 maxAge=67} naive={maxR=67 minR=48 maxAge=67} verdict=PASS
case=729 input={T=[24 10] phi=[13 8] w=[24 10] Phi=13 H=120 W=81 sumW=34} fast={maxR=66 minR=35 maxAge=66} naive={maxR=66 minR=35 maxAge=66} verdict=PASS
case=730 input={T=[7 9 5 5 4] phi=[2 5 3 1 3] w=[7 9 5 5 4] Phi=5 H=1260 W=65 sumW=30} fast={maxR=54 minR=33 maxAge=54} naive={maxR=54 minR=33 maxAge=54} verdict=PASS
case=731 input={T=[12 39] phi=[6 8] w=[12 30] Phi=8 H=156 W=110 sumW=42} fast={maxR=91 minR=44 maxAge=91} naive={maxR=91 minR=44 maxAge=91} verdict=PASS
case=732 input={T=[12 2] phi=[1 1] w=[12 2] Phi=1 H=12 W=29 sumW=14} fast={maxR=25 minR=14 maxAge=25} naive={maxR=25 minR=14 maxAge=25} verdict=PASS
case=733 input={T=[22 1 1 1 16] phi=[16 0 0 0 4] w=[22 1 1 1 16] Phi=16 H=176 W=98 sumW=41} fast={maxR=77 minR=42 maxAge=77} naive={maxR=77 minR=42 maxAge=77} verdict=PASS
case=734 input={T=[20 3 34 9] phi=[5 2 30 6] w=[3 1 34 9] Phi=30 H=3060 W=162 sumW=47} fast={maxR=109 minR=49 maxAge=109} naive={maxR=109 minR=49 maxAge=109} verdict=PASS
case=735 input={T=[25 40] phi=[9 24] w=[25 40] Phi=24 H=200 W=154 sumW=65} fast={maxR=124 minR=65 maxAge=124} naive={maxR=124 minR=65 maxAge=124} verdict=PASS
case=736 input={T=[6 33 24] phi=[4 9 20] w=[6 33 24] Phi=20 H=264 W=146 sumW=63} fast={maxR=123 minR=70 maxAge=123} naive={maxR=123 minR=70 maxAge=123} verdict=PASS
case=737 input={T=[5 1 34] phi=[3 0 26] w=[5 1 34] Phi=26 H=170 W=106 sumW=40} fast={maxR=77 minR=40 maxAge=77} naive={maxR=77 minR=40 maxAge=77} verdict=PASS
case=738 input={T=[39 15] phi=[3 10] w=[39 15] Phi=10 H=195 W=118 sumW=54} fast={maxR=105 minR=55 maxAge=105} naive={maxR=105 minR=55 maxAge=105} verdict=PASS
case=739 input={T=[3 3 20] phi=[0 2 6] w=[3 3 20] Phi=6 H=60 W=58 sumW=26} fast={maxR=49 minR=28 maxAge=49} naive={maxR=49 minR=28 maxAge=49} verdict=PASS
case=740 input={T=[24 10 6 35 24 36] phi=[1 6 4 30 3 16] w=[24 10 6 35 24 36] Phi=30 H=2520 W=300 sumW=135} fast={maxR=230 minR=159 maxAge=230} naive={maxR=230 minR=159 maxAge=230} verdict=PASS
case=741 input={T=[6 31 6 1 2 24] phi=[2 2 3 0 0 22] w=[1 17 6 1 2 24] Phi=22 H=744 W=162 sumW=51} fast={maxR=109 minR=56 maxAge=109} naive={maxR=109 minR=56 maxAge=109} verdict=PASS
case=742 input={T=[6 16] phi=[2 10] w=[6 10] Phi=10 H=48 W=54 sumW=16} fast={maxR=35 minR=16 maxAge=35} naive={maxR=35 minR=16 maxAge=35} verdict=PASS
case=743 input={T=[16 36] phi=[9 35] w=[15 36] Phi=35 H=144 W=139 sumW=51} fast={maxR=101 minR=54 maxAge=101} naive={maxR=101 minR=54 maxAge=101} verdict=PASS
case=744 input={T=[10 2] phi=[5 0] w=[10 2] Phi=5 H=10 W=29 sumW=12} fast={maxR=22 minR=13 maxAge=22} naive={maxR=22 minR=13 maxAge=22} verdict=PASS
case=745 input={T=[5 28] phi=[0 26] w=[5 28] Phi=26 H=140 W=92 sumW=33} fast={maxR=64 minR=33 maxAge=64} naive={maxR=64 minR=33 maxAge=64} verdict=PASS
case=746 input={T=[3 8 32 27 5] phi=[1 2 31 10 4] w=[3 8 17 21 5] Phi=31 H=4320 W=181 sumW=54} fast={maxR=122 minR=59 maxAge=122} naive={maxR=122 minR=59 maxAge=122} verdict=PASS
case=747 input={T=[25 12] phi=[2 2] w=[25 12] Phi=2 H=300 W=76 sumW=37} fast={maxR=72 minR=37 maxAge=72} naive={maxR=72 minR=37 maxAge=72} verdict=PASS
case=748 input={T=[6 20 16 18 10] phi=[5 13 8 12 3] w=[5 20 16 8 1] Phi=13 H=720 W=153 sumW=50} fast={maxR=110 minR=59 maxAge=110} naive={maxR=110 minR=59 maxAge=110} verdict=PASS
case=749 input={T=[1 27 27 2] phi=[0 25 17 1] w=[1 27 27 2] Phi=25 H=54 W=139 sumW=57} fast={maxR=103 minR=76 maxAge=103} naive={maxR=103 minR=76 maxAge=103} verdict=PASS
case=750 input={T=[35 12 12 10 6 30] phi=[1 0 5 4 4 3] w=[31 12 12 10 1 13] Phi=5 H=420 W=215 sumW=79} fast={maxR=164 minR=95 maxAge=164} naive={maxR=164 minR=95 maxAge=164} verdict=PASS
case=751 input={T=[3 2 1 13 1 27] phi=[2 1 0 9 0 16] w=[3 2 1 13 1 27] Phi=16 H=702 W=110 sumW=47} fast={maxR=88 minR=47 maxAge=88} naive={maxR=88 minR=47 maxAge=88} verdict=PASS
case=752 input={T=[2 12 3 30 1 24] phi=[1 8 1 21 0 11] w=[2 12 3 30 1 24] Phi=21 H=120 W=165 sumW=72} fast={maxR=125 minR=78 maxAge=125} naive={maxR=125 minR=78 maxAge=125} verdict=PASS
case=753 input={T=[31 5 20 8 2] phi=[28 4 7 5 1] w=[31 5 20 8 2] Phi=28 H=1240 W=160 sumW=66} fast={maxR=124 minR=71 maxAge=124} naive={maxR=124 minR=71 maxAge=124} verdict=PASS
case=754 input={T=[33 15 2 8] phi=[11 3 1 4] w=[33 15 2 8] Phi=11 H=1320 W=127 sumW=58} fast={maxR=111 minR=60 maxAge=111} naive={maxR=111 minR=60 maxAge=111} verdict=PASS
case=755 input={T=[37 6 7] phi=[7 2 2] w=[37 6 7] Phi=7 H=1554 W=107 sumW=50} fast={maxR=97 minR=50 maxAge=97} naive={maxR=97 minR=50 maxAge=97} verdict=PASS
case=756 input={T=[20 15 6] phi=[11 4 1] w=[8 15 6] Phi=11 H=60 W=93 sumW=29} fast={maxR=61 minR=32 maxAge=61} naive={maxR=61 minR=32 maxAge=61} verdict=PASS
case=757 input={T=[14 2 22 10 5 15] phi=[1 0 19 3 2 8] w=[14 2 22 8 5 15] Phi=19 H=2310 W=155 sumW=66} fast={maxR=121 minR=70 maxAge=121} naive={maxR=121 minR=70 maxAge=121} verdict=PASS
case=758 input={T=[11 20 1 25 5 15] phi=[8 18 0 24 2 14] w=[11 20 1 17 5 15] Phi=24 H=3300 W=178 sumW=69} fast={maxR=131 minR=72 maxAge=131} naive={maxR=131 minR=72 maxAge=131} verdict=PASS
case=759 input={T=[2 2 30 15 2 27] phi=[0 1 16 6 1 18] w=[2 2 30 15 2 26] Phi=18 H=270 W=174 sumW=77} fast={maxR=138 minR=85 maxAge=138} naive={maxR=138 minR=85 maxAge=138} verdict=PASS
case=760 input={T=[34 6 1 31] phi=[5 0 0 19] w=[34 6 1 31] Phi=19 H=3162 W=163 sumW=72} fast={maxR=140 minR=73 maxAge=140} naive={maxR=140 minR=73 maxAge=140} verdict=PASS
case=761 input={T=[10 24 20 3 7 16] phi=[1 5 12 1 5 8] w=[10 16 20 3 7 16] Phi=12 H=1680 W=172 sumW=72} fast={maxR=138 minR=79 maxAge=138} naive={maxR=138 minR=79 maxAge=138} verdict=PASS
case=762 input={T=[14 24 24] phi=[9 10 20] w=[7 24 24] Phi=20 H=168 W=144 sumW=55} fast={maxR=100 minR=65 maxAge=100} naive={maxR=100 minR=65 maxAge=100} verdict=PASS
case=763 input={T=[30 21 1 30 17] phi=[28 14 0 6 8] w=[30 21 1 30 17] Phi=28 H=3570 W=226 sumW=99} fast={maxR=190 minR=115 maxAge=190} naive={maxR=190 minR=115 maxAge=190} verdict=PASS
case=764 input={T=[28 6 6 29 6] phi=[6 5 5 12 3] w=[28 3 6 26 6] Phi=12 H=2436 W=162 sumW=69} fast={maxR=136 minR=75 maxAge=136} naive={maxR=136 minR=75 maxAge=136} verdict=PASS
case=765 input={T=[24 36 7 5 15] phi=[18 10 6 2 4] w=[24 35 7 5 15] Phi=18 H=2520 W=192 sumW=86} fast={maxR=159 minR=94 maxAge=159} naive={maxR=159 minR=94 maxAge=159} verdict=PASS
case=766 input={T=[24 1 15 10 40 17] phi=[11 0 0 2 30 1] w=[18 1 15 10 33 17] Phi=30 H=2040 W=244 sumW=94} fast={maxR=180 minR=109 maxAge=180} naive={maxR=180 minR=109 maxAge=180} verdict=PASS
case=767 input={T=[8 16] phi=[1 15] w=[8 3] Phi=15 H=16 W=63 sumW=11} fast={maxR=32 minR=17 maxAge=32} naive={maxR=32 minR=17 maxAge=32} verdict=PASS
case=768 input={T=[3 32 33 3 1] phi=[0 4 32 1 0] w=[3 32 33 3 1] Phi=32 H=1056 W=176 sumW=72} fast={maxR=139 minR=74 maxAge=139} naive={maxR=139 minR=74 maxAge=139} verdict=PASS
case=769 input={T=[8 10 10 30] phi=[2 7 4 22] w=[8 10 10 30] Phi=22 H=120 W=138 sumW=58} fast={maxR=109 minR=74 maxAge=109} naive={maxR=109 minR=74 maxAge=109} verdict=PASS
case=770 input={T=[12 2 20 15 33] phi=[4 1 17 10 20] w=[1 1 20 15 33] Phi=20 H=660 W=184 sumW=70} fast={maxR=144 minR=82 maxAge=144} naive={maxR=144 minR=82 maxAge=144} verdict=PASS
case=771 input={T=[36 9 32 16 30 30] phi=[20 1 8 0 3 8] w=[36 9 32 5 30 30] Phi=20 H=1440 W=326 sumW=142} fast={maxR=257 minR=168 maxAge=257} naive={maxR=257 minR=168 maxAge=257} verdict=PASS
case=772 input={T=[38 11 7] phi=[14 0 0] w=[38 11 6] Phi=14 H=2926 W=126 sumW=55} fast={maxR=108 minR=55 maxAge=108} naive={maxR=108 minR=55 maxAge=108} verdict=PASS
case=773 input={T=[40 34] phi=[34 0] w=[24 34] Phi=34 H=680 W=182 sumW=58} fast={maxR=129 minR=58 maxAge=129} naive={maxR=129 minR=58 maxAge=129} verdict=PASS
case=774 input={T=[39 18 24 16 3] phi=[11 9 6 8 1] w=[13 18 14 11 2] Phi=11 H=1872 W=211 sumW=58} fast={maxR=144 minR=67 maxAge=144} naive={maxR=144 minR=67 maxAge=144} verdict=PASS
case=775 input={T=[38 6 30 35 15] phi=[20 5 21 33 8] w=[23 6 30 35 5] Phi=33 H=3990 W=281 sumW=99} fast={maxR=210 minR=115 maxAge=210} naive={maxR=210 minR=115 maxAge=210} verdict=PASS
case=776 input={T=[13 3 7 14 5] phi=[12 2 1 7 3] w=[13 2 7 14 5] Phi=12 H=2730 W=96 sumW=41} fast={maxR=78 minR=47 maxAge=78} naive={maxR=78 minR=47 maxAge=78} verdict=PASS
case=777 input={T=[1 5 3 20 15] phi=[0 3 1 16 4] w=[1 5 3 20 10] Phi=16 H=60 W=104 sumW=39} fast={maxR=76 minR=47 maxAge=76} naive={maxR=76 minR=47 maxAge=76} verdict=PASS
case=778 input={T=[4 14 10 16] phi=[2 13 7 3] w=[3 14 10 16] Phi=13 H=560 W=101 sumW=43} fast={maxR=80 minR=45 maxAge=80} naive={maxR=80 minR=45 maxAge=80} verdict=PASS
case=779 input={T=[6 38 38 6 1 38] phi=[3 33 31 5 0 20] w=[1 38 38 2 1 38] Phi=33 H=114 W=287 sumW=118} fast={maxR=220 minR=179 maxAge=220} naive={maxR=220 minR=179 maxAge=220} verdict=PASS
case=780 input={T=[40 20 4 25 19] phi=[15 4 1 1 15] w=[40 20 2 25 13] Phi=15 H=3800 W=231 sumW=100} fast={maxR=191 minR=114 maxAge=191} naive={maxR=191 minR=114 maxAge=191} verdict=PASS
case=781 input={T=[30 37 4 15 10] phi=[0 17 1 7 9] w=[30 37 4 15 10] Phi=17 H=2220 W=209 sumW=96} fast={maxR=168 minR=109 maxAge=168} naive={maxR=168 minR=109 maxAge=168} verdict=PASS
case=782 input={T=[17 10 21] phi=[2 7 20] w=[17 6 19] Phi=20 H=3570 W=116 sumW=42} fast={maxR=87 minR=42 maxAge=87} naive={maxR=87 minR=42 maxAge=87} verdict=PASS
case=783 input={T=[15 5 1 27 8 9] phi=[2 1 0 0 2 8] w=[15 5 1 27 2 9] Phi=8 H=1080 W=138 sumW=59} fast={maxR=116 minR=69 maxAge=116} naive={maxR=116 minR=69 maxAge=116} verdict=PASS
case=784 input={T=[27 7 25] phi=[20 2 20] w=[27 7 25] Phi=20 H=4725 W=138 sumW=59} fast={maxR=115 minR=59 maxAge=115} naive={maxR=115 minR=59 maxAge=115} verdict=PASS
case=785 input={T=[9 1 24 8] phi=[7 0 2 3] w=[9 1 24 7] Phi=7 H=72 W=91 sumW=41} fast={maxR=71 minR=42 maxAge=71} naive={maxR=71 minR=42 maxAge=71} verdict=PASS
case=786 input={T=[4 22 10 14 28] phi=[3 11 0 12 26] w=[4 10 10 14 22] Phi=26 H=1540 W=182 sumW=60} fast={maxR=116 minR=61 maxAge=116} naive={maxR=116 minR=61 maxAge=116} verdict=PASS
case=787 input={T=[21 18 24 30 10 8] phi=[18 17 19 26 0 6] w=[21 18 24 30 10 7] Phi=26 H=2520 W=248 sumW=110} fast={maxR=202 minR=125 maxAge=202} naive={maxR=202 minR=125 maxAge=202} verdict=PASS
case=788 input={T=[28 2] phi=[1 1] w=[28 1] Phi=1 H=28 W=61 sumW=29} fast={maxR=56 minR=29 maxAge=56} naive={maxR=56 minR=29 maxAge=56} verdict=PASS
case=789 input={T=[8 36 6 24 13] phi=[0 1 3 23 11] w=[8 36 5 24 13] Phi=23 H=936 W=197 sumW=86} fast={maxR=151 minR=92 maxAge=151} naive={maxR=151 minR=92 maxAge=151} verdict=PASS
case=790 input={T=[21 24] phi=[0 9] w=[21 22] Phi=9 H=168 W=99 sumW=43} fast={maxR=84 minR=43 maxAge=84} naive={maxR=84 minR=43 maxAge=84} verdict=PASS
case=791 input={T=[4 2 33 25 6] phi=[3 0 27 24 2] w=[4 2 15 25 6] Phi=27 H=3300 W=167 sumW=52} fast={maxR=116 minR=55 maxAge=116} naive={maxR=116 minR=55 maxAge=116} verdict=PASS
case=792 input={T=[15 10 27 16] phi=[11 3 23 4] w=[15 6 15 2] Phi=23 H=2160 W=159 sumW=38} fast={maxR=99 minR=42 maxAge=99} naive={maxR=99 minR=42 maxAge=99} verdict=PASS
case=793 input={T=[25 24] phi=[18 16] w=[25 24] Phi=18 H=600 W=116 sumW=49} fast={maxR=96 minR=49 maxAge=96} naive={maxR=96 minR=49 maxAge=96} verdict=PASS
case=794 input={T=[3 9 15 2 4 24] phi=[0 1 13 1 0 22] w=[3 9 15 2 1 24] Phi=22 H=360 W=136 sumW=54} fast={maxR=99 minR=58 maxAge=99} naive={maxR=99 minR=58 maxAge=99} verdict=PASS
case=795 input={T=[37 16 14] phi=[22 10 8] w=[37 16 14] Phi=22 H=4144 W=156 sumW=67} fast={maxR=130 minR=67 maxAge=130} naive={maxR=130 minR=67 maxAge=130} verdict=PASS
case=796 input={T=[15 10 24] phi=[6 2 15] w=[15 10 21] Phi=15 H=120 W=113 sumW=46} fast={maxR=89 minR=48 maxAge=89} naive={maxR=89 minR=48 maxAge=89} verdict=PASS
case=797 input={T=[8 7 35 20 2 30] phi=[5 5 5 16 0 29] w=[8 7 35 20 2 30] Phi=29 H=840 W=233 sumW=102} fast={maxR=179 minR=104 maxAge=179} naive={maxR=179 minR=104 maxAge=179} verdict=PASS
case=798 input={T=[29 16] phi=[7 7] w=[29 16] Phi=7 H=464 W=97 sumW=45} fast={maxR=88 minR=45 maxAge=88} naive={maxR=88 minR=45 maxAge=88} verdict=PASS
case=799 input={T=[12 26] phi=[6 20] w=[12 26] Phi=20 H=156 W=96 sumW=38} fast={maxR=73 minR=38 maxAge=73} naive={maxR=73 minR=38 maxAge=73} verdict=PASS
case=800 input={T=[2 6 25 3 28 28] phi=[1 2 3 1 16 6] w=[1 6 25 3 15 28] Phi=16 H=2100 W=200 sumW=78} fast={maxR=138 minR=83 maxAge=138} naive={maxR=138 minR=83 maxAge=138} verdict=PASS
case=801 input={T=[5 12 15 2 1] phi=[0 3 14 0 0] w=[5 9 15 2 1] Phi=14 H=60 W=84 sumW=32} fast={maxR=62 minR=37 maxAge=62} naive={maxR=62 minR=37 maxAge=62} verdict=PASS
case=802 input={T=[23 1 6 8 4 12] phi=[14 0 2 5 2 10] w=[23 1 6 2 1 12] Phi=14 H=552 W=122 sumW=45} fast={maxR=89 minR=56 maxAge=89} naive={maxR=89 minR=56 maxAge=89} verdict=PASS
case=803 input={T=[10 2 25 5 33] phi=[0 0 11 2 23] w=[10 1 14 5 33] Phi=23 H=1650 W=173 sumW=63} fast={maxR=126 minR=65 maxAge=126} naive={maxR=126 minR=65 maxAge=126} verdict=PASS
case=804 input={T=[7 22] phi=[3 19] w=[7 22] Phi=19 H=154 W=77 sumW=29} fast={maxR=56 minR=29 maxAge=56} naive={maxR=56 minR=29 maxAge=56} verdict=PASS
case=805 input={T=[20 10 14 2] phi=[11 3 2 0] w=[4 10 14 2] Phi=11 H=140 W=103 sumW=30} fast={maxR=70 minR=39 maxAge=70} naive={maxR=70 minR=39 maxAge=70} verdict=PASS
case=806 input={T=[1 2 20 23] phi=[0 0 11 2] w=[1 2 20 23] Phi=11 H=460 W=103 sumW=46} fast={maxR=88 minR=47 maxAge=88} naive={maxR=88 minR=47 maxAge=88} verdict=PASS
case=807 input={T=[14 2 25 30 4 10] phi=[11 0 14 1 2 8] w=[14 2 25 30 4 8] Phi=14 H=2100 W=184 sumW=83} fast={maxR=150 minR=89 maxAge=150} naive={maxR=150 minR=89 maxAge=150} verdict=PASS
case=808 input={T=[31 7 6] phi=[23 6 3] w=[21 7 4] Phi=23 H=1302 W=111 sumW=32} fast={maxR=73 minR=32 maxAge=73} naive={maxR=73 minR=32 maxAge=73} verdict=PASS
case=809 input={T=[20 18 20 36 14 30] phi=[18 2 6 21 6 22] w=[7 14 20 36 14 30] Phi=22 H=1260 W=298 sumW=121} fast={maxR=223 minR=154 maxAge=223} naive={maxR=223 minR=154 maxAge=223} verdict=PASS
case=810 input={T=[34 37] phi=[10 13] w=[34 37] Phi=13 H=1258 W=155 sumW=71} fast={maxR=140 minR=71 maxAge=140} naive={maxR=140 minR=71 maxAge=140} verdict=PASS
case=811 input={T=[28 4 3 15 3 24] phi=[21 1 1 14 0 18] w=[9 2 3 6 3 4] Phi=21 H=840 W=175 sumW=27} fast={maxR=92 minR=33 maxAge=92} naive={maxR=92 minR=33 maxAge=92} verdict=PASS
case=812 input={T=[35 14 21 15] phi=[19 6 7 9] w=[35 14 21 2] Phi=19 H=210 W=189 sumW=72} fast={maxR=136 minR=82 maxAge=136} naive={maxR=136 minR=82 maxAge=136} verdict=PASS
case=813 input={T=[16 35] phi=[7 15] w=[16 35] Phi=15 H=560 W=117 sumW=51} fast={maxR=100 minR=51 maxAge=100} naive={maxR=100 minR=51 maxAge=100} verdict=PASS
case=814 input={T=[26 2 9 9 8] phi=[25 1 7 5 1] w=[4 2 9 9 5] Phi=25 H=936 W=133 sumW=29} fast={maxR=76 minR=37 maxAge=76} naive={maxR=76 minR=37 maxAge=76} verdict=PASS
case=815 input={T=[24 2 10 19] phi=[18 1 0 11] w=[24 1 10 19] Phi=18 H=2280 W=128 sumW=54} fast={maxR=104 minR=55 maxAge=104} naive={maxR=104 minR=55 maxAge=104} verdict=PASS
case=816 input={T=[20 10 12 4] phi=[1 3 8 0] w=[3 10 5 1] Phi=8 H=60 W=100 sumW=19} fast={maxR=59 minR=32 maxAge=59} naive={maxR=59 minR=32 maxAge=59} verdict=PASS
case=817 input={T=[3 16] phi=[2 2] w=[1 11] Phi=2 H=48 W=40 sumW=12} fast={maxR=29 minR=12 maxAge=29} naive={maxR=29 minR=12 maxAge=29} verdict=PASS
case=818 input={T=[2 36 5 10 23 36] phi=[1 11 3 8 5 15] w=[2 36 5 1 23 36] Phi=15 H=4140 W=239 sumW=103} fast={maxR=185 minR=114 maxAge=185} naive={maxR=185 minR=114 maxAge=185} verdict=PASS
case=819 input={T=[17 31] phi=[7 24] w=[17 31] Phi=24 H=527 W=120 sumW=48} fast={maxR=94 minR=48 maxAge=94} naive={maxR=94 minR=48 maxAge=94} verdict=PASS
case=820 input={T=[15 3 20 1] phi=[8 0 6 0] w=[15 3 20 1] Phi=8 H=60 W=86 sumW=39} fast={maxR=73 minR=44 maxAge=73} naive={maxR=73 minR=44 maxAge=73} verdict=PASS
case=821 input={T=[6 30 7 1] phi=[4 9 3 0] w=[6 30 7 1] Phi=9 H=210 W=97 sumW=44} fast={maxR=84 minR=49 maxAge=84} naive={maxR=84 minR=49 maxAge=84} verdict=PASS
case=822 input={T=[22 16 34 1] phi=[5 0 28 0] w=[22 16 34 1] Phi=28 H=2992 W=174 sumW=73} fast={maxR=141 minR=74 maxAge=141} naive={maxR=141 minR=74 maxAge=141} verdict=PASS
case=823 input={T=[24 30] phi=[0 16] w=[24 30] Phi=16 H=120 W=124 sumW=54} fast={maxR=105 minR=58 maxAge=105} naive={maxR=105 minR=58 maxAge=105} verdict=PASS
case=824 input={T=[24 36 9 40 33 12] phi=[23 15 3 11 32 0] w=[24 10 9 40 33 12] Phi=32 H=3960 W=340 sumW=128} fast={maxR=252 minR=145 maxAge=252} naive={maxR=252 minR=145 maxAge=252} verdict=PASS
case=825 input={T=[7 12 7 8 40] phi=[5 6 4 5 5] w=[7 12 3 8 40] Phi=6 H=840 W=154 sumW=70} fast={maxR=130 minR=71 maxAge=130} naive={maxR=130 minR=71 maxAge=130} verdict=PASS
case=826 input={T=[30 8 36 2 21] phi=[14 5 8 0 16] w=[6 8 36 2 21] Phi=16 H=2520 W=210 sumW=73} fast={maxR=160 minR=77 maxAge=160} naive={maxR=160 minR=77 maxAge=160} verdict=PASS
case=827 input={T=[34 34 9 9] phi=[3 26 6 8] w=[34 34 9 9] Phi=26 H=306 W=198 sumW=86} fast={maxR=152 minR=111 maxAge=152} naive={maxR=152 minR=111 maxAge=152} verdict=PASS
case=828 input={T=[2 26 2] phi=[1 7 0] w=[2 26 1] Phi=7 H=26 W=67 sumW=29} fast={maxR=55 minR=30 maxAge=55} naive={maxR=55 minR=30 maxAge=55} verdict=PASS
case=829 input={T=[2 24 3 3 12 25] phi=[0 16 0 2 3 23] w=[2 24 3 2 12 25] Phi=23 H=600 W=161 sumW=68} fast={maxR=121 minR=74 maxAge=121} naive={maxR=121 minR=74 maxAge=121} verdict=PASS
case=830 input={T=[8 6 4] phi=[4 4 3] w=[8 6 1] Phi=4 H=24 W=40 sumW=15} fast={maxR=27 minR=16 maxAge=27} naive={maxR=27 minR=16 maxAge=27} verdict=PASS
case=831 input={T=[20 39 4] phi=[15 33 0] w=[20 39 2] Phi=33 H=780 W=159 sumW=61} fast={maxR=118 minR=63 maxAge=118} naive={maxR=118 minR=63 maxAge=118} verdict=PASS
case=832 input={T=[8 30 13 5 2 12] phi=[7 11 5 0 0 0] w=[6 30 13 5 2 9] Phi=11 H=1560 W=151 sumW=65} fast={maxR=121 minR=70 maxAge=121} naive={maxR=121 minR=70 maxAge=121} verdict=PASS
case=833 input={T=[1 24 2 19] phi=[0 16 0 18] w=[1 24 2 19] Phi=18 H=456 W=110 sumW=46} fast={maxR=87 minR=46 maxAge=87} naive={maxR=87 minR=46 maxAge=87} verdict=PASS
case=834 input={T=[8 30 9 1] phi=[0 10 1 0] w=[4 30 9 1] Phi=10 H=360 W=106 sumW=44} fast={maxR=85 minR=44 maxAge=85} naive={maxR=85 minR=44 maxAge=85} verdict=PASS
case=835 input={T=[15 22 4 7 10] phi=[10 4 3 4 2] w=[15 12 4 5 10] Phi=10 H=4620 W=126 sumW=46} fast={maxR=96 minR=47 maxAge=96} naive={maxR=96 minR=47 maxAge=96} verdict=PASS
case=836 input={T=[20 20 36 9 7] phi=[16 8 16 6 1] w=[2 17 36 9 7] Phi=16 H=1260 W=200 sumW=71} fast={maxR=149 minR=92 maxAge=149} naive={maxR=149 minR=92 maxAge=149} verdict=PASS
case=837 input={T=[1 8 30 30] phi=[0 0 7 25] w=[1 8 30 17] Phi=25 H=120 W=163 sumW=56} fast={maxR=110 minR=75 maxAge=110} naive={maxR=110 minR=75 maxAge=110} verdict=PASS
case=838 input={T=[12 22] phi=[6 7] w=[12 22] Phi=7 H=132 W=75 sumW=34} fast={maxR=66 minR=35 maxAge=66} naive={maxR=66 minR=35 maxAge=66} verdict=PASS
case=839 input={T=[25 24] phi=[19 8] w=[25 24] Phi=19 H=600 W=117 sumW=49} fast={maxR=96 minR=49 maxAge=96} naive={maxR=96 minR=49 maxAge=96} verdict=PASS
case=840 input={T=[20 3 6] phi=[7 1 2] w=[20 1 6] Phi=7 H=60 W=65 sumW=27} fast={maxR=50 minR=27 maxAge=50} naive={maxR=50 minR=27 maxAge=50} verdict=PASS
case=841 input={T=[30 30 24] phi=[17 24 6] w=[30 30 24] Phi=24 H=120 W=192 sumW=84} fast={maxR=138 minR=91 maxAge=138} naive={maxR=138 minR=91 maxAge=138} verdict=PASS
case=842 input={T=[30 40 25 8 2] phi=[26 6 4 6 1] w=[30 40 25 8 2] Phi=26 H=600 W=236 sumW=105} fast={maxR=188 minR=113 maxAge=188} naive={maxR=188 minR=113 maxAge=188} verdict=PASS
case=843 input={T=[9 15 15 8 1 9] phi=[2 3 12 7 0 4] w=[4 15 15 7 1 9] Phi=12 H=360 W=126 sumW=51} fast={maxR=91 minR=65 maxAge=91} naive={maxR=91 minR=65 maxAge=91} verdict=PASS
case=844 input={T=[23 3] phi=[5 0] w=[23 3] Phi=5 H=69 W=57 sumW=26} fast={maxR=50 minR=26 maxAge=50} naive={maxR=50 minR=26 maxAge=50} verdict=PASS
case=845 input={T=[32 5] phi=[12 2] w=[32 3] Phi=12 H=160 W=86 sumW=35} fast={maxR=70 minR=35 maxAge=70} naive={maxR=70 minR=35 maxAge=70} verdict=PASS
case=846 input={T=[7 7 29] phi=[2 0 18] w=[7 4 29] Phi=18 H=203 W=104 sumW=40} fast={maxR=79 minR=45 maxAge=79} naive={maxR=79 minR=45 maxAge=79} verdict=PASS
case=847 input={T=[5 25 20 26 5 39] phi=[0 2 17 18 0 4] w=[5 25 20 26 5 39] Phi=18 H=3900 W=258 sumW=120} fast={maxR=219 minR=130 maxAge=219} naive={maxR=219 minR=130 maxAge=219} verdict=PASS
case=848 input={T=[24 5 35] phi=[6 1 7] w=[20 5 35] Phi=7 H=840 W=135 sumW=60} fast={maxR=118 minR=61 maxAge=118} naive={maxR=118 minR=61 maxAge=118} verdict=PASS
case=849 input={T=[16 8 24] phi=[8 1 14] w=[16 6 24] Phi=14 H=48 W=110 sumW=46} fast={maxR=85 minR=54 maxAge=85} naive={maxR=85 minR=54 maxAge=85} verdict=PASS
case=850 input={T=[21 4 2 23] phi=[19 0 0 21] w=[21 3 2 23] Phi=21 H=1932 W=121 sumW=49} fast={maxR=95 minR=50 maxAge=95} naive={maxR=95 minR=50 maxAge=95} verdict=PASS
case=851 input={T=[2 9 3 23] phi=[1 6 2 21] w=[2 6 1 23] Phi=21 H=414 W=95 sumW=32} fast={maxR=65 minR=34 maxAge=65} naive={maxR=65 minR=34 maxAge=65} verdict=PASS
case=852 input={T=[8 28 3 2 16] phi=[6 26 2 0 2] w=[4 28 3 2 12] Phi=26 H=336 W=140 sumW=49} fast={maxR=95 minR=56 maxAge=95} naive={maxR=95 minR=56 maxAge=95} verdict=PASS
case=853 input={T=[10 37] phi=[2 13] w=[10 37] Phi=13 H=370 W=107 sumW=47} fast={maxR=92 minR=47 maxAge=92} naive={maxR=92 minR=47 maxAge=92} verdict=PASS
case=854 input={T=[4 24 2 4 26] phi=[2 6 0 2 15] w=[4 24 2 4 6] Phi=15 H=312 W=135 sumW=40} fast={maxR=90 minR=43 maxAge=90} naive={maxR=90 minR=43 maxAge=90} verdict=PASS
case=855 input={T=[29 10 13] phi=[24 9 3] w=[29 10 13] Phi=24 H=3770 W=128 sumW=52} fast={maxR=101 minR=52 maxAge=101} naive={maxR=101 minR=52 maxAge=101} verdict=PASS
case=856 input={T=[5 4 23 7] phi=[1 3 5 0] w=[5 4 23 7] Phi=5 H=3220 W=83 sumW=39} fast={maxR=74 minR=39 maxAge=74} naive={maxR=74 minR=39 maxAge=74} verdict=PASS
case=857 input={T=[6 16 3] phi=[4 5 0] w=[6 16 3] Phi=5 H=48 W=55 sumW=25} fast={maxR=46 minR=26 maxAge=46} naive={maxR=46 minR=26 maxAge=46} verdict=PASS
case=858 input={T=[9 21 14 8] phi=[0 5 4 2] w=[9 14 14 7] Phi=5 H=504 W=109 sumW=44} fast={maxR=91 minR=52 maxAge=91} naive={maxR=91 minR=52 maxAge=91} verdict=PASS
case=859 input={T=[16 2 9 9] phi=[3 0 1 2] w=[16 2 9 9] Phi=3 H=144 W=75 sumW=36} fast={maxR=61 minR=38 maxAge=61} naive={maxR=61 minR=38 maxAge=61} verdict=PASS
case=860 input={T=[10 2] phi=[6 1] w=[4 2] Phi=6 H=10 W=30 sumW=6} fast={maxR=16 minR=7 maxAge=16} naive={maxR=16 minR=7 maxAge=16} verdict=PASS
case=861 input={T=[4 4 12] phi=[3 1 9] w=[2 4 12] Phi=9 H=12 W=49 sumW=18} fast={maxR=29 minR=18 maxAge=29} naive={maxR=29 minR=18 maxAge=29} verdict=PASS
case=862 input={T=[16 3] phi=[7 2] w=[7 3] Phi=7 H=48 W=45 sumW=10} fast={maxR=27 minR=10 maxAge=27} naive={maxR=27 minR=10 maxAge=27} verdict=PASS
case=863 input={T=[5 10 30 40] phi=[1 2 29 35] w=[4 10 30 40] Phi=35 H=120 W=205 sumW=84} fast={maxR=158 minR=99 maxAge=158} naive={maxR=158 minR=99 maxAge=158} verdict=PASS
case=864 input={T=[5 10] phi=[1 0] w=[5 10] Phi=1 H=10 W=31 sumW=15} fast={maxR=28 minR=19 maxAge=28} naive={maxR=28 minR=19 maxAge=28} verdict=PASS
case=865 input={T=[27 12 2 29] phi=[25 3 0 16] w=[27 12 2 29] Phi=25 H=3132 W=165 sumW=70} fast={maxR=136 minR=73 maxAge=136} naive={maxR=136 minR=73 maxAge=136} verdict=PASS
case=866 input={T=[2 23 21 1 1 6] phi=[0 16 1 0 0 2] w=[2 17 21 1 1 3] Phi=16 H=966 W=124 sumW=45} fast={maxR=92 minR=47 maxAge=92} naive={maxR=92 minR=47 maxAge=92} verdict=PASS
case=867 input={T=[10 32 9] phi=[3 13 6] w=[10 32 9] Phi=13 H=1440 W=115 sumW=51} fast={maxR=98 minR=51 maxAge=98} naive={maxR=98 minR=51 maxAge=98} verdict=PASS
case=868 input={T=[20 11 7] phi=[16 4 0] w=[20 9 7] Phi=16 H=1540 W=92 sumW=36} fast={maxR=71 minR=36 maxAge=71} naive={maxR=71 minR=36 maxAge=71} verdict=PASS
case=869 input={T=[34 32 24] phi=[29 3 22] w=[12 32 24] Phi=29 H=1632 W=209 sumW=68} fast={maxR=150 minR=71 maxAge=150} naive={maxR=150 minR=71 maxAge=150} verdict=PASS
case=870 input={T=[2 2 35 16] phi=[1 1 2 6] w=[2 2 35 8] Phi=6 H=560 W=116 sumW=47} fast={maxR=96 minR=47 maxAge=96} naive={maxR=96 minR=47 maxAge=96} verdict=PASS
case=871 input={T=[33 30 20 15 5 16] phi=[7 28 5 7 1 3] w=[33 30 20 14 2 16] Phi=28 H=2640 W=266 sumW=115} fast={maxR=207 minR=134 maxAge=207} naive={maxR=207 minR=134 maxAge=207} verdict=PASS
case=872 input={T=[36 30 10] phi=[4 11 5] w=[36 19 10] Phi=11 H=180 W=163 sumW=65} fast={maxR=130 minR=71 maxAge=130} naive={maxR=130 minR=71 maxAge=130} verdict=PASS
case=873 input={T=[25 10 6 4 20] phi=[19 4 1 0 3] w=[25 10 5 2 20] Phi=19 H=300 W=149 sumW=62} fast={maxR=113 minR=64 maxAge=113} naive={maxR=113 minR=64 maxAge=113} verdict=PASS
case=874 input={T=[32 2 1 24 2] phi=[21 1 0 2 0] w=[32 1 1 24 1] Phi=21 H=96 W=143 sumW=59} fast={maxR=109 minR=62 maxAge=109} naive={maxR=109 minR=62 maxAge=109} verdict=PASS
case=875 input={T=[30 1 28 24 15] phi=[26 0 8 16 10] w=[30 1 28 24 11] Phi=26 H=840 W=222 sumW=94} fast={maxR=174 minR=100 maxAge=174} naive={maxR=174 minR=100 maxAge=174} verdict=PASS
case=876 input={T=[9 5 13 6 9] phi=[5 4 5 5 5] w=[9 5 13 6 9] Phi=5 H=1170 W=89 sumW=42} fast={maxR=71 minR=45 maxAge=71} naive={maxR=71 minR=45 maxAge=71} verdict=PASS
case=877 input={T=[34 17 10] phi=[22 16 9] w=[34 17 10] Phi=22 H=170 W=144 sumW=61} fast={maxR=114 minR=73 maxAge=114} naive={maxR=114 minR=73 maxAge=114} verdict=PASS
case=878 input={T=[9 26] phi=[6 19] w=[9 26] Phi=19 H=234 W=89 sumW=35} fast={maxR=68 minR=35 maxAge=68} naive={maxR=68 minR=35 maxAge=68} verdict=PASS
case=879 input={T=[9 30 17 36 12] phi=[7 18 9 2 8] w=[9 30 11 6 12] Phi=18 H=3060 W=226 sumW=68} fast={maxR=156 minR=76 maxAge=156} naive={maxR=156 minR=76 maxAge=156} verdict=PASS
case=880 input={T=[25 27 2] phi=[24 11 0] w=[25 27 2] Phi=24 H=1350 W=132 sumW=54} fast={maxR=105 minR=54 maxAge=105} naive={maxR=105 minR=54 maxAge=105} verdict=PASS
case=881 input={T=[22 4 6 4 3 35] phi=[11 0 0 3 2 9] w=[22 4 6 4 3 35] Phi=11 H=4620 W=159 sumW=74} fast={maxR=138 minR=76 maxAge=138} naive={maxR=138 minR=76 maxAge=138} verdict=PASS
case=882 input={T=[4 38 20 2 32] phi=[2 33 4 1 1] w=[4 38 20 1 32] Phi=33 H=3040 W=225 sumW=95} fast={maxR=186 minR=103 maxAge=186} naive={maxR=186 minR=103 maxAge=186} verdict=PASS
case=883 input={T=[20 1 6] phi=[7 0 1] w=[20 1 6] Phi=7 H=60 W=61 sumW=27} fast={maxR=51 minR=28 maxAge=51} naive={maxR=51 minR=28 maxAge=51} verdict=PASS
case=884 input={T=[9 24 27] phi=[5 20 13] w=[9 24 27] Phi=20 H=216 W=140 sumW=60} fast={maxR=115 minR=62 maxAge=115} naive={maxR=115 minR=62 maxAge=115} verdict=PASS
case=885 input={T=[39 13 9] phi=[20 5 1] w=[39 13 9] Phi=20 H=117 W=142 sumW=61} fast={maxR=118 minR=74 maxAge=118} naive={maxR=118 minR=74 maxAge=118} verdict=PASS
case=886 input={T=[16 5 9 10 9] phi=[7 1 1 0 5] w=[8 5 9 1 9] Phi=7 H=720 W=105 sumW=32} fast={maxR=71 minR=36 maxAge=71} naive={maxR=71 minR=36 maxAge=71} verdict=PASS
case=887 input={T=[30 20 10 27] phi=[24 15 8 23] w=[30 20 10 27] Phi=24 H=540 W=198 sumW=87} fast={maxR=154 minR=92 maxAge=154} naive={maxR=154 minR=92 maxAge=154} verdict=PASS
case=888 input={T=[24 16 8] phi=[18 11 6] w=[24 16 3] Phi=18 H=48 W=114 sumW=43} fast={maxR=78 minR=47 maxAge=78} naive={maxR=78 minR=47 maxAge=78} verdict=PASS
case=889 input={T=[16 8] phi=[9 4] w=[16 8] Phi=9 H=16 W=57 sumW=24} fast={maxR=42 minR=27 maxAge=42} naive={maxR=42 minR=27 maxAge=42} verdict=PASS
case=890 input={T=[7 18 9 12 4 36] phi=[4 9 5 7 0 8] w=[7 18 5 12 2 36] Phi=9 H=252 W=181 sumW=80} fast={maxR=137 minR=96 maxAge=137} naive={maxR=137 minR=96 maxAge=137} verdict=PASS
case=891 input={T=[3 27 33] phi=[0 4 1] w=[3 14 33] Phi=4 H=297 W=130 sumW=50} fast={maxR=108 minR=52 maxAge=108} naive={maxR=108 minR=52 maxAge=108} verdict=PASS
case=892 input={T=[36 22 14 12] phi=[10 13 2 2] w=[36 22 8 1] Phi=13 H=2772 W=181 sumW=67} fast={maxR=136 minR=77 maxAge=136} naive={maxR=136 minR=77 maxAge=136} verdict=PASS
case=893 input={T=[12 1] phi=[8 0] w=[12 1] Phi=8 H=12 W=34 sumW=13} fast={maxR=24 minR=13 maxAge=24} naive={maxR=24 minR=13 maxAge=24} verdict=PASS
case=894 input={T=[2 3 1 37 15] phi=[1 2 0 32 3] w=[2 3 1 37 15] Phi=32 H=1110 W=148 sumW=58} fast={maxR=111 minR=60 maxAge=111} naive={maxR=111 minR=60 maxAge=111} verdict=PASS
case=895 input={T=[30 12 12 31] phi=[8 8 6 4] w=[30 12 12 31] Phi=8 H=1860 W=178 sumW=85} fast={maxR=160 minR=95 maxAge=160} naive={maxR=160 minR=95 maxAge=160} verdict=PASS
case=896 input={T=[4 40 22 16 15 6] phi=[2 19 4 11 0 2] w=[1 40 22 10 15 6] Phi=19 H=2640 W=225 sumW=94} fast={maxR=179 minR=100 maxAge=179} naive={maxR=179 minR=100 maxAge=179} verdict=PASS
case=897 input={T=[10 30 25 2 28] phi=[7 0 16 0 17] w=[10 30 25 2 28] Phi=17 H=2100 W=207 sumW=95} fast={maxR=175 minR=100 maxAge=175} naive={maxR=175 minR=100 maxAge=175} verdict=PASS
case=898 input={T=[33 4 4] phi=[11 0 0] w=[33 4 4] Phi=11 H=132 W=93 sumW=41} fast={maxR=76 minR=41 maxAge=76} naive={maxR=76 minR=41 maxAge=76} verdict=PASS
case=899 input={T=[24 22 14] phi=[21 16 7] w=[24 22 14] Phi=21 H=1848 W=141 sumW=60} fast={maxR=117 minR=62 maxAge=117} naive={maxR=117 minR=62 maxAge=117} verdict=PASS
case=900 input={T=[6 29 10 6] phi=[1 17 1 5] w=[6 15 6 6] Phi=17 H=870 W=119 sumW=33} fast={maxR=75 minR=34 maxAge=75} naive={maxR=75 minR=34 maxAge=75} verdict=PASS
case=901 input={T=[40 37 10 4] phi=[21 28 8 3] w=[34 37 1 4] Phi=28 H=1480 W=210 sumW=76} fast={maxR=153 minR=82 maxAge=153} naive={maxR=153 minR=82 maxAge=153} verdict=PASS
case=902 input={T=[30 15 10] phi=[27 3 4] w=[30 15 10] Phi=27 H=30 W=137 sumW=55} fast={maxR=96 minR=67 maxAge=96} naive={maxR=96 minR=67 maxAge=96} verdict=PASS
case=903 input={T=[4 3] phi=[3 1] w=[4 3] Phi=3 H=12 W=17 sumW=7} fast={maxR=12 minR=7 maxAge=12} naive={maxR=12 minR=7 maxAge=12} verdict=PASS
case=904 input={T=[16 35 10] phi=[8 24 8] w=[3 29 10] Phi=24 H=560 W=146 sumW=42} fast={maxR=95 minR=42 maxAge=95} naive={maxR=95 minR=42 maxAge=95} verdict=PASS
case=905 input={T=[10 40 28 5 10 4] phi=[9 18 17 2 3 1] w=[10 40 28 5 10 4] Phi=18 H=280 W=212 sumW=97} fast={maxR=177 minR=118 maxAge=177} naive={maxR=177 minR=118 maxAge=177} verdict=PASS
case=906 input={T=[38 7] phi=[20 4] w=[38 7] Phi=20 H=266 W=110 sumW=45} fast={maxR=88 minR=45 maxAge=88} naive={maxR=88 minR=45 maxAge=88} verdict=PASS
case=907 input={T=[23 22] phi=[17 8] w=[15 22] Phi=17 H=506 W=107 sumW=37} fast={maxR=80 minR=37 maxAge=80} naive={maxR=80 minR=37 maxAge=80} verdict=PASS
case=908 input={T=[4 2 5 33 4 3] phi=[1 0 2 17 2 0] w=[4 2 5 33 4 3] Phi=17 H=660 W=119 sumW=51} fast={maxR=93 minR=52 maxAge=93} naive={maxR=93 minR=52 maxAge=93} verdict=PASS
case=909 input={T=[32 26] phi=[15 18] w=[32 26] Phi=18 H=416 W=134 sumW=58} fast={maxR=114 minR=59 maxAge=114} naive={maxR=114 minR=59 maxAge=114} verdict=PASS
case=910 input={T=[1 22 28] phi=[0 14 3] w=[1 22 28] Phi=14 H=308 W=116 sumW=51} fast={maxR=99 minR=52 maxAge=99} naive={maxR=99 minR=52 maxAge=99} verdict=PASS
case=911 input={T=[15 25 3] phi=[1 1 1] w=[14 19 3] Phi=1 H=75 W=87 sumW=36} fast={maxR=71 minR=39 maxAge=71} naive={maxR=71 minR=39 maxAge=71} verdict=PASS
case=912 input={T=[3 2 15 17 14 1] phi=[0 1 6 9 9 0] w=[3 1 15 10 10 1] Phi=9 H=3570 W=113 sumW=40} fast={maxR=85 minR=42 maxAge=85} naive={maxR=85 minR=42 maxAge=85} verdict=PASS
case=913 input={T=[2 40] phi=[0 14] w=[1 8] Phi=14 H=40 W=98 sumW=9} fast={maxR=49 minR=10 maxAge=49} naive={maxR=49 minR=10 maxAge=49} verdict=PASS
case=914 input={T=[40 5 30 24 17] phi=[30 2 12 20 2] w=[40 3 30 24 17] Phi=30 H=2040 W=262 sumW=114} fast={maxR=206 minR=135 maxAge=206} naive={maxR=206 minR=135 maxAge=206} verdict=PASS
case=915 input={T=[4 28 7 15 16 3] phi=[1 8 1 0 4 1] w=[4 28 7 1 16 3] Phi=8 H=1680 W=154 sumW=59} fast={maxR=119 minR=64 maxAge=119} naive={maxR=119 minR=64 maxAge=119} verdict=PASS
case=916 input={T=[3 10] phi=[2 0] w=[3 10] Phi=2 H=30 W=28 sumW=13} fast={maxR=24 minR=13 maxAge=24} naive={maxR=24 minR=13 maxAge=24} verdict=PASS
case=917 input={T=[19 19 36 8 9] phi=[16 8 21 0 3] w=[19 19 36 8 2] Phi=21 H=1368 W=203 sumW=84} fast={maxR=158 minR=105 maxAge=158} naive={maxR=158 minR=105 maxAge=158} verdict=PASS
case=918 input={T=[5 25 10 22 18 25] phi=[3 20 8 2 12 3] w=[5 25 7 22 18 25] Phi=20 H=4950 W=230 sumW=102} fast={maxR=189 minR=115 maxAge=189} naive={maxR=189 minR=115 maxAge=189} verdict=PASS
case=919 input={T=[38 18 1 28] phi=[21 3 0 21] w=[38 18 1 13] Phi=21 H=4788 W=191 sumW=70} fast={maxR=150 minR=71 maxAge=150} naive={maxR=150 minR=71 maxAge=150} verdict=PASS
case=920 input={T=[8 24 15] phi=[6 0 10] w=[4 24 15] Phi=10 H=120 W=104 sumW=43} fast={maxR=85 minR=50 maxAge=85} naive={maxR=85 minR=50 maxAge=85} verdict=PASS
case=921 input={T=[1 16] phi=[0 7] w=[1 16] Phi=7 H=16 W=41 sumW=17} fast={maxR=32 minR=17 maxAge=32} naive={maxR=32 minR=17 maxAge=32} verdict=PASS
case=922 input={T=[35 1 19 10] phi=[31 0 16 5] w=[35 1 1 3] Phi=31 H=1330 W=161 sumW=40} fast={maxR=101 minR=42 maxAge=101} naive={maxR=101 minR=42 maxAge=101} verdict=PASS
case=923 input={T=[26 3 15 24 5] phi=[24 1 8 16 4] w=[12 3 4 11 5] Phi=24 H=1560 W=170 sumW=35} fast={maxR=101 minR=38 maxAge=101} naive={maxR=101 minR=38 maxAge=101} verdict=PASS
case=924 input={T=[40 18 30 3 2] phi=[31 8 24 0 1] w=[40 18 30 1 2] Phi=31 H=360 W=217 sumW=91} fast={maxR=175 minR=96 maxAge=175} naive={maxR=175 minR=96 maxAge=175} verdict=PASS
case=925 input={T=[15 2 24 7 24] phi=[5 0 10 2 2] w=[15 2 24 7 24] Phi=10 H=840 W=154 sumW=72} fast={maxR=116 minR=81 maxAge=116} naive={maxR=116 minR=81 maxAge=116} verdict=PASS
case=926 input={T=[2 10 3 7] phi=[0 4 2 0] w=[2 10 2 7] Phi=4 H=210 W=48 sumW=21} fast={maxR=38 minR=21 maxAge=38} naive={maxR=38 minR=21 maxAge=38} verdict=PASS
case=927 input={T=[4 33 29] phi=[3 26 12] w=[4 33 29] Phi=26 H=3828 W=158 sumW=66} fast={maxR=129 minR=66 maxAge=129} naive={maxR=129 minR=66 maxAge=129} verdict=PASS
case=928 input={T=[15 20 1] phi=[11 8 0] w=[15 20 1] Phi=11 H=60 W=83 sumW=36} fast={maxR=67 minR=38 maxAge=67} naive={maxR=67 minR=38 maxAge=67} verdict=PASS
case=929 input={T=[10 8 6] phi=[7 6 4] w=[10 8 6] Phi=7 H=120 W=55 sumW=24} fast={maxR=44 minR=25 maxAge=44} naive={maxR=44 minR=25 maxAge=44} verdict=PASS
case=930 input={T=[4 5] phi=[3 2] w=[4 5] Phi=3 H=20 W=21 sumW=9} fast={maxR=16 minR=9 maxAge=16} naive={maxR=16 minR=9 maxAge=16} verdict=PASS
case=931 input={T=[8 40 20 32 24 15] phi=[1 9 8 27 0 6] w=[8 40 20 18 24 15] Phi=27 H=480 W=305 sumW=125} fast={maxR=229 minR=150 maxAge=229} naive={maxR=229 minR=150 maxAge=229} verdict=PASS
case=932 input={T=[15 2 24 3 37] phi=[12 0 21 1 19] w=[15 2 24 3 16] Phi=21 H=4440 W=183 sumW=60} fast={maxR=133 minR=62 maxAge=133} naive={maxR=133 minR=62 maxAge=133} verdict=PASS
case=933 input={T=[4 21 4 11 1 8] phi=[2 13 3 9 0 1] w=[4 21 2 11 1 7] Phi=13 H=1848 W=111 sumW=46} fast={maxR=85 minR=46 maxAge=85} naive={maxR=85 minR=46 maxAge=85} verdict=PASS
case=934 input={T=[8 39 8] phi=[5 10 3] w=[8 39 1] Phi=10 H=312 W=120 sumW=48} fast={maxR=94 minR=55 maxAge=94} naive={maxR=94 minR=55 maxAge=94} verdict=PASS
case=935 input={T=[1 24 11 12] phi=[0 16 3 8] w=[1 24 1 10] Phi=16 H=264 W=112 sumW=36} fast={maxR=74 minR=39 maxAge=74} naive={maxR=74 minR=39 maxAge=74} verdict=PASS
case=936 input={T=[3 25] phi=[2 8] w=[3 25] Phi=8 H=75 W=64 sumW=28} fast={maxR=54 minR=28 maxAge=54} naive={maxR=54 minR=28 maxAge=54} verdict=PASS
case=937 input={T=[35 2] phi=[11 0] w=[35 1] Phi=11 H=70 W=85 sumW=36} fast={maxR=71 minR=36 maxAge=71} naive={maxR=71 minR=36 maxAge=71} verdict=PASS
case=938 input={T=[8 25 5 16 12] phi=[7 23 0 14 11] w=[8 1 5 5 9] Phi=23 H=1200 W=155 sumW=28} fast={maxR=76 minR=29 maxAge=76} naive={maxR=76 minR=29 maxAge=76} verdict=PASS
case=939 input={T=[12 32 5 7] phi=[9 14 4 1] w=[12 9 3 2] Phi=14 H=3360 W=126 sumW=26} fast={maxR=76 minR=27 maxAge=76} naive={maxR=76 minR=27 maxAge=76} verdict=PASS
case=940 input={T=[3 25 20 28] phi=[1 18 19 7] w=[3 25 20 28] Phi=19 H=2100 W=171 sumW=76} fast={maxR=142 minR=77 maxAge=142} naive={maxR=142 minR=77 maxAge=142} verdict=PASS
case=941 input={T=[8 27] phi=[6 2] w=[5 14] Phi=6 H=216 W=76 sumW=19} fast={maxR=52 minR=19 maxAge=52} naive={maxR=52 minR=19 maxAge=52} verdict=PASS
case=942 input={T=[20 16] phi=[16 5] w=[20 10] Phi=16 H=80 W=88 sumW=30} fast={maxR=62 minR=31 maxAge=62} naive={maxR=62 minR=31 maxAge=62} verdict=PASS
case=943 input={T=[35 10] phi=[29 6] w=[24 10] Phi=29 H=70 W=119 sumW=34} fast={maxR=76 minR=37 maxAge=76} naive={maxR=76 minR=37 maxAge=76} verdict=PASS
case=944 input={T=[8 19] phi=[0 5] w=[2 19] Phi=5 H=152 W=59 sumW=21} fast={maxR=46 minR=21 maxAge=46} naive={maxR=46 minR=21 maxAge=46} verdict=PASS
case=945 input={T=[38 19 18] phi=[27 17 16] w=[38 19 18] Phi=27 H=342 W=177 sumW=75} fast={maxR=138 minR=85 maxAge=138} naive={maxR=138 minR=85 maxAge=138} verdict=PASS
case=946 input={T=[30 12 24 10 15 5] phi=[17 9 21 3 11 2] w=[30 8 5 10 15 5] Phi=21 H=120 W=213 sumW=73} fast={maxR=149 minR=90 maxAge=149} naive={maxR=149 minR=90 maxAge=149} verdict=PASS
case=947 input={T=[1 8 36] phi=[0 6 28] w=[1 8 36] Phi=28 H=72 W=118 sumW=45} fast={maxR=86 minR=47 maxAge=86} naive={maxR=86 minR=47 maxAge=86} verdict=PASS
case=948 input={T=[21 4 5 6] phi=[20 3 2 4] w=[21 4 5 6] Phi=20 H=420 W=92 sumW=36} fast={maxR=67 minR=38 maxAge=67} naive={maxR=67 minR=38 maxAge=67} verdict=PASS
case=949 input={T=[12 16 9 8 14] phi=[6 12 5 1 2] w=[12 16 2 8 14] Phi=12 H=1008 W=130 sumW=52} fast={maxR=101 minR=58 maxAge=101} naive={maxR=101 minR=58 maxAge=101} verdict=PASS
case=950 input={T=[25 37] phi=[5 26] w=[23 37] Phi=26 H=925 W=150 sumW=60} fast={maxR=120 minR=60 maxAge=120} naive={maxR=120 minR=60 maxAge=120} verdict=PASS
case=951 input={T=[21 29 2] phi=[18 26 1] w=[21 29 2] Phi=26 H=1218 W=130 sumW=52} fast={maxR=101 minR=52 maxAge=101} naive={maxR=101 minR=52 maxAge=101} verdict=PASS
case=952 input={T=[15 6 7 25] phi=[8 1 0 7] w=[15 6 7 18] Phi=8 H=1050 W=114 sumW=46} fast={maxR=91 minR=52 maxAge=91} naive={maxR=91 minR=52 maxAge=91} verdict=PASS
case=953 input={T=[29 27] phi=[3 8] w=[10 27] Phi=8 H=783 W=120 sumW=37} fast={maxR=91 minR=37 maxAge=91} naive={maxR=91 minR=37 maxAge=91} verdict=PASS
case=954 input={T=[28 4 11 16 8 3] phi=[8 3 10 14 3 2] w=[28 4 11 16 8 3] Phi=14 H=3696 W=154 sumW=70} fast={maxR=131 minR=78 maxAge=131} naive={maxR=131 minR=78 maxAge=131} verdict=PASS
case=955 input={T=[20 32] phi=[10 18] w=[20 22] Phi=18 H=160 W=122 sumW=42} fast={maxR=89 minR=42 maxAge=89} naive={maxR=89 minR=42 maxAge=89} verdict=PASS
case=956 input={T=[21 28 3 20 35 8] phi=[8 19 1 11 32 7] w=[21 28 3 20 35 8] Phi=32 H=840 W=262 sumW=115} fast={maxR=206 minR=133 maxAge=206} naive={maxR=206 minR=133 maxAge=206} verdict=PASS
case=957 input={T=[1 11] phi=[0 3] w=[1 11] Phi=3 H=11 W=27 sumW=12} fast={maxR=22 minR=12 maxAge=22} naive={maxR=22 minR=12 maxAge=22} verdict=PASS
case=958 input={T=[1 3] phi=[0 0] w=[1 2] Phi=0 H=3 W=8 sumW=3} fast={maxR=5 minR=3 maxAge=5} naive={maxR=5 minR=3 maxAge=5} verdict=PASS
case=959 input={T=[4 8 2] phi=[2 5 1] w=[4 8 1] Phi=5 H=8 W=33 sumW=13} fast={maxR=23 minR=16 maxAge=23} naive={maxR=23 minR=16 maxAge=23} verdict=PASS
case=960 input={T=[1 23 23] phi=[0 10 21] w=[1 23 23] Phi=21 H=23 W=115 sumW=47} fast={maxR=80 minR=58 maxAge=80} naive={maxR=80 minR=58 maxAge=80} verdict=PASS
case=961 input={T=[30 4 3 33] phi=[29 1 1 5] w=[30 3 3 33] Phi=29 H=660 W=169 sumW=69} fast={maxR=131 minR=72 maxAge=131} naive={maxR=131 minR=72 maxAge=131} verdict=PASS
case=962 input={T=[3 2 38 38 6] phi=[0 1 5 6 2] w=[2 2 21 4 6] Phi=6 H=114 W=180 sumW=35} fast={maxR=94 minR=53 maxAge=94} naive={maxR=94 minR=53 maxAge=94} verdict=PASS
case=963 input={T=[22 15 5 14 6] phi=[14 12 4 7 1] w=[22 15 4 14 6] Phi=14 H=2310 W=138 sumW=61} fast={maxR=114 minR=65 maxAge=114} naive={maxR=114 minR=65 maxAge=114} verdict=PASS
case=964 input={T=[11 6 34] phi=[4 0 22] w=[11 5 34] Phi=22 H=1122 W=124 sumW=50} fast={maxR=98 minR=51 maxAge=98} naive={maxR=98 minR=51 maxAge=98} verdict=PASS
case=965 input={T=[8 34 4 9 16] phi=[2 11 2 3 3] w=[8 2 4 4 16] Phi=11 H=2448 W=153 sumW=34} fast={maxR=96 minR=41 maxAge=96} naive={maxR=96 minR=41 maxAge=96} verdict=PASS
case=966 input={T=[8 23] phi=[0 17] w=[8 23] Phi=17 H=184 W=79 sumW=31} fast={maxR=60 minR=31 maxAge=60} naive={maxR=60 minR=31 maxAge=60} verdict=PASS
case=967 input={T=[3 31 36 24] phi=[0 22 7 22] w=[3 31 29 24] Phi=22 H=2232 W=210 sumW=87} fast={maxR=174 minR=97 maxAge=174} naive={maxR=174 minR=97 maxAge=174} verdict=PASS
case=968 input={T=[16 9 15] phi=[7 0 1] w=[16 6 15] Phi=7 H=720 W=87 sumW=37} fast={maxR=73 minR=38 maxAge=73} naive={maxR=73 minR=38 maxAge=73} verdict=PASS
case=969 input={T=[31 20 10 24 8 31] phi=[27 4 0 23 3 1] w=[31 20 10 24 8 31] Phi=27 H=3720 W=275 sumW=124} fast={maxR=221 minR=160 maxAge=221} naive={maxR=221 minR=160 maxAge=221} verdict=PASS
case=970 input={T=[29 1 11 10 2 29] phi=[27 0 1 3 0 8] w=[2 1 11 10 2 21] Phi=27 H=3190 W=191 sumW=47} fast={maxR=117 minR=60 maxAge=117} naive={maxR=117 minR=60 maxAge=117} verdict=PASS
case=971 input={T=[14 30 30 7 20] phi=[9 15 23 3 16] w=[14 30 30 3 20] Phi=23 H=420 W=225 sumW=97} fast={maxR=166 minR=115 maxAge=166} naive={maxR=166 minR=115 maxAge=166} verdict=PASS
case=972 input={T=[16 20 20 20 8] phi=[1 2 4 19 1] w=[9 20 20 20 8] Phi=19 H=80 W=187 sumW=77} fast={maxR=127 minR=96 maxAge=127} naive={maxR=127 minR=96 maxAge=127} verdict=PASS
case=973 input={T=[28 1 24 1 12] phi=[16 0 22 0 11] w=[28 1 8 1 12] Phi=22 H=168 W=154 sumW=50} fast={maxR=102 minR=55 maxAge=102} naive={maxR=102 minR=55 maxAge=102} verdict=PASS
case=974 input={T=[7 28] phi=[4 3] w=[7 16] Phi=4 H=28 W=74 sumW=23} fast={maxR=56 minR=29 maxAge=56} naive={maxR=56 minR=29 maxAge=56} verdict=PASS
case=975 input={T=[19 20 28] phi=[18 11 13] w=[9 20 28] Phi=18 H=2660 W=152 sumW=57} fast={maxR=120 minR=59 maxAge=120} naive={maxR=120 minR=59 maxAge=120} verdict=PASS
case=976 input={T=[27 1] phi=[1 0] w=[27 1] Phi=1 H=27 W=57 sumW=28} fast={maxR=54 minR=28 maxAge=54} naive={maxR=54 minR=28 maxAge=54} verdict=PASS
case=977 input={T=[2 22] phi=[0 11] w=[2 22] Phi=11 H=22 W=59 sumW=24} fast={maxR=46 minR=25 maxAge=46} naive={maxR=46 minR=25 maxAge=46} verdict=PASS
case=978 input={T=[15 25 25 1 27] phi=[11 17 23 0 7] w=[15 25 19 1 1] Phi=23 H=675 W=209 sumW=61} fast={maxR=128 minR=69 maxAge=128} naive={maxR=128 minR=69 maxAge=128} verdict=PASS
case=979 input={T=[38 15 8 30] phi=[31 10 2 8] w=[38 15 8 30] Phi=31 H=2280 W=213 sumW=91} fast={maxR=176 minR=97 maxAge=176} naive={maxR=176 minR=97 maxAge=176} verdict=PASS
case=980 input={T=[20 24 4] phi=[13 4 3] w=[20 2 4] Phi=13 H=120 W=109 sumW=26} fast={maxR=69 minR=30 maxAge=69} naive={maxR=69 minR=30 maxAge=69} verdict=PASS
case=981 input={T=[7 4 11 3 11 6] phi=[1 0 7 1 9 4] w=[7 4 11 3 3 6] Phi=9 H=924 W=93 sumW=34} fast={maxR=68 minR=45 maxAge=68} naive={maxR=68 minR=45 maxAge=68} verdict=PASS
case=982 input={T=[2 1] phi=[1 0] w=[2 1] Phi=1 H=2 W=7 sumW=3} fast={maxR=4 minR=3 maxAge=4} naive={maxR=4 minR=3 maxAge=4} verdict=PASS
case=983 input={T=[4 3 1 5 9] phi=[2 1 0 3 5] w=[4 3 1 5 9] Phi=5 H=180 W=49 sumW=22} fast={maxR=37 minR=23 maxAge=37} naive={maxR=37 minR=23 maxAge=37} verdict=PASS
case=984 input={T=[1 5 8 4] phi=[0 4 6 3] w=[1 2 8 2] Phi=6 H=40 W=42 sumW=13} fast={maxR=25 minR=14 maxAge=25} naive={maxR=25 minR=14 maxAge=25} verdict=PASS
case=985 input={T=[3 12] phi=[0 0] w=[3 7] Phi=0 H=12 W=30 sumW=10} fast={maxR=21 minR=10 maxAge=21} naive={maxR=21 minR=10 maxAge=21} verdict=PASS
case=986 input={T=[15 5 18 6 39 4] phi=[10 2 15 3 0 1] w=[7 5 18 6 39 4] Phi=15 H=2340 W=189 sumW=79} fast={maxR=149 minR=82 maxAge=149} naive={maxR=149 minR=82 maxAge=149} verdict=PASS
case=987 input={T=[33 30] phi=[30 24] w=[11 30] Phi=30 H=330 W=156 sumW=41} fast={maxR=101 minR=42 maxAge=101} naive={maxR=101 minR=42 maxAge=101} verdict=PASS
case=988 input={T=[36 2 24] phi=[13 0 23] w=[36 2 24] Phi=23 H=72 W=147 sumW=62} fast={maxR=117 minR=70 maxAge=117} naive={maxR=117 minR=70 maxAge=117} verdict=PASS
case=989 input={T=[10 16 8 36 24 4] phi=[6 5 6 6 12 0] w=[10 16 8 36 1 4] Phi=12 H=720 W=208 sumW=75} fast={maxR=153 minR=90 maxAge=153} naive={maxR=153 minR=90 maxAge=153} verdict=PASS
case=990 input={T=[30 36 6 24] phi=[13 8 3 1] w=[30 36 3 24] Phi=13 H=360 W=205 sumW=93} fast={maxR=167 minR=96 maxAge=167} naive={maxR=167 minR=96 maxAge=167} verdict=PASS
case=991 input={T=[14 9 32 9 14] phi=[3 1 30 8 10] w=[14 3 32 8 14] Phi=30 H=2016 W=186 sumW=71} fast={maxR=132 minR=91 maxAge=132} naive={maxR=132 minR=91 maxAge=132} verdict=PASS
case=992 input={T=[39 40] phi=[19 9] w=[39 40] Phi=19 H=1560 W=177 sumW=79} fast={maxR=156 minR=79 maxAge=156} naive={maxR=156 minR=79 maxAge=156} verdict=PASS
case=993 input={T=[17 7 27] phi=[11 0 20] w=[14 2 4] Phi=20 H=3213 W=122 sumW=20} fast={maxR=68 minR=20 maxAge=68} naive={maxR=68 minR=20 maxAge=68} verdict=PASS
case=994 input={T=[26 15 9] phi=[0 10 8] w=[26 15 9] Phi=10 H=1170 W=110 sumW=50} fast={maxR=96 minR=51 maxAge=96} naive={maxR=96 minR=51 maxAge=96} verdict=PASS
case=995 input={T=[40 10 3 39 12] phi=[8 6 2 29 4] w=[30 10 2 39 12] Phi=29 H=1560 W=237 sumW=93} fast={maxR=187 minR=104 maxAge=187} naive={maxR=187 minR=104 maxAge=187} verdict=PASS
case=996 input={T=[15 16 9 30 24 20] phi=[6 14 4 6 9 6] w=[15 16 9 30 24 11] Phi=14 H=720 W=242 sumW=105} fast={maxR=195 minR=126 maxAge=195} naive={maxR=195 minR=126 maxAge=195} verdict=PASS
case=997 input={T=[31 2] phi=[25 0] w=[31 2] Phi=25 H=62 W=91 sumW=33} fast={maxR=64 minR=33 maxAge=64} naive={maxR=64 minR=33 maxAge=64} verdict=PASS
case=998 input={T=[3 12] phi=[1 2] w=[1 12] Phi=2 H=12 W=32 sumW=13} fast={maxR=24 minR=13 maxAge=24} naive={maxR=24 minR=13 maxAge=24} verdict=PASS
case=999 input={T=[16 4 2 8 19 15] phi=[9 3 1 6 13 10] w=[16 4 2 3 19 15] Phi=13 H=4560 W=141 sumW=59} fast={maxR=113 minR=66 maxAge=113} naive={maxR=113 minR=66 maxAge=113} verdict=PASS
case=1000 input={T=[3 26] phi=[2 12] w=[1 26] Phi=12 H=78 W=70 sumW=27} fast={maxR=54 minR=27 maxAge=54} naive={maxR=54 minR=27 maxAge=54} verdict=PASS
case=1001 input={T=[1 2 14 18 12] phi=[0 1 9 0 7] w=[1 1 14 18 3] Phi=9 H=252 W=103 sumW=37} fast={maxR=75 minR=40 maxAge=75} naive={maxR=75 minR=40 maxAge=75} verdict=PASS
case=1002 input={T=[4 12 19 6 1 18] phi=[3 7 5 1 0 8] w=[4 12 19 6 1 18] Phi=8 H=684 W=128 sumW=60} fast={maxR=106 minR=65 maxAge=106} naive={maxR=106 minR=65 maxAge=106} verdict=PASS
case=1003 input={T=[24 26 18] phi=[20 0 16] w=[14 26 18] Phi=20 H=936 W=156 sumW=58} fast={maxR=121 minR=62 maxAge=121} naive={maxR=121 minR=62 maxAge=121} verdict=PASS
case=1004 input={T=[34 35 20 7] phi=[8 26 18 2] w=[27 35 20 7] Phi=26 H=2380 W=218 sumW=89} fast={maxR=174 minR=94 maxAge=174} naive={maxR=174 minR=94 maxAge=174} verdict=PASS
case=1005 input={T=[38 38] phi=[6 31] w=[38 1] Phi=31 H=38 W=183 sumW=39} fast={maxR=101 minR=64 maxAge=101} naive={maxR=101 minR=64 maxAge=101} verdict=PASS
case=1006 input={T=[13 12] phi=[0 7] w=[13 12] Phi=7 H=156 W=57 sumW=25} fast={maxR=48 minR=25 maxAge=48} naive={maxR=48 minR=25 maxAge=48} verdict=PASS
case=1007 input={T=[8 38] phi=[7 26] w=[1 38] Phi=26 H=152 W=118 sumW=39} fast={maxR=82 minR=39 maxAge=82} naive={maxR=82 minR=39 maxAge=82} verdict=PASS
case=1008 input={T=[16 11 6] phi=[15 8 5] w=[16 11 6] Phi=15 H=528 W=81 sumW=33} fast={maxR=63 minR=34 maxAge=63} naive={maxR=63 minR=34 maxAge=63} verdict=PASS
case=1009 input={T=[9 2 12 11 21] phi=[5 0 3 6 14] w=[8 2 9 9 21] Phi=14 H=2772 W=124 sumW=49} fast={maxR=98 minR=54 maxAge=98} naive={maxR=98 minR=54 maxAge=98} verdict=PASS
case=1010 input={T=[10 20 4 1 25 6] phi=[8 12 3 0 17 1] w=[6 20 4 1 25 6] Phi=17 H=300 W=149 sumW=62} fast={maxR=118 minR=75 maxAge=118} naive={maxR=118 minR=75 maxAge=118} verdict=PASS
case=1011 input={T=[15 30] phi=[2 13] w=[15 30] Phi=13 H=30 W=103 sumW=45} fast={maxR=85 minR=56 maxAge=85} naive={maxR=85 minR=56 maxAge=85} verdict=PASS
case=1012 input={T=[15 16 8 2 40 17] phi=[7 15 4 0 22 11] w=[15 15 7 1 31 17] Phi=22 H=4080 W=218 sumW=86} fast={maxR=168 minR=98 maxAge=168} naive={maxR=168 minR=98 maxAge=168} verdict=PASS
case=1013 input={T=[24 8 10 16 17 8] phi=[6 2 4 5 0 0] w=[24 8 10 16 17 8] Phi=6 H=4080 W=172 sumW=83} fast={maxR=145 minR=90 maxAge=145} naive={maxR=145 minR=90 maxAge=145} verdict=PASS
case=1014 input={T=[3 5 20 1 16 10] phi=[1 3 5 0 9 4] w=[3 1 20 1 2 3] Phi=9 H=240 W=119 sumW=30} fast={maxR=68 minR=37 maxAge=68} naive={maxR=68 minR=37 maxAge=68} verdict=PASS
case=1015 input={T=[4 3 14 4 34 9] phi=[3 0 5 0 12 3] w=[4 3 14 4 34 9] Phi=12 H=4284 W=148 sumW=68} fast={maxR=127 minR=72 maxAge=127} naive={maxR=127 minR=72 maxAge=127} verdict=PASS
case=1016 input={T=[3 6 27 19 4 9] phi=[0 1 26 0 1 0] w=[3 3 27 19 4 9] Phi=26 H=2052 W=162 sumW=65} fast={maxR=119 minR=72 maxAge=119} naive={maxR=119 minR=72 maxAge=119} verdict=PASS
case=1017 input={T=[10 18 3 4] phi=[4 14 1 2] w=[4 18 3 2] Phi=14 H=180 W=84 sumW=27} fast={maxR=57 minR=30 maxAge=57} naive={maxR=57 minR=30 maxAge=57} verdict=PASS
case=1018 input={T=[21 34] phi=[8 14] w=[21 34] Phi=14 H=714 W=124 sumW=55} fast={maxR=108 minR=55 maxAge=108} naive={maxR=108 minR=55 maxAge=108} verdict=PASS
case=1019 input={T=[15 8 24 35 24] phi=[9 3 12 15 12] w=[15 8 24 35 24] Phi=15 H=840 W=227 sumW=106} fast={maxR=179 minR=120 maxAge=179} naive={maxR=179 minR=120 maxAge=179} verdict=PASS
case=1020 input={T=[7 28] phi=[2 16] w=[7 28] Phi=16 H=28 W=86 sumW=35} fast={maxR=62 minR=35 maxAge=62} naive={maxR=62 minR=35 maxAge=62} verdict=PASS
case=1021 input={T=[36 24 31 18 4] phi=[12 8 28 13 2] w=[36 24 31 18 4] Phi=28 H=2232 W=254 sumW=113} fast={maxR=205 minR=134 maxAge=205} naive={maxR=205 minR=134 maxAge=205} verdict=PASS
case=1022 input={T=[3 16 16 4 23 16] phi=[1 6 12 1 21 15] w=[3 1 16 4 23 16] Phi=21 H=1104 W=177 sumW=63} fast={maxR=109 minR=76 maxAge=109} naive={maxR=109 minR=76 maxAge=109} verdict=PASS
case=1023 input={T=[36 10 38] phi=[33 9 12] w=[36 10 23] Phi=33 H=3420 W=201 sumW=69} fast={maxR=149 minR=70 maxAge=149} naive={maxR=149 minR=70 maxAge=149} verdict=PASS
case=1024 input={T=[30 13 36] phi=[4 9 23] w=[30 13 13] Phi=23 H=2340 W=181 sumW=56} fast={maxR=127 minR=56 maxAge=127} naive={maxR=127 minR=56 maxAge=127} verdict=PASS
case=1025 input={T=[20 12 23 1] phi=[0 3 1 0] w=[20 12 23 1] Phi=3 H=1380 W=115 sumW=56} fast={maxR=108 minR=59 maxAge=108} naive={maxR=108 minR=59 maxAge=108} verdict=PASS
case=1026 input={T=[38 1 16 4] phi=[9 0 10 3] w=[32 1 16 4] Phi=10 H=304 W=128 sumW=53} fast={maxR=105 minR=54 maxAge=105} naive={maxR=105 minR=54 maxAge=105} verdict=PASS
case=1027 input={T=[32 1 7 8 3] phi=[24 0 2 2 0] w=[32 1 7 8 3] Phi=24 H=672 W=126 sumW=51} fast={maxR=94 minR=53 maxAge=94} naive={maxR=94 minR=53 maxAge=94} verdict=PASS
case=1028 input={T=[27 14 21 27 16 24] phi=[3 0 8 7 0 14] w=[27 14 21 27 16 24] Phi=14 H=3024 W=272 sumW=129} fast={maxR=241 minR=158 maxAge=241} naive={maxR=241 minR=158 maxAge=241} verdict=PASS
case=1029 input={T=[3 39 9] phi=[1 16 5] w=[3 39 9] Phi=16 H=117 W=118 sumW=51} fast={maxR=96 minR=52 maxAge=96} naive={maxR=96 minR=52 maxAge=96} verdict=PASS
case=1030 input={T=[1 15 22 4 15] phi=[0 11 2 2 12] w=[1 5 22 4 15] Phi=12 H=660 W=126 sumW=47} fast={maxR=91 minR=47 maxAge=91} naive={maxR=91 minR=47 maxAge=91} verdict=PASS
case=1031 input={T=[9 9 25 3 35] phi=[1 2 14 0 23] w=[8 9 25 3 35] Phi=23 H=1575 W=185 sumW=80} fast={maxR=148 minR=83 maxAge=148} naive={maxR=148 minR=83 maxAge=148} verdict=PASS
case=1032 input={T=[7 25 2 25] phi=[6 11 0 1] w=[7 25 2 25] Phi=11 H=350 W=129 sumW=59} fast={maxR=102 minR=72 maxAge=102} naive={maxR=102 minR=72 maxAge=102} verdict=PASS
case=1033 input={T=[16 24 16 4 15 1] phi=[10 14 4 3 10 0] w=[7 24 16 1 15 1] Phi=14 H=240 W=166 sumW=64} fast={maxR=122 minR=78 maxAge=122} naive={maxR=122 minR=78 maxAge=122} verdict=PASS
case=1034 input={T=[25 5 11] phi=[19 3 9] w=[25 5 11] Phi=19 H=275 W=101 sumW=41} fast={maxR=79 minR=45 maxAge=79} naive={maxR=79 minR=45 maxAge=79} verdict=PASS
case=1035 input={T=[37 22 5] phi=[3 10 0] w=[37 22 1] Phi=10 H=4070 W=138 sumW=60} fast={maxR=121 minR=60 maxAge=121} naive={maxR=121 minR=60 maxAge=121} verdict=PASS
case=1036 input={T=[40 1 11 35] phi=[16 0 8 10] w=[40 1 11 35] Phi=16 H=3080 W=190 sumW=87} fast={maxR=168 minR=89 maxAge=168} naive={maxR=168 minR=89 maxAge=168} verdict=PASS
case=1037 input={T=[1 3 8 19 12] phi=[0 0 3 17 0] w=[1 2 8 3 12] Phi=17 H=456 W=103 sumW=26} fast={maxR=60 minR=28 maxAge=60} naive={maxR=60 minR=28 maxAge=60} verdict=PASS
case=1038 input={T=[35 25 4 12 35 35] phi=[7 23 2 8 13 33] w=[35 25 3 12 35 33] Phi=33 H=2100 W=325 sumW=143} fast={maxR=233 minR=199 maxAge=233} naive={maxR=233 minR=199 maxAge=233} verdict=PASS
case=1039 input={T=[10 1] phi=[1 0] w=[1 1] Phi=1 H=10 W=23 sumW=2} fast={maxR=11 minR=2 maxAge=11} naive={maxR=11 minR=2 maxAge=11} verdict=PASS
case=1040 input={T=[39 14 21] phi=[11 6 18] w=[39 14 21] Phi=18 H=546 W=166 sumW=74} fast={maxR=144 minR=79 maxAge=144} naive={maxR=144 minR=79 maxAge=144} verdict=PASS
case=1041 input={T=[14 16] phi=[3 4] w=[3 10] Phi=4 H=112 W=64 sumW=13} fast={maxR=40 minR=13 maxAge=40} naive={maxR=40 minR=13 maxAge=40} verdict=PASS
case=1042 input={T=[6 8 7 23] phi=[1 3 4 6] w=[2 8 7 23] Phi=6 H=3864 W=94 sumW=40} fast={maxR=79 minR=40 maxAge=79} naive={maxR=79 minR=40 maxAge=79} verdict=PASS
case=1043 input={T=[6 23 30 20 15] phi=[0 11 22 1 4] w=[6 23 30 20 14] Phi=22 H=1380 W=210 sumW=93} fast={maxR=167 minR=120 maxAge=167} naive={maxR=167 minR=120 maxAge=167} verdict=PASS
case=1044 input={T=[4 26 8 4] phi=[0 5 1 0] w=[4 26 8 1] Phi=5 H=104 W=89 sumW=39} fast={maxR=76 minR=45 maxAge=76} naive={maxR=76 minR=45 maxAge=76} verdict=PASS
case=1045 input={T=[10 24 14 3 40] phi=[6 23 8 1 17] w=[10 7 14 3 40] Phi=23 H=840 W=205 sumW=74} fast={maxR=150 minR=81 maxAge=150} naive={maxR=150 minR=81 maxAge=150} verdict=PASS
case=1046 input={T=[21 13 28] phi=[8 6 10] w=[18 13 28] Phi=10 H=1092 W=134 sumW=59} fast={maxR=113 minR=65 maxAge=113} naive={maxR=113 minR=65 maxAge=113} verdict=PASS
case=1047 input={T=[20 28 40 24] phi=[2 2 24 6] w=[20 28 40 15] Phi=24 H=840 W=248 sumW=103} fast={maxR=198 minR=123 maxAge=198} naive={maxR=198 minR=123 maxAge=198} verdict=PASS
case=1048 input={T=[20 18 15 30 20 20] phi=[14 8 5 15 18 13] w=[20 18 15 18 20 14] Phi=18 H=180 W=264 sumW=105} fast={maxR=192 minR=153 maxAge=192} naive={maxR=192 minR=153 maxAge=192} verdict=PASS
case=1049 input={T=[5 9 19 15] phi=[1 7 11 7] w=[5 9 19 9] Phi=11 H=855 W=107 sumW=42} fast={maxR=84 minR=45 maxAge=84} naive={maxR=84 minR=45 maxAge=84} verdict=PASS
case=1050 input={T=[8 6 16 8 5] phi=[5 4 5 2 1] w=[8 6 16 8 5] Phi=5 H=240 W=91 sumW=43} fast={maxR=77 minR=50 maxAge=77} naive={maxR=77 minR=50 maxAge=77} verdict=PASS
case=1051 input={T=[8 24 20 6 8 25] phi=[7 19 7 4 6 12] w=[8 24 3 3 8 7] Phi=19 H=600 W=201 sumW=53} fast={maxR=122 minR=63 maxAge=122} naive={maxR=122 minR=63 maxAge=122} verdict=PASS
case=1052 input={T=[7 25 1 7 10 20] phi=[2 13 0 4 9 3] w=[7 25 1 7 10 20] Phi=13 H=700 W=153 sumW=70} fast={maxR=124 minR=78 maxAge=124} naive={maxR=124 minR=78 maxAge=124} verdict=PASS
case=1053 input={T=[22 4 20 30 30 9] phi=[15 3 0 29 0 1] w=[22 4 20 26 30 9] Phi=29 H=1980 W=259 sumW=111} fast={maxR=192 minR=127 maxAge=192} naive={maxR=192 minR=127 maxAge=192} verdict=PASS
case=1054 input={T=[8 3 24] phi=[0 1 21] w=[8 3 24] Phi=21 H=24 W=91 sumW=35} fast={maxR=60 minR=37 maxAge=60} naive={maxR=60 minR=37 maxAge=60} verdict=PASS
case=1055 input={T=[11 9 10 3 9] phi=[4 4 8 2 6] w=[11 9 10 3 9] Phi=8 H=990 W=92 sumW=42} fast={maxR=76 minR=49 maxAge=76} naive={maxR=76 minR=49 maxAge=76} verdict=PASS
case=1056 input={T=[3 25 20 2 16] phi=[0 2 12 0 7] w=[1 25 20 2 4] Phi=12 H=1200 W=144 sumW=52} fast={maxR=106 minR=53 maxAge=106} naive={maxR=106 minR=53 maxAge=106} verdict=PASS
case=1057 input={T=[3 8 10 24 3] phi=[0 1 3 2 1] w=[2 6 5 24 1] Phi=3 H=120 W=99 sumW=38} fast={maxR=79 minR=47 maxAge=79} naive={maxR=79 minR=47 maxAge=79} verdict=PASS
case=1058 input={T=[24 4 20 2] phi=[3 2 7 0] w=[24 4 20 1] Phi=7 H=120 W=107 sumW=49} fast={maxR=93 minR=54 maxAge=93} naive={maxR=93 minR=54 maxAge=93} verdict=PASS
case=1059 input={T=[1 29] phi=[0 25] w=[1 29] Phi=25 H=29 W=85 sumW=30} fast={maxR=58 minR=30 maxAge=58} naive={maxR=58 minR=30 maxAge=58} verdict=PASS
case=1060 input={T=[20 16] phi=[17 13] w=[20 16] Phi=17 H=80 W=89 sumW=36} fast={maxR=67 minR=36 maxAge=67} naive={maxR=67 minR=36 maxAge=67} verdict=PASS
case=1061 input={T=[3 15 28 3 3] phi=[2 4 24 0 1] w=[3 15 28 3 3] Phi=24 H=420 W=128 sumW=52} fast={maxR=97 minR=56 maxAge=97} naive={maxR=97 minR=56 maxAge=97} verdict=PASS
case=1062 input={T=[4 25 11 10 5 10] phi=[2 12 2 2 2 2] w=[4 25 11 10 5 10] Phi=12 H=1100 W=142 sumW=65} fast={maxR=115 minR=74 maxAge=115} naive={maxR=115 minR=74 maxAge=115} verdict=PASS
case=1063 input={T=[33 2 4 16 12 22] phi=[15 0 1 11 11 0] w=[18 2 4 16 12 11] Phi=15 H=528 W=193 sumW=63} fast={maxR=138 minR=73 maxAge=138} naive={maxR=138 minR=73 maxAge=138} verdict=PASS
case=1064 input={T=[40 29 4 29] phi=[17 16 2 8] w=[21 29 2 29] Phi=17 H=1160 W=221 sumW=81} fast={maxR=167 minR=100 maxAge=167} naive={maxR=167 minR=100 maxAge=167} verdict=PASS
case=1065 input={T=[5 6] phi=[1 1] w=[5 1] Phi=1 H=30 W=23 sumW=6} fast={maxR=15 minR=6 maxAge=15} naive={maxR=15 minR=6 maxAge=15} verdict=PASS
case=1066 input={T=[35 38] phi=[11 25] w=[35 34] Phi=25 H=1330 W=171 sumW=69} fast={maxR=140 minR=69 maxAge=140} naive={maxR=140 minR=69 maxAge=140} verdict=PASS
case=1067 input={T=[7 14] phi=[2 1] w=[7 2] Phi=2 H=14 W=44 sumW=9} fast={maxR=28 minR=15 maxAge=28} naive={maxR=28 minR=15 maxAge=28} verdict=PASS
case=1068 input={T=[9 36 32 12 7 9] phi=[2 17 5 11 3 3] w=[9 36 32 12 4 9] Phi=17 H=2016 W=227 sumW=102} fast={maxR=189 minR=118 maxAge=189} naive={maxR=189 minR=118 maxAge=189} verdict=PASS
case=1069 input={T=[2 39 27] phi=[1 6 4] w=[2 39 27] Phi=6 H=702 W=142 sumW=68} fast={maxR=132 minR=69 maxAge=132} naive={maxR=132 minR=69 maxAge=132} verdict=PASS
case=1070 input={T=[7 14 7 24 6 25] phi=[5 13 0 11 4 15] w=[7 14 7 24 6 25] Phi=15 H=4200 W=181 sumW=83} fast={maxR=149 minR=90 maxAge=149} naive={maxR=149 minR=90 maxAge=149} verdict=PASS
case=1071 input={T=[6 24 2 11] phi=[4 19 0 10] w=[4 24 2 2] Phi=19 H=264 W=105 sumW=32} fast={maxR=71 minR=38 maxAge=71} naive={maxR=71 minR=38 maxAge=71} verdict=PASS
case=1072 input={T=[30 23 5 15] phi=[0 20 3 10] w=[30 23 5 6] Phi=20 H=690 W=166 sumW=64} fast={maxR=120 minR=76 maxAge=120} naive={maxR=120 minR=76 maxAge=120} verdict=PASS
case=1073 input={T=[16 8 27 8] phi=[13 6 23 7] w=[16 8 27 8] Phi=23 H=432 W=141 sumW=59} fast={maxR=105 minR=66 maxAge=105} naive={maxR=105 minR=66 maxAge=105} verdict=PASS
case=1074 input={T=[30 1 3 30 9] phi=[0 0 0 22 1] w=[30 1 1 30 3] Phi=22 H=90 W=168 sumW=65} fast={maxR=120 minR=85 maxAge=120} naive={maxR=120 minR=85 maxAge=120} verdict=PASS
case=1075 input={T=[12 7] phi=[9 6] w=[2 7] Phi=9 H=84 W=47 sumW=9} fast={maxR=26 minR=9 maxAge=26} naive={maxR=26 minR=9 maxAge=26} verdict=PASS
case=1076 input={T=[24 16 5 12] phi=[11 2 2 9] w=[24 16 4 12] Phi=11 H=240 W=125 sumW=56} fast={maxR=105 minR=70 maxAge=105} naive={maxR=105 minR=70 maxAge=105} verdict=PASS
case=1077 input={T=[16 40 15 30 24 24] phi=[11 22 14 12 11 16] w=[16 40 8 30 24 8] Phi=22 H=240 W=320 sumW=126} fast={maxR=236 minR=157 maxAge=236} naive={maxR=236 minR=157 maxAge=236} verdict=PASS
case=1078 input={T=[33 5 7 22 5] phi=[24 0 1 10 2] w=[33 5 7 22 5] Phi=24 H=2310 W=168 sumW=72} fast={maxR=136 minR=79 maxAge=136} naive={maxR=136 minR=79 maxAge=136} verdict=PASS
case=1079 input={T=[36 2] phi=[7 1] w=[36 2] Phi=7 H=36 W=83 sumW=38} fast={maxR=73 minR=38 maxAge=73} naive={maxR=73 minR=38 maxAge=73} verdict=PASS
case=1080 input={T=[18 24 22 3] phi=[7 2 12 1] w=[2 24 22 2] Phi=12 H=792 W=146 sumW=50} fast={maxR=112 minR=56 maxAge=112} naive={maxR=112 minR=56 maxAge=112} verdict=PASS
case=1081 input={T=[15 26] phi=[0 20] w=[15 26] Phi=20 H=390 W=102 sumW=41} fast={maxR=80 minR=41 maxAge=80} naive={maxR=80 minR=41 maxAge=80} verdict=PASS
case=1082 input={T=[26 12] phi=[8 1] w=[12 12] Phi=8 H=156 W=84 sumW=24} fast={maxR=60 minR=25 maxAge=60} naive={maxR=60 minR=25 maxAge=60} verdict=PASS
case=1083 input={T=[3 3] phi=[0 1] w=[1 3] Phi=1 H=3 W=13 sumW=4} fast={maxR=6 minR=4 maxAge=6} naive={maxR=6 minR=4 maxAge=6} verdict=PASS
case=1084 input={T=[2 6 1 37 8] phi=[1 0 0 10 7] w=[2 6 1 37 8] Phi=10 H=888 W=118 sumW=54} fast={maxR=103 minR=56 maxAge=103} naive={maxR=103 minR=56 maxAge=103} verdict=PASS
case=1085 input={T=[2 1 1 24 1 24] phi=[1 0 0 14 0 23] w=[2 1 1 24 1 12] Phi=23 H=24 W=129 sumW=41} fast={maxR=73 minR=50 maxAge=73} naive={maxR=73 minR=50 maxAge=73} verdict=PASS
case=1086 input={T=[30 2 14 24 8] phi=[16 0 13 7 2] w=[30 1 11 24 8] Phi=16 H=840 W=172 sumW=74} fast={maxR=139 minR=80 maxAge=139} naive={maxR=139 minR=80 maxAge=139} verdict=PASS
case=1087 input={T=[1 9 15 24] phi=[0 8 3 9] w=[1 9 5 24] Phi=9 H=360 W=107 sumW=39} fast={maxR=82 minR=41 maxAge=82} naive={maxR=82 minR=41 maxAge=82} verdict=PASS
case=1088 input={T=[6 30 1 37 12 2] phi=[5 11 0 8 7 0] w=[6 30 1 27 12 2] Phi=11 H=2220 W=187 sumW=78} fast={maxR=154 minR=83 maxAge=154} naive={maxR=154 minR=83 maxAge=154} verdict=PASS
case=1089 input={T=[25 9] phi=[3 7] w=[25 9] Phi=7 H=225 W=75 sumW=34} fast={maxR=66 minR=34 maxAge=66} naive={maxR=66 minR=34 maxAge=66} verdict=PASS
case=1090 input={T=[9 9] phi=[7 7] w=[7 9] Phi=7 H=9 W=43 sumW=16} fast={maxR=26 minR=18 maxAge=26} naive={maxR=26 minR=18 maxAge=26} verdict=PASS
case=1091 input={T=[24 5 4 37 6] phi=[16 0 0 0 4] w=[24 3 4 33 6] Phi=16 H=4440 W=168 sumW=70} fast={maxR=137 minR=72 maxAge=137} naive={maxR=137 minR=72 maxAge=137} verdict=PASS
case=1092 input={T=[8 12 29 15 30] phi=[6 0 14 6 6] w=[3 4 29 5 30] Phi=14 H=3480 W=202 sumW=71} fast={maxR=153 minR=84 maxAge=153} naive={maxR=153 minR=84 maxAge=153} verdict=PASS
case=1093 input={T=[11 2 15 7] phi=[3 0 2 5] w=[11 2 15 4] Phi=5 H=2310 W=75 sumW=32} fast={maxR=63 minR=32 maxAge=63} naive={maxR=63 minR=32 maxAge=63} verdict=PASS
case=1094 input={T=[17 10 25 5] phi=[12 4 8 1] w=[17 10 20 5] Phi=12 H=850 W=126 sumW=52} fast={maxR=104 minR=59 maxAge=104} naive={maxR=104 minR=59 maxAge=104} verdict=PASS
case=1095 input={T=[28 35 30 12] phi=[6 10 21 2] w=[28 32 30 12] Phi=21 H=420 W=231 sumW=102} fast={maxR=195 minR=120 maxAge=195} naive={maxR=195 minR=120 maxAge=195} verdict=PASS
case=1096 input={T=[36 1 7] phi=[9 0 2] w=[36 1 2] Phi=9 H=252 W=97 sumW=39} fast={maxR=80 minR=39 maxAge=80} naive={maxR=80 minR=39 maxAge=80} verdict=PASS
case=1097 input={T=[16 7] phi=[12 3] w=[16 7] Phi=12 H=112 W=58 sumW=23} fast={maxR=44 minR=23 maxAge=44} naive={maxR=44 minR=23 maxAge=44} verdict=PASS
case=1098 input={T=[20 5 1 11 35] phi=[14 0 0 5 27] w=[11 5 1 11 35] Phi=27 H=1540 W=171 sumW=63} fast={maxR=122 minR=63 maxAge=122} naive={maxR=122 minR=63 maxAge=122} verdict=PASS
case=1099 input={T=[10 20 34 8] phi=[1 12 16 7] w=[6 2 34 6] Phi=16 H=680 W=160 sumW=48} fast={maxR=111 minR=56 maxAge=111} naive={maxR=111 minR=56 maxAge=111} verdict=PASS
case=1100 input={T=[10 18 24 8 7 9] phi=[1 0 20 7 6 7] w=[9 18 24 1 7 9] Phi=20 H=2520 W=172 sumW=68} fast={maxR=122 minR=79 maxAge=122} naive={maxR=122 minR=79 maxAge=122} verdict=PASS
case=1101 input={T=[20 35 40] phi=[0 10 1] w=[20 35 22] Phi=10 H=280 W=200 sumW=77} fast={maxR=162 minR=83 maxAge=162} naive={maxR=162 minR=83 maxAge=162} verdict=PASS
case=1102 input={T=[5 22 2 8] phi=[0 20 0 1] w=[1 22 2 8] Phi=20 H=440 W=94 sumW=33} fast={maxR=65 minR=34 maxAge=65} naive={maxR=65 minR=34 maxAge=65} verdict=PASS
case=1103 input={T=[4 9 9 6 16 4] phi=[1 8 1 4 15 0] w=[2 9 9 6 13 4] Phi=15 H=144 W=111 sumW=43} fast={maxR=74 minR=47 maxAge=74} naive={maxR=74 minR=47 maxAge=74} verdict=PASS
case=1104 input={T=[21 2 38 10] phi=[4 0 31 8] w=[2 2 38 10] Phi=31 H=3990 W=173 sumW=52} fast={maxR=119 minR=54 maxAge=119} naive={maxR=119 minR=54 maxAge=119} verdict=PASS
case=1105 input={T=[9 18] phi=[7 9] w=[9 18] Phi=9 H=18 W=63 sumW=27} fast={maxR=46 minR=29 maxAge=46} naive={maxR=46 minR=29 maxAge=46} verdict=PASS
case=1106 input={T=[11 14] phi=[6 12] w=[8 14] Phi=12 H=154 W=62 sumW=22} fast={maxR=45 minR=22 maxAge=45} naive={maxR=45 minR=22 maxAge=45} verdict=PASS
case=1107 input={T=[5 7 3 30 12 21] phi=[3 2 1 27 0 18] w=[5 7 2 30 7 5] Phi=27 H=420 W=183 sumW=56} fast={maxR=119 minR=61 maxAge=119} naive={maxR=119 minR=61 maxAge=119} verdict=PASS
case=1108 input={T=[32 6] phi=[26 5] w=[32 6] Phi=26 H=96 W=102 sumW=38} fast={maxR=74 minR=39 maxAge=74} naive={maxR=74 minR=39 maxAge=74} verdict=PASS
case=1109 input={T=[21 3 10 6 7 16] phi=[6 1 3 1 6 15] w=[21 3 10 6 7 16] Phi=15 H=1680 W=141 sumW=63} fast={maxR=114 minR=72 maxAge=114} naive={maxR=114 minR=72 maxAge=114} verdict=PASS
case=1110 input={T=[25 8 13 4 20] phi=[22 7 0 2 2] w=[25 8 13 4 20] Phi=22 H=2600 W=162 sumW=70} fast={maxR=129 minR=75 maxAge=129} naive={maxR=129 minR=75 maxAge=129} verdict=PASS
case=1111 input={T=[9 6 12 10 21] phi=[6 0 8 3 17] w=[9 4 12 10 21] Phi=17 H=1260 W=133 sumW=56} fast={maxR=106 minR=62 maxAge=106} naive={maxR=106 minR=62 maxAge=106} verdict=PASS
case=1112 input={T=[2 16] phi=[0 15] w=[2 16] Phi=15 H=16 W=51 sumW=18} fast={maxR=34 minR=19 maxAge=34} naive={maxR=34 minR=19 maxAge=34} verdict=PASS
case=1113 input={T=[36 15 3 6 9 12] phi=[4 2 2 0 5 11] w=[36 15 2 6 1 12] Phi=11 H=180 W=173 sumW=72} fast={maxR=138 minR=79 maxAge=138} naive={maxR=138 minR=79 maxAge=138} verdict=PASS
case=1114 input={T=[27 24] phi=[26 11] w=[27 24] Phi=26 H=216 W=128 sumW=51} fast={maxR=98 minR=51 maxAge=98} naive={maxR=98 minR=51 maxAge=98} verdict=PASS
case=1115 input={T=[30 25 15 2] phi=[4 22 4 1] w=[30 25 15 2] Phi=22 H=150 W=166 sumW=72} fast={maxR=136 minR=77 maxAge=136} naive={maxR=136 minR=77 maxAge=136} verdict=PASS
case=1116 input={T=[4 8] phi=[1 0] w=[4 8] Phi=1 H=8 W=25 sumW=12} fast={maxR=22 minR=15 maxAge=22} naive={maxR=22 minR=15 maxAge=22} verdict=PASS
case=1117 input={T=[3 39 1 23] phi=[2 25 0 10] w=[3 17 1 23] Phi=25 H=897 W=157 sumW=44} fast={maxR=106 minR=46 maxAge=106} naive={maxR=106 minR=46 maxAge=106} verdict=PASS
case=1118 input={T=[15 30 1 2 11] phi=[13 27 0 0 5] w=[9 30 1 2 11] Phi=27 H=330 W=145 sumW=53} fast={maxR=97 minR=58 maxAge=97} naive={maxR=97 minR=58 maxAge=97} verdict=PASS
case=1119 input={T=[7 22 12 3 5] phi=[3 16 4 2 3] w=[7 22 12 3 5] Phi=16 H=4620 W=114 sumW=49} fast={maxR=91 minR=50 maxAge=91} naive={maxR=91 minR=50 maxAge=91} verdict=PASS
case=1120 input={T=[27 5 34 1 1 10] phi=[25 1 2 0 0 3] w=[27 5 34 1 1 6] Phi=25 H=4590 W=181 sumW=74} fast={maxR=145 minR=75 maxAge=145} naive={maxR=145 minR=75 maxAge=145} verdict=PASS
case=1121 input={T=[10 14 25 7 30 15] phi=[4 9 18 5 8 2] w=[10 14 25 7 30 15] Phi=18 H=1050 W=220 sumW=101} fast={maxR=187 minR=118 maxAge=187} naive={maxR=187 minR=118 maxAge=187} verdict=PASS
case=1122 input={T=[16 4 21 36] phi=[15 3 8 12] w=[16 4 21 36] Phi=15 H=1008 W=169 sumW=77} fast={maxR=144 minR=81 maxAge=144} naive={maxR=144 minR=81 maxAge=144} verdict=PASS
case=1123 input={T=[35 16] phi=[2 13] w=[35 3] Phi=13 H=560 W=115 sumW=38} fast={maxR=87 minR=38 maxAge=87} naive={maxR=87 minR=38 maxAge=87} verdict=PASS
case=1124 input={T=[10 8] phi=[7 7] w=[10 8] Phi=7 H=40 W=43 sumW=18} fast={maxR=33 minR=18 maxAge=33} naive={maxR=33 minR=18 maxAge=33} verdict=PASS
case=1125 input={T=[25 19] phi=[13 5] w=[25 15] Phi=13 H=475 W=101 sumW=40} fast={maxR=82 minR=40 maxAge=82} naive={maxR=82 minR=40 maxAge=82} verdict=PASS
case=1126 input={T=[3 2 20 32 24] phi=[2 1 18 31 11] w=[3 2 20 32 24] Phi=31 H=480 W=193 sumW=81} fast={maxR=152 minR=87 maxAge=152} naive={maxR=152 minR=87 maxAge=152} verdict=PASS
case=1127 input={T=[17 3 3] phi=[15 0 2] w=[17 3 3] Phi=15 H=51 W=61 sumW=23} fast={maxR=43 minR=25 maxAge=43} naive={maxR=43 minR=25 maxAge=43} verdict=PASS
case=1128 input={T=[12 5 40 3 4 9] phi=[9 1 37 0 1 0] w=[12 5 40 2 4 9] Phi=37 H=360 W=183 sumW=72} fast={maxR=131 minR=78 maxAge=131} naive={maxR=131 minR=78 maxAge=131} verdict=PASS
case=1129 input={T=[30 15 7 25 20 24] phi=[12 14 6 17 2 13] w=[29 15 7 25 18 24] Phi=17 H=4200 W=259 sumW=118} fast={maxR=204 minR=127 maxAge=204} naive={maxR=204 minR=127 maxAge=204} verdict=PASS
case=1130 input={T=[2 7 6] phi=[0 3 4] w=[2 7 3] Phi=4 H=42 W=34 sumW=12} fast={maxR=24 minR=13 maxAge=24} naive={maxR=24 minR=13 maxAge=24} verdict=PASS
case=1131 input={T=[10 25 20 35 25 21] phi=[6 20 4 22 6 15] w=[10 16 3 35 25 21] Phi=22 H=2100 W=294 sumW=110} fast={maxR=219 minR=132 maxAge=219} naive={maxR=219 minR=132 maxAge=219} verdict=PASS
case=1132 input={T=[14 27 13 2] phi=[7 12 5 1] w=[8 27 1 1] Phi=12 H=4914 W=124 sumW=37} fast={maxR=88 minR=37 maxAge=88} naive={maxR=88 minR=37 maxAge=88} verdict=PASS
case=1133 input={T=[24 9 20] phi=[16 6 11] w=[24 9 13] Phi=16 H=360 W=122 sumW=46} fast={maxR=95 minR=48 maxAge=95} naive={maxR=95 minR=48 maxAge=95} verdict=PASS
case=1134 input={T=[25 14 24 30] phi=[7 10 18 8] w=[25 14 15 30] Phi=18 H=4200 W=204 sumW=84} fast={maxR=170 minR=91 maxAge=170} naive={maxR=170 minR=91 maxAge=170} verdict=PASS
case=1135 input={T=[27 38 2 12] phi=[2 13 1 7] w=[27 38 2 12] Phi=13 H=2052 W=171 sumW=79} fast={maxR=151 minR=80 maxAge=151} naive={maxR=151 minR=80 maxAge=151} verdict=PASS
case=1136 input={T=[9 24 20] phi=[5 15 12] w=[9 24 19] Phi=15 H=360 W=121 sumW=52} fast={maxR=99 minR=54 maxAge=99} naive={maxR=99 minR=54 maxAge=99} verdict=PASS
case=1137 input={T=[20 1] phi=[4 0] w=[20 1] Phi=4 H=20 W=46 sumW=21} fast={maxR=40 minR=21 maxAge=40} naive={maxR=40 minR=21 maxAge=40} verdict=PASS
case=1138 input={T=[12 14 20 20 22] phi=[6 1 5 14 13] w=[12 10 20 20 22] Phi=14 H=4620 W=190 sumW=84} fast={maxR=154 minR=95 maxAge=154} naive={maxR=154 minR=95 maxAge=154} verdict=PASS
case=1139 input={T=[3 40 5] phi=[0 19 3] w=[2 40 4] Phi=19 H=120 W=115 sumW=46} fast={maxR=91 minR=50 maxAge=91} naive={maxR=91 minR=50 maxAge=91} verdict=PASS
case=1140 input={T=[18 16 39 12] phi=[4 0 36 3] w=[18 16 39 3] Phi=36 H=1872 W=206 sumW=76} fast={maxR=151 minR=80 maxAge=151} naive={maxR=151 minR=80 maxAge=151} verdict=PASS
case=1141 input={T=[4 30] phi=[2 24] w=[4 30] Phi=24 H=60 W=92 sumW=34} fast={maxR=65 minR=34 maxAge=65} naive={maxR=65 minR=34 maxAge=65} verdict=PASS
case=1142 input={T=[8 2 8 36 13 15] phi=[4 1 1 20 7 7] w=[1 2 8 36 8 15] Phi=20 H=4680 W=184 sumW=70} fast={maxR=138 minR=75 maxAge=138} naive={maxR=138 minR=75 maxAge=138} verdict=PASS
case=1143 input={T=[1 8 24 3 22] phi=[0 2 6 0 2] w=[1 8 24 1 9] Phi=6 H=264 W=122 sumW=43} fast={maxR=91 minR=48 maxAge=91} naive={maxR=91 minR=48 maxAge=91} verdict=PASS
case=1144 input={T=[12 11 8 15 9 3] phi=[1 7 0 14 7 2] w=[12 11 8 15 9 3] Phi=14 H=3960 W=130 sumW=58} fast={maxR=108 minR=61 maxAge=108} naive={maxR=108 minR=61 maxAge=108} verdict=PASS
case=1145 input={T=[36 2 8 2 10 10] phi=[26 0 0 1 0 2] w=[36 2 8 1 6 10] Phi=26 H=360 W=162 sumW=63} fast={maxR=117 minR=70 maxAge=117} naive={maxR=117 minR=70 maxAge=117} verdict=PASS
case=1146 input={T=[15 34 34 3 7] phi=[1 29 22 2 1] w=[15 34 30 3 7] Phi=29 H=3570 W=215 sumW=89} fast={maxR=169 minR=116 maxAge=169} naive={maxR=169 minR=116 maxAge=169} verdict=PASS
case=1147 input={T=[27 7 10 30] phi=[20 1 2 10] w=[7 1 2 25] Phi=20 H=1890 W=168 sumW=35} fast={maxR=101 minR=42 maxAge=101} naive={maxR=101 minR=42 maxAge=101} verdict=PASS
case=1148 input={T=[9 28] phi=[5 6] w=[9 28] Phi=6 H=252 W=80 sumW=37} fast={maxR=72 minR=37 maxAge=72} naive={maxR=72 minR=37 maxAge=72} verdict=PASS
case=1149 input={T=[30 17 20 24 1 3] phi=[20 7 5 6 0 2] w=[30 17 20 24 1 3] Phi=20 H=2040 W=210 sumW=95} fast={maxR=170 minR=105 maxAge=170} naive={maxR=170 minR=105 maxAge=170} verdict=PASS
case=1150 input={T=[30 2 27 6 4 16] phi=[6 0 25 4 1 2] w=[30 2 27 5 4 16] Phi=25 H=2160 W=195 sumW=84} fast={maxR=157 minR=90 maxAge=157} naive={maxR=157 minR=90 maxAge=157} verdict=PASS
case=1151 input={T=[8 8 5 1 16 20] phi=[5 2 3 0 6 11] w=[8 3 2 1 14 20] Phi=11 H=80 W=127 sumW=48} fast={maxR=93 minR=62 maxAge=93} naive={maxR=93 minR=62 maxAge=93} verdict=PASS
case=1152 input={T=[13 5] phi=[12 2] w=[13 4] Phi=12 H=65 W=48 sumW=17} fast={maxR=33 minR=17 maxAge=33} naive={maxR=33 minR=17 maxAge=33} verdict=PASS
case=1153 input={T=[20 25 12 7] phi=[5 2 11 4] w=[20 25 12 3] Phi=11 H=2100 W=139 sumW=60} fast={maxR=118 minR=65 maxAge=118} naive={maxR=118 minR=65 maxAge=118} verdict=PASS
case=1154 input={T=[10 21 25] phi=[9 13 19] w=[9 21 25] Phi=19 H=1050 W=131 sumW=55} fast={maxR=104 minR=55 maxAge=104} naive={maxR=104 minR=55 maxAge=104} verdict=PASS
case=1155 input={T=[6 6 3 16 3] phi=[4 1 0 11 1] w=[6 1 2 16 3] Phi=11 H=48 W=79 sumW=28} fast={maxR=53 minR=33 maxAge=53} naive={maxR=53 minR=33 maxAge=53} verdict=PASS
case=1156 input={T=[1 40] phi=[0 17] w=[1 40] Phi=17 H=40 W=99 sumW=41} fast={maxR=80 minR=41 maxAge=80} naive={maxR=80 minR=41 maxAge=80} verdict=PASS
case=1157 input={T=[25 16 3] phi=[9 0 2] w=[25 16 1] Phi=9 H=1200 W=97 sumW=42} fast={maxR=83 minR=42 maxAge=83} naive={maxR=83 minR=42 maxAge=83} verdict=PASS
case=1158 input={T=[1 2 17 2 1] phi=[0 1 9 1 0] w=[1 2 17 2 1] Phi=9 H=34 W=55 sumW=23} fast={maxR=41 minR=24 maxAge=41} naive={maxR=41 minR=24 maxAge=41} verdict=PASS
case=1159 input={T=[4 8] phi=[2 0] w=[4 8] Phi=2 H=8 W=26 sumW=12} fast={maxR=21 minR=14 maxAge=21} naive={maxR=21 minR=14 maxAge=21} verdict=PASS
case=1160 input={T=[32 4 7 9] phi=[18 3 3 7] w=[25 4 7 9] Phi=18 H=2016 W=122 sumW=45} fast={maxR=90 minR=45 maxAge=90} naive={maxR=90 minR=45 maxAge=90} verdict=PASS
case=1161 input={T=[21 15 32 10 2] phi=[14 12 14 1 0] w=[21 15 32 1 1] Phi=14 H=3360 W=174 sumW=70} fast={maxR=140 minR=73 maxAge=140} naive={maxR=140 minR=73 maxAge=140} verdict=PASS
case=1162 input={T=[38 2] phi=[26 0] w=[38 2] Phi=26 H=38 W=106 sumW=40} fast={maxR=77 minR=40 maxAge=77} naive={maxR=77 minR=40 maxAge=77} verdict=PASS
case=1163 input={T=[6 15] phi=[3 1] w=[6 1] Phi=3 H=30 W=45 sumW=7} fast={maxR=25 minR=8 maxAge=25} naive={maxR=25 minR=8 maxAge=25} verdict=PASS
case=1164 input={T=[20 39 16] phi=[13 30 8] w=[4 39 16] Phi=30 H=3120 W=180 sumW=59} fast={maxR=130 minR=59 maxAge=130} naive={maxR=130 minR=59 maxAge=130} verdict=PASS
case=1165 input={T=[8 3 16 5] phi=[3 1 2 4] w=[7 1 16 5] Phi=4 H=240 W=68 sumW=29} fast={maxR=55 minR=36 maxAge=55} naive={maxR=55 minR=36 maxAge=55} verdict=PASS
case=1166 input={T=[6 2] phi=[3 1] w=[6 2] Phi=3 H=6 W=19 sumW=8} fast={maxR=13 minR=8 maxAge=13} naive={maxR=13 minR=8 maxAge=13} verdict=PASS
case=1167 input={T=[15 40] phi=[7 4] w=[8 40] Phi=7 H=120 W=117 sumW=48} fast={maxR=101 minR=52 maxAge=101} naive={maxR=101 minR=52 maxAge=101} verdict=PASS
case=1168 input={T=[23 30 6 24] phi=[1 8 3 22] w=[23 30 4 24] Phi=22 H=2760 W=188 sumW=81} fast={maxR=154 minR=85 maxAge=154} naive={maxR=154 minR=85 maxAge=154} verdict=PASS
case=1169 input={T=[20 5 15 23] phi=[0 0 8 13] w=[20 5 15 23] Phi=13 H=1380 W=139 sumW=63} fast={maxR=117 minR=66 maxAge=117} naive={maxR=117 minR=66 maxAge=117} verdict=PASS
case=1170 input={T=[9 24 12] phi=[8 9 4] w=[4 12 12] Phi=9 H=72 W=99 sumW=28} fast={maxR=64 minR=35 maxAge=64} naive={maxR=64 minR=35 maxAge=64} verdict=PASS
case=1171 input={T=[10 3 4 3 30] phi=[6 1 3 1 24] w=[10 1 4 3 30] Phi=24 H=60 W=124 sumW=48} fast={maxR=87 minR=58 maxAge=87} naive={maxR=87 minR=58 maxAge=87} verdict=PASS
case=1172 input={T=[10 20 11 3 1] phi=[9 18 4 1 0] w=[10 20 11 1 1] Phi=18 H=660 W=108 sumW=43} fast={maxR=83 minR=52 maxAge=83} naive={maxR=83 minR=52 maxAge=83} verdict=PASS
case=1173 input={T=[20 6] phi=[8 1] w=[20 6] Phi=8 H=60 W=60 sumW=26} fast={maxR=50 minR=27 maxAge=50} naive={maxR=50 minR=27 maxAge=50} verdict=PASS
case=1174 input={T=[40 20 2 5 5] phi=[24 1 1 3 0] w=[9 12 2 5 4] Phi=24 H=40 W=168 sumW=32} fast={maxR=84 minR=45 maxAge=84} naive={maxR=84 minR=45 maxAge=84} verdict=PASS
case=1175 input={T=[3 23 20 23 5 15] phi=[1 10 6 4 2 12] w=[3 23 14 23 5 15] Phi=12 H=1380 W=190 sumW=83} fast={maxR=145 minR=89 maxAge=145} naive={maxR=145 minR=89 maxAge=145} verdict=PASS
case=1176 input={T=[5 15 15 8 8 4] phi=[2 5 6 0 7 2] w=[4 2 3 8 5 4] Phi=7 H=120 W=117 sumW=26} fast={maxR=74 minR=53 maxAge=74} naive={maxR=74 minR=53 maxAge=74} verdict=PASS
case=1177 input={T=[35 2] phi=[15 0] w=[10 2] Phi=15 H=70 W=89 sumW=12} fast={maxR=47 minR=12 maxAge=47} naive={maxR=47 minR=12 maxAge=47} verdict=PASS
case=1178 input={T=[32 10 35] phi=[29 8 33] w=[13 10 35] Phi=33 H=1120 W=187 sumW=58} fast={maxR=127 minR=58 maxAge=127} naive={maxR=127 minR=58 maxAge=127} verdict=PASS
case=1179 input={T=[16 16 24 10 14 30] phi=[7 12 15 8 10 8] w=[11 16 24 10 14 12] Phi=15 H=1680 W=235 sumW=87} fast={maxR=172 minR=111 maxAge=172} naive={maxR=172 minR=111 maxAge=172} verdict=PASS
case=1180 input={T=[37 39 6] phi=[13 2 0] w=[37 39 6] Phi=13 H=2886 W=177 sumW=82} fast={maxR=160 minR=83 maxAge=160} naive={maxR=160 minR=83 maxAge=160} verdict=PASS
case=1181 input={T=[1 1 13 21 1 12] phi=[0 0 3 1 0 3] w=[1 1 11 20 1 12] Phi=3 H=1092 W=101 sumW=46} fast={maxR=89 minR=48 maxAge=89} naive={maxR=89 minR=48 maxAge=89} verdict=PASS
case=1182 input={T=[2 22 12 36] phi=[0 10 7 11] w=[2 22 6 36] Phi=11 H=396 W=155 sumW=66} fast={maxR=132 minR=77 maxAge=132} naive={maxR=132 minR=77 maxAge=132} verdict=PASS
case=1183 input={T=[4 1 28 25 20] phi=[0 0 17 12 12] w=[4 1 10 25 20] Phi=17 H=700 W=173 sumW=60} fast={maxR=123 minR=60 maxAge=123} naive={maxR=123 minR=60 maxAge=123} verdict=PASS
case=1184 input={T=[30 30 9 7 40 12] phi=[20 21 1 2 5 5] w=[30 30 9 7 40 3] Phi=21 H=2520 W=277 sumW=119} fast={maxR=197 minR=132 maxAge=197} naive={maxR=197 minR=132 maxAge=197} verdict=PASS
case=1185 input={T=[6 5 9] phi=[3 1 1] w=[6 4 9] Phi=3 H=90 W=43 sumW=19} fast={maxR=36 minR=19 maxAge=36} naive={maxR=36 minR=19 maxAge=36} verdict=PASS
case=1186 input={T=[1 19] phi=[0 3] w=[1 19] Phi=3 H=19 W=43 sumW=20} fast={maxR=38 minR=20 maxAge=38} naive={maxR=38 minR=20 maxAge=38} verdict=PASS
case=1187 input={T=[5 24 20 16 24 3] phi=[4 4 13 5 8 1] w=[5 4 20 16 20 1] Phi=13 H=240 W=197 sumW=66} fast={maxR=129 minR=78 maxAge=129} naive={maxR=129 minR=78 maxAge=129} verdict=PASS
case=1188 input={T=[34 25 6 15] phi=[10 7 3 3] w=[1 25 6 1] Phi=10 H=2550 W=170 sumW=33} fast={maxR=105 minR=34 maxAge=105} naive={maxR=105 minR=34 maxAge=105} verdict=PASS
case=1189 input={T=[30 24 15 2] phi=[24 14 8 0] w=[30 24 15 1] Phi=24 H=120 W=166 sumW=70} fast={maxR=120 minR=75 maxAge=120} naive={maxR=120 minR=75 maxAge=120} verdict=PASS
case=1190 input={T=[2 19] phi=[0 9] w=[2 19] Phi=9 H=38 W=51 sumW=21} fast={maxR=40 minR=21 maxAge=40} naive={maxR=40 minR=21 maxAge=40} verdict=PASS
case=1191 input={T=[6 25 5 20] phi=[2 0 1 2] w=[2 25 5 20] Phi=2 H=300 W=114 sumW=52} fast={maxR=97 minR=54 maxAge=97} naive={maxR=97 minR=54 maxAge=97} verdict=PASS
case=1192 input={T=[20 23 7 7 1 10] phi=[19 4 3 6 0 1] w=[20 13 7 7 1 8] Phi=19 H=3220 W=155 sumW=56} fast={maxR=109 minR=60 maxAge=109} naive={maxR=109 minR=60 maxAge=109} verdict=PASS
case=1193 input={T=[10 1 5 26 20] phi=[3 0 3 19 14] w=[10 1 5 26 20] Phi=19 H=260 W=143 sumW=62} fast={maxR=110 minR=71 maxAge=110} naive={maxR=110 minR=71 maxAge=110} verdict=PASS
case=1194 input={T=[30 20 3 40 4 1] phi=[27 1 2 7 3 0] w=[28 20 3 40 4 1] Phi=27 H=120 W=223 sumW=96} fast={maxR=164 minR=105 maxAge=164} naive={maxR=164 minR=105 maxAge=164} verdict=PASS
case=1195 input={T=[36 18] phi=[1 6] w=[36 18] Phi=6 H=36 W=114 sumW=54} fast={maxR=94 minR=59 maxAge=94} naive={maxR=94 minR=59 maxAge=94} verdict=PASS
case=1196 input={T=[8 3 6] phi=[4 0 0] w=[8 3 6] Phi=4 H=24 W=38 sumW=17} fast={maxR=29 minR=18 maxAge=29} naive={maxR=29 minR=18 maxAge=29} verdict=PASS
case=1197 input={T=[15 12 7] phi=[3 3 6] w=[15 12 4] Phi=6 H=420 W=74 sumW=31} fast={maxR=60 minR=31 maxAge=60} naive={maxR=60 minR=31 maxAge=60} verdict=PASS
case=1198 input={T=[8 28 8 4 25] phi=[6 11 6 2 23] w=[7 28 8 4 23] Phi=23 H=1400 W=169 sumW=70} fast={maxR=130 minR=75 maxAge=130} naive={maxR=130 minR=75 maxAge=130} verdict=PASS
case=1199 input={T=[18 30 18 10 3] phi=[11 0 13 2 1] w=[18 30 18 4 2] Phi=13 H=90 W=171 sumW=72} fast={maxR=123 minR=85 maxAge=123} naive={maxR=123 minR=85 maxAge=123} verdict=PASS
case=1200 input={T=[12 3] phi=[1 2] w=[12 1] Phi=2 H=12 W=32 sumW=13} fast={maxR=25 minR=14 maxAge=25} naive={maxR=25 minR=14 maxAge=25} verdict=PASS
case=1201 input={T=[12 1 15 14 7] phi=[5 0 8 11 5] w=[8 1 5 14 7] Phi=11 H=420 W=109 sumW=35} fast={maxR=71 minR=36 maxAge=71} naive={maxR=71 minR=36 maxAge=71} verdict=PASS
case=1202 input={T=[13 21 30] phi=[1 2 23] w=[13 13 18] Phi=23 H=2730 W=151 sumW=44} fast={maxR=105 minR=46 maxAge=105} naive={maxR=105 minR=46 maxAge=105} verdict=PASS
case=1203 input={T=[38 3 7 2 7] phi=[37 1 6 1 5] w=[38 3 7 1 7] Phi=37 H=798 W=151 sumW=56} fast={maxR=106 minR=61 maxAge=106} naive={maxR=106 minR=61 maxAge=106} verdict=PASS
case=1204 input={T=[25 6 25 3 2 9] phi=[0 2 8 2 1 0] w=[24 6 25 3 2 9] Phi=8 H=450 W=148 sumW=69} fast={maxR=131 minR=74 maxAge=131} naive={maxR=131 minR=74 maxAge=131} verdict=PASS
case=1205 input={T=[8 32] phi=[7 25] w=[8 32] Phi=25 H=32 W=105 sumW=40} fast={maxR=73 minR=42 maxAge=73} naive={maxR=73 minR=42 maxAge=73} verdict=PASS
case=1206 input={T=[12 5 12 37 2] phi=[11 1 11 21 0] w=[12 5 8 37 1] Phi=21 H=2220 W=157 sumW=63} fast={maxR=117 minR=70 maxAge=117} naive={maxR=117 minR=70 maxAge=117} verdict=PASS
case=1207 input={T=[4 15 18 16 12 1] phi=[0 3 8 9 7 0] w=[1 15 18 16 6 1] Phi=9 H=720 W=141 sumW=57} fast={maxR=113 minR=66 maxAge=113} naive={maxR=113 minR=66 maxAge=113} verdict=PASS
case=1208 input={T=[7 19 25] phi=[0 14 7] w=[7 19 25] Phi=14 H=3325 W=116 sumW=51} fast={maxR=99 minR=51 maxAge=99} naive={maxR=99 minR=51 maxAge=99} verdict=PASS
case=1209 input={T=[1 22 8] phi=[0 7 6] w=[1 22 6] Phi=7 H=88 W=69 sumW=29} fast={maxR=57 minR=30 maxAge=57} naive={maxR=57 minR=30 maxAge=57} verdict=PASS
case=1210 input={T=[11 20 8 1] phi=[1 6 1 0] w=[7 20 8 1] Phi=6 H=440 W=86 sumW=36} fast={maxR=72 minR=39 maxAge=72} naive={maxR=72 minR=39 maxAge=72} verdict=PASS
case=1211 input={T=[11 5 9] phi=[9 1 2] w=[11 1 9] Phi=9 H=495 W=59 sumW=21} fast={maxR=43 minR=21 maxAge=43} naive={maxR=43 minR=21 maxAge=43} verdict=PASS
case=1212 input={T=[2 21 30 3 34] phi=[1 11 1 1 25] w=[2 21 30 2 34] Phi=25 H=3570 W=205 sumW=89} fast={maxR=171 minR=92 maxAge=171} naive={maxR=171 minR=92 maxAge=171} verdict=PASS
case=1213 input={T=[28 28 7] phi=[2 9 4] w=[28 28 7] Phi=9 H=28 W=135 sumW=63} fast={maxR=99 minR=72 maxAge=99} naive={maxR=99 minR=72 maxAge=99} verdict=PASS
case=1214 input={T=[25 25 4 3] phi=[15 15 1 0] w=[25 25 4 3] Phi=15 H=300 W=129 sumW=57} fast={maxR=86 minR=57 maxAge=86} naive={maxR=86 minR=57 maxAge=86} verdict=PASS
case=1215 input={T=[6 16 2 8 24] phi=[2 11 1 6 0] w=[6 16 2 8 24] Phi=11 H=48 W=123 sumW=56} fast={maxR=93 minR=64 maxAge=93} naive={maxR=93 minR=64 maxAge=93} verdict=PASS
case=1216 input={T=[14 3] phi=[1 2] w=[14 3] Phi=2 H=42 W=36 sumW=17} fast={maxR=32 minR=17 maxAge=32} naive={maxR=32 minR=17 maxAge=32} verdict=PASS
case=1217 input={T=[15 29 4 20] phi=[3 27 0 8] w=[2 29 4 20] Phi=27 H=1740 W=163 sumW=55} fast={maxR=114 minR=55 maxAge=114} naive={maxR=114 minR=55 maxAge=114} verdict=PASS
case=1218 input={T=[35 3] phi=[31 0] w=[14 3] Phi=31 H=105 W=107 sumW=17} fast={maxR=53 minR=17 maxAge=53} naive={maxR=53 minR=17 maxAge=53} verdict=PASS
case=1219 input={T=[15 10 40 25] phi=[11 1 0 16] w=[15 10 40 25] Phi=16 H=600 W=196 sumW=90} fast={maxR=169 minR=100 maxAge=169} naive={maxR=169 minR=100 maxAge=169} verdict=PASS
case=1220 input={T=[20 8 16 5 24 5] phi=[15 0 10 1 19 2] w=[20 8 12 5 24 5] Phi=19 H=240 W=175 sumW=74} fast={maxR=136 minR=87 maxAge=136} naive={maxR=136 minR=87 maxAge=136} verdict=PASS
case=1221 input={T=[6 35] phi=[0 14] w=[6 9] Phi=14 H=210 W=96 sumW=15} fast={maxR=54 minR=15 maxAge=54} naive={maxR=54 minR=15 maxAge=54} verdict=PASS
case=1222 input={T=[4 26 26 36 1 2] phi=[2 6 15 26 0 1] w=[2 15 26 36 1 2] Phi=26 H=468 W=216 sumW=82} fast={maxR=162 minR=103 maxAge=162} naive={maxR=162 minR=103 maxAge=162} verdict=PASS
case=1223 input={T=[27 8 5 10 8 3] phi=[19 4 2 9 7 1] w=[27 7 5 1 8 3] Phi=19 H=1080 W=141 sumW=51} fast={maxR=98 minR=57 maxAge=98} naive={maxR=98 minR=57 maxAge=98} verdict=PASS
case=1224 input={T=[34 20 30] phi=[6 4 17] w=[34 20 7] Phi=17 H=1020 W=185 sumW=61} fast={maxR=135 minR=64 maxAge=135} naive={maxR=135 minR=64 maxAge=135} verdict=PASS
case=1225 input={T=[1 4 3 9 6 2] phi=[0 2 2 2 2 1] w=[1 4 3 5 4 2] Phi=2 H=36 W=52 sumW=19} fast={maxR=35 minR=22 maxAge=35} naive={maxR=35 minR=22 maxAge=35} verdict=PASS
case=1226 input={T=[10 3 6 16 24] phi=[1 0 2 15 23] w=[2 3 6 16 24] Phi=23 H=240 W=141 sumW=51} fast={maxR=95 minR=58 maxAge=95} naive={maxR=95 minR=58 maxAge=95} verdict=PASS
case=1227 input={T=[6 25 12 40] phi=[2 23 1 3] w=[6 25 12 40] Phi=23 H=600 W=189 sumW=83} fast={maxR=160 minR=89 maxAge=160} naive={maxR=160 minR=89 maxAge=160} verdict=PASS
case=1228 input={T=[7 7 26 16] phi=[3 5 18 8] w=[7 7 26 16] Phi=18 H=1456 W=130 sumW=56} fast={maxR=103 minR=58 maxAge=103} naive={maxR=103 minR=58 maxAge=103} verdict=PASS
case=1229 input={T=[6 24 34 21] phi=[3 7 32 6] w=[6 24 34 5] Phi=32 H=2856 W=202 sumW=69} fast={maxR=148 minR=74 maxAge=148} naive={maxR=148 minR=74 maxAge=148} verdict=PASS
case=1230 input={T=[2 1 9 30 24 8] phi=[1 0 7 8 16 5] w=[2 1 8 30 24 8] Phi=16 H=360 W=164 sumW=73} fast={maxR=135 minR=82 maxAge=135} naive={maxR=135 minR=82 maxAge=135} verdict=PASS
case=1231 input={T=[10 7] phi=[9 1] w=[10 7] Phi=9 H=70 W=43 sumW=17} fast={maxR=32 minR=17 maxAge=32} naive={maxR=32 minR=17 maxAge=32} verdict=PASS
case=1232 input={T=[6 16 40 25 12 16] phi=[1 1 6 5 5 3] w=[6 16 40 25 12 16] Phi=6 H=1200 W=236 sumW=115} fast={maxR=219 minR=136 maxAge=219} naive={maxR=219 minR=136 maxAge=219} verdict=PASS
case=1233 input={T=[35 20 7 38 1 20] phi=[21 16 2 19 0 17] w=[8 1 7 38 1 20] Phi=21 H=2660 W=263 sumW=75} fast={maxR=180 minR=91 maxAge=180} naive={maxR=180 minR=91 maxAge=180} verdict=PASS
case=1234 input={T=[5 24] phi=[1 13] w=[5 12] Phi=13 H=120 W=71 sumW=17} fast={maxR=44 minR=17 maxAge=44} naive={maxR=44 minR=17 maxAge=44} verdict=PASS
case=1235 input={T=[15 30] phi=[4 24] w=[7 30] Phi=24 H=30 W=114 sumW=37} fast={maxR=79 minR=50 maxAge=79} naive={maxR=79 minR=50 maxAge=79} verdict=PASS
case=1236 input={T=[17 16 12] phi=[11 0 11] w=[4 4 12] Phi=11 H=816 W=101 sumW=20} fast={maxR=62 minR=23 maxAge=62} naive={maxR=62 minR=23 maxAge=62} verdict=PASS
case=1237 input={T=[3 15 3 2 6 37] phi=[2 11 0 0 0 20] w=[3 12 2 1 6 37] Phi=20 H=1110 W=152 sumW=61} fast={maxR=118 minR=65 maxAge=118} naive={maxR=118 minR=65 maxAge=118} verdict=PASS
case=1238 input={T=[4 33 29] phi=[0 12 9] w=[4 33 29] Phi=12 H=3828 W=144 sumW=66} fast={maxR=129 minR=66 maxAge=129} naive={maxR=129 minR=66 maxAge=129} verdict=PASS
case=1239 input={T=[12 12 5] phi=[2 8 2] w=[12 7 5] Phi=8 H=60 W=66 sumW=24} fast={maxR=45 minR=30 maxAge=45} naive={maxR=45 minR=30 maxAge=45} verdict=PASS
case=1240 input={T=[9 15 5 34 3 5] phi=[2 4 4 15 2 2] w=[9 6 5 34 3 5] Phi=15 H=1530 W=157 sumW=62} fast={maxR=124 minR=69 maxAge=124} naive={maxR=124 minR=69 maxAge=124} verdict=PASS
case=1241 input={T=[33 15] phi=[26 4] w=[22 15] Phi=26 H=165 W=122 sumW=37} fast={maxR=82 minR=38 maxAge=82} naive={maxR=82 minR=38 maxAge=82} verdict=PASS
case=1242 input={T=[28 3 29 7 1] phi=[2 2 13 2 0] w=[28 3 29 3 1] Phi=13 H=2436 W=149 sumW=64} fast={maxR=122 minR=67 maxAge=122} naive={maxR=122 minR=67 maxAge=122} verdict=PASS
case=1243 input={T=[2 38 5] phi=[0 2 0] w=[2 38 5] Phi=2 H=190 W=92 sumW=45} fast={maxR=86 minR=45 maxAge=86} naive={maxR=86 minR=45 maxAge=86} verdict=PASS
case=1244 input={T=[25 19 1] phi=[2 10 0] w=[25 19 1] Phi=10 H=475 W=100 sumW=45} fast={maxR=87 minR=45 maxAge=87} naive={maxR=87 minR=45 maxAge=87} verdict=PASS
case=1245 input={T=[7 16] phi=[4 11] w=[7 3] Phi=11 H=112 W=57 sumW=10} fast={maxR=31 minR=10 maxAge=31} naive={maxR=31 minR=10 maxAge=31} verdict=PASS
case=1246 input={T=[15 10 1 1 36] phi=[6 6 0 0 34] w=[15 10 1 1 32] Phi=34 H=180 W=160 sumW=59} fast={maxR=110 minR=63 maxAge=110} naive={maxR=110 minR=63 maxAge=110} verdict=PASS
case=1247 input={T=[15 28 20] phi=[13 12 16] w=[15 28 20] Phi=16 H=420 W=142 sumW=63} fast={maxR=117 minR=63 maxAge=117} naive={maxR=117 minR=63 maxAge=117} verdict=PASS
case=1248 input={T=[33 22 11] phi=[30 19 4] w=[33 22 11] Phi=30 H=66 W=162 sumW=66} fast={maxR=116 minR=73 maxAge=116} naive={maxR=116 minR=73 maxAge=116} verdict=PASS
case=1249 input={T=[23 20 24] phi=[15 17 18] w=[23 20 24] Phi=18 H=2760 W=152 sumW=67} fast={maxR=129 minR=68 maxAge=129} naive={maxR=129 minR=68 maxAge=129} verdict=PASS
case=1250 input={T=[8 9] phi=[5 3] w=[8 7] Phi=5 H=72 W=39 sumW=15} fast={maxR=30 minR=15 maxAge=30} naive={maxR=30 minR=15 maxAge=30} verdict=PASS
case=1251 input={T=[15 5 16] phi=[3 1 10] w=[15 4 16] Phi=10 H=240 W=82 sumW=35} fast={maxR=67 minR=38 maxAge=67} naive={maxR=67 minR=38 maxAge=67} verdict=PASS
case=1252 input={T=[25 10 30 15 17] phi=[4 7 3 11 7] w=[25 10 30 4 14] Phi=11 H=2550 W=205 sumW=83} fast={maxR=165 minR=100 maxAge=165} naive={maxR=165 minR=100 maxAge=165} verdict=PASS
case=1253 input={T=[8 28 18] phi=[4 24 10] w=[2 28 18] Phi=24 H=504 W=132 sumW=48} fast={maxR=97 minR=50 maxAge=97} naive={maxR=97 minR=50 maxAge=97} verdict=PASS
case=1254 input={T=[1 5 25 22] phi=[0 2 7 12] w=[1 4 25 22] Phi=12 H=550 W=118 sumW=52} fast={maxR=98 minR=53 maxAge=98} naive={maxR=98 minR=53 maxAge=98} verdict=PASS
case=1255 input={T=[17 15 20] phi=[4 8 2] w=[1 15 20] Phi=8 H=1020 W=112 sumW=36} fast={maxR=85 minR=40 maxAge=85} naive={maxR=85 minR=40 maxAge=85} verdict=PASS
case=1256 input={T=[6 32 10] phi=[5 8 9] w=[6 32 4] Phi=9 H=480 W=105 sumW=42} fast={maxR=87 minR=44 maxAge=87} naive={maxR=87 minR=44 maxAge=87} verdict=PASS
case=1257 input={T=[36 24 30 28 20] phi=[12 19 3 25 6] w=[34 15 1 28 20] Phi=25 H=2520 W=301 sumW=98} fast={maxR=221 minR=122 maxAge=221} naive={maxR=221 minR=122 maxAge=221} verdict=PASS
case=1258 input={T=[21 1 6 4] phi=[14 0 5 3] w=[21 1 6 4] Phi=14 H=84 W=78 sumW=32} fast={maxR=59 minR=34 maxAge=59} naive={maxR=59 minR=34 maxAge=59} verdict=PASS
case=1259 input={T=[5 2 22 18 40] phi=[1 1 6 7 1] w=[5 2 22 4 40] Phi=7 H=3960 W=181 sumW=73} fast={maxR=154 minR=75 maxAge=154} naive={maxR=154 minR=75 maxAge=154} verdict=PASS
case=1260 input={T=[34 36 2 18 17 32] phi=[17 25 0 2 16 16] w=[20 10 2 18 17 32] Phi=25 H=4896 W=303 sumW=99} fast={maxR=214 minR=117 maxAge=214} naive={maxR=214 minR=117 maxAge=214} verdict=PASS
case=1261 input={T=[12 21 15] phi=[6 12 3] w=[12 21 15] Phi=12 H=420 W=108 sumW=48} fast={maxR=89 minR=48 maxAge=89} naive={maxR=89 minR=48 maxAge=89} verdict=PASS
case=1262 input={T=[15 3 38] phi=[7 1 27] w=[15 3 11] Phi=27 H=570 W=139 sumW=29} fast={maxR=80 minR=29 maxAge=80} naive={maxR=80 minR=29 maxAge=80} verdict=PASS
case=1263 input={T=[19 5 8 1] phi=[11 2 0 0] w=[19 5 8 1] Phi=11 H=760 W=77 sumW=33} fast={maxR=62 minR=33 maxAge=62} naive={maxR=62 minR=33 maxAge=62} verdict=PASS
case=1264 input={T=[12 10] phi=[1 1] w=[11 10] Phi=1 H=60 W=45 sumW=21} fast={maxR=41 minR=22 maxAge=41} naive={maxR=41 minR=22 maxAge=41} verdict=PASS
case=1265 input={T=[20 2 31] phi=[17 0 25] w=[4 1 31] Phi=25 H=620 W=131 sumW=36} fast={maxR=86 minR=37 maxAge=86} naive={maxR=86 minR=37 maxAge=86} verdict=PASS
case=1266 input={T=[3 11] phi=[2 9] w=[3 3] Phi=9 H=33 W=37 sumW=6} fast={maxR=18 minR=6 maxAge=18} naive={maxR=18 minR=6 maxAge=18} verdict=PASS
case=1267 input={T=[36 16 18 13] phi=[8 15 17 3] w=[13 16 12 10] Phi=17 H=1872 W=183 sumW=51} fast={maxR=114 minR=67 maxAge=114} naive={maxR=114 minR=67 maxAge=114} verdict=PASS
case=1268 input={T=[5 25 32 30 20 25] phi=[2 2 11 8 14 7] w=[5 25 32 26 14 25] Phi=14 H=2400 W=288 sumW=127} fast={maxR=234 minR=135 maxAge=234} naive={maxR=234 minR=135 maxAge=234} verdict=PASS
case=1269 input={T=[3 13 37] phi=[0 5 20] w=[1 13 5] Phi=20 H=1443 W=126 sumW=19} fast={maxR=69 minR=19 maxAge=69} naive={maxR=69 minR=19 maxAge=69} verdict=PASS
case=1270 input={T=[24 39 16 12 14 8] phi=[0 38 13 2 8 4] w=[24 39 16 12 14 2] Phi=38 H=4368 W=264 sumW=107} fast={maxR=197 minR=118 maxAge=197} naive={maxR=197 minR=118 maxAge=197} verdict=PASS
case=1271 input={T=[15 24 27 1] phi=[1 11 4 0] w=[15 24 27 1] Phi=11 H=1080 W=145 sumW=67} fast={maxR=129 minR=70 maxAge=129} naive={maxR=129 minR=70 maxAge=129} verdict=PASS
case=1272 input={T=[4 28] phi=[0 3] w=[4 28] Phi=3 H=28 W=67 sumW=32} fast={maxR=62 minR=35 maxAge=62} naive={maxR=62 minR=35 maxAge=62} verdict=PASS
case=1273 input={T=[10 15 26 16 16] phi=[3 5 2 9 12] w=[10 3 16 1 16] Phi=12 H=3120 W=178 sumW=46} fast={maxR=108 minR=51 maxAge=108} naive={maxR=108 minR=51 maxAge=108} verdict=PASS
case=1274 input={T=[5 9 9 23] phi=[4 8 8 17] w=[5 9 5 23] Phi=17 H=1035 W=109 sumW=42} fast={maxR=76 minR=42 maxAge=76} naive={maxR=76 minR=42 maxAge=76} verdict=PASS
case=1275 input={T=[28 3] phi=[9 1] w=[28 3] Phi=9 H=84 W=71 sumW=31} fast={maxR=60 minR=31 maxAge=60} naive={maxR=60 minR=31 maxAge=60} verdict=PASS
case=1276 input={T=[29 30 3] phi=[15 26 1] w=[29 30 2] Phi=26 H=870 W=150 sumW=61} fast={maxR=120 minR=63 maxAge=120} naive={maxR=120 minR=63 maxAge=120} verdict=PASS
case=1277 input={T=[27 3 12 10 30 4] phi=[4 1 1 2 5 0] w=[26 3 12 10 15 4] Phi=5 H=540 W=177 sumW=70} fast={maxR=136 minR=77 maxAge=136} naive={maxR=136 minR=77 maxAge=136} verdict=PASS
case=1278 input={T=[4 31] phi=[2 29] w=[1 31] Phi=29 H=124 W=99 sumW=32} fast={maxR=65 minR=32 maxAge=65} naive={maxR=65 minR=32 maxAge=65} verdict=PASS
case=1279 input={T=[7 33 16] phi=[2 21 12] w=[3 33 6] Phi=21 H=3696 W=133 sumW=42} fast={maxR=95 minR=42 maxAge=95} naive={maxR=95 minR=42 maxAge=95} verdict=PASS
case=1280 input={T=[16 30 16 2 15 9] phi=[10 4 12 1 0 8] w=[5 30 16 2 15 9] Phi=12 H=720 W=188 sumW=77} fast={maxR=146 minR=96 maxAge=146} naive={maxR=146 minR=96 maxAge=146} verdict=PASS
case=1281 input={T=[7 3 13 10 6] phi=[1 0 3 7 0] w=[7 3 11 10 5] Phi=7 H=2730 W=85 sumW=36} fast={maxR=68 minR=39 maxAge=68} naive={maxR=68 minR=39 maxAge=68} verdict=PASS
case=1282 input={T=[9 12 24 6 24] phi=[8 7 14 2 15] w=[4 12 24 6 24] Phi=15 H=72 W=165 sumW=70} fast={maxR=126 minR=97 maxAge=126} naive={maxR=126 minR=97 maxAge=126} verdict=PASS
case=1283 input={T=[2 18] phi=[0 17] w=[2 8] Phi=17 H=18 W=57 sumW=10} fast={maxR=28 minR=11 maxAge=28} naive={maxR=28 minR=11 maxAge=28} verdict=PASS
case=1284 input={T=[4 12] phi=[0 9] w=[4 12] Phi=9 H=12 W=41 sumW=16} fast={maxR=28 minR=17 maxAge=28} naive={maxR=28 minR=17 maxAge=28} verdict=PASS
case=1285 input={T=[30 38 9 9 30] phi=[5 36 8 1 9] w=[30 38 9 9 30] Phi=36 H=1710 W=268 sumW=116} fast={maxR=213 minR=124 maxAge=213} naive={maxR=213 minR=124 maxAge=213} verdict=PASS
case=1286 input={T=[6 12 24 31 5] phi=[4 0 15 13 2] w=[6 4 24 31 5] Phi=15 H=3720 W=171 sumW=70} fast={maxR=140 minR=83 maxAge=140} naive={maxR=140 minR=83 maxAge=140} verdict=PASS
case=1287 input={T=[9 15 16 1] phi=[0 11 15 0] w=[9 15 16 1] Phi=15 H=720 W=97 sumW=41} fast={maxR=78 minR=43 maxAge=78} naive={maxR=78 minR=43 maxAge=78} verdict=PASS
case=1288 input={T=[9 5 16] phi=[6 0 10] w=[9 5 16] Phi=10 H=720 W=70 sumW=30} fast={maxR=57 minR=30 maxAge=57} naive={maxR=57 minR=30 maxAge=57} verdict=PASS
case=1289 input={T=[5 16 5 32] phi=[4 9 0 13] w=[5 16 5 32] Phi=13 H=160 W=129 sumW=58} fast={maxR=108 minR=73 maxAge=108} naive={maxR=108 minR=73 maxAge=108} verdict=PASS
case=1290 input={T=[22 20 28 7] phi=[13 7 2 6] w=[22 8 28 7] Phi=13 H=1540 W=167 sumW=65} fast={maxR=135 minR=72 maxAge=135} naive={maxR=135 minR=72 maxAge=135} verdict=PASS
case=1291 input={T=[15 13 18 4] phi=[0 11 12 0] w=[15 13 4 4] Phi=12 H=2340 W=112 sumW=36} fast={maxR=81 minR=38 maxAge=81} naive={maxR=81 minR=38 maxAge=81} verdict=PASS
case=1292 input={T=[36 11 36] phi=[23 4 9] w=[34 11 8] Phi=23 H=396 W=189 sumW=53} fast={maxR=101 minR=66 maxAge=101} naive={maxR=101 minR=66 maxAge=101} verdict=PASS
case=1293 input={T=[3 10 25 18 22] phi=[1 0 11 7 12] w=[3 2 25 18 22] Phi=12 H=4950 W=168 sumW=70} fast={maxR=141 minR=77 maxAge=141} naive={maxR=141 minR=77 maxAge=141} verdict=PASS
case=1294 input={T=[2 25 8 14 12] phi=[0 5 4 0 2] w=[2 25 3 14 12] Phi=5 H=4200 W=127 sumW=56} fast={maxR=109 minR=58 maxAge=109} naive={maxR=109 minR=58 maxAge=109} verdict=PASS
case=1295 input={T=[13 9 24 4 8 20] phi=[7 7 12 3 0 14] w=[13 9 24 1 8 20] Phi=14 H=4680 W=170 sumW=75} fast={maxR=139 minR=82 maxAge=139} naive={maxR=139 minR=82 maxAge=139} verdict=PASS
case=1296 input={T=[4 33 35 4] phi=[1 4 5 0] w=[4 32 35 4] Phi=5 H=4620 W=157 sumW=75} fast={maxR=146 minR=75 maxAge=146} naive={maxR=146 minR=75 maxAge=146} verdict=PASS
case=1297 input={T=[20 3 26 2 20] phi=[14 1 9 0 2] w=[20 3 26 2 20] Phi=14 H=780 W=156 sumW=71} fast={maxR=127 minR=88 maxAge=127} naive={maxR=127 minR=88 maxAge=127} verdict=PASS
case=1298 input={T=[1 10 15 18 31] phi=[0 1 4 9 16] w=[1 10 15 18 23] Phi=16 H=2790 W=166 sumW=67} fast={maxR=133 minR=72 maxAge=133} naive={maxR=133 minR=72 maxAge=133} verdict=PASS
case=1299 input={T=[10 25 5] phi=[5 14 1] w=[10 25 5] Phi=14 H=50 W=94 sumW=40} fast={maxR=75 minR=46 maxAge=75} naive={maxR=75 minR=46 maxAge=75} verdict=PASS
case=1300 input={T=[4 18 2 13] phi=[1 17 1 8] w=[4 18 2 13] Phi=17 H=468 W=91 sumW=37} fast={maxR=68 minR=37 maxAge=68} naive={maxR=68 minR=37 maxAge=68} verdict=PASS
case=1301 input={T=[34 16 6] phi=[29 5 3] w=[16 10 6] Phi=29 H=816 W=141 sumW=32} fast={maxR=83 minR=32 maxAge=83} naive={maxR=83 minR=32 maxAge=83} verdict=PASS
case=1302 input={T=[29 35] phi=[23 3] w=[29 27] Phi=23 H=1015 W=151 sumW=56} fast={maxR=118 minR=56 maxAge=118} naive={maxR=118 minR=56 maxAge=118} verdict=PASS
case=1303 input={T=[12 14 22 5 2] phi=[9 10 18 0 0] w=[12 14 22 5 2] Phi=18 H=4620 W=128 sumW=55} fast={maxR=104 minR=57 maxAge=104} naive={maxR=104 minR=57 maxAge=104} verdict=PASS
case=1304 input={T=[17 1 7 3] phi=[2 0 2 2] w=[16 1 3 2] Phi=2 H=357 W=58 sumW=22} fast={maxR=46 minR=22 maxAge=46} naive={maxR=46 minR=22 maxAge=46} verdict=PASS
case=1305 input={T=[25 27 4 10 9] phi=[1 19 2 2 0] w=[25 27 1 10 9] Phi=19 H=2700 W=169 sumW=72} fast={maxR=137 minR=78 maxAge=137} naive={maxR=137 minR=78 maxAge=137} verdict=PASS
case=1306 input={T=[24 30 12 6 3 25] phi=[3 0 6 4 2 21] w=[8 30 10 6 1 9] Phi=21 H=600 W=221 sumW=64} fast={maxR=136 minR=69 maxAge=136} naive={maxR=136 minR=69 maxAge=136} verdict=PASS
case=1307 input={T=[9 19 23] phi=[2 16 15] w=[9 19 23] Phi=16 H=3933 W=118 sumW=51} fast={maxR=99 minR=51 maxAge=99} naive={maxR=99 minR=51 maxAge=99} verdict=PASS
case=1308 input={T=[31 35] phi=[13 6] w=[31 35] Phi=13 H=1085 W=145 sumW=66} fast={maxR=130 minR=66 maxAge=130} naive={maxR=130 minR=66 maxAge=130} verdict=PASS
case=1309 input={T=[5 5 2 19] phi=[3 4 0 16] w=[4 1 2 19] Phi=16 H=190 W=78 sumW=26} fast={maxR=51 minR=28 maxAge=51} naive={maxR=51 minR=28 maxAge=51} verdict=PASS
case=1310 input={T=[32 1] phi=[15 0] w=[32 1] Phi=15 H=32 W=81 sumW=33} fast={maxR=64 minR=33 maxAge=64} naive={maxR=64 minR=33 maxAge=64} verdict=PASS
case=1311 input={T=[8 36] phi=[4 28] w=[1 36] Phi=28 H=72 W=116 sumW=37} fast={maxR=79 minR=40 maxAge=79} naive={maxR=79 minR=40 maxAge=79} verdict=PASS
case=1312 input={T=[18 30 9 3 20 12] phi=[3 14 2 0 9 9] w=[18 30 9 1 18 12] Phi=14 H=180 W=198 sumW=88} fast={maxR=155 minR=108 maxAge=155} naive={maxR=155 minR=108 maxAge=155} verdict=PASS
case=1313 input={T=[39 9 9] phi=[26 2 2] w=[39 9 9] Phi=26 H=117 W=140 sumW=57} fast={maxR=101 minR=57 maxAge=101} naive={maxR=101 minR=57 maxAge=101} verdict=PASS
case=1314 input={T=[10 15 3 14 30 10] phi=[0 2 1 10 26 9] w=[10 15 3 14 30 8] Phi=26 H=210 W=190 sumW=80} fast={maxR=136 minR=97 maxAge=136} naive={maxR=136 minR=97 maxAge=136} verdict=PASS
case=1315 input={T=[18 1 12 20 8] phi=[16 0 8 13 1] w=[18 1 8 15 8] Phi=16 H=360 W=134 sumW=50} fast={maxR=98 minR=55 maxAge=98} naive={maxR=98 minR=55 maxAge=98} verdict=PASS
case=1316 input={T=[3 30 24 7 12] phi=[1 26 15 4 1] w=[3 30 8 7 9] Phi=26 H=840 W=178 sumW=57} fast={maxR=113 minR=66 maxAge=113} naive={maxR=113 minR=66 maxAge=113} verdict=PASS
case=1317 input={T=[14 14] phi=[13 2] w=[14 7] Phi=13 H=14 W=69 sumW=21} fast={maxR=37 minR=24 maxAge=37} naive={maxR=37 minR=24 maxAge=37} verdict=PASS
case=1318 input={T=[5 2 38] phi=[1 0 25] w=[5 2 38] Phi=25 H=190 W=115 sumW=45} fast={maxR=87 minR=46 maxAge=87} naive={maxR=87 minR=46 maxAge=87} verdict=PASS
case=1319 input={T=[15 2] phi=[10 0] w=[15 2] Phi=10 H=30 W=44 sumW=17} fast={maxR=32 minR=17 maxAge=32} naive={maxR=32 minR=17 maxAge=32} verdict=PASS
case=1320 input={T=[14 1 20] phi=[13 0 7] w=[14 1 20] Phi=13 H=140 W=83 sumW=35} fast={maxR=67 minR=36 maxAge=67} naive={maxR=67 minR=36 maxAge=67} verdict=PASS
case=1321 input={T=[27 3] phi=[16 1] w=[27 3] Phi=16 H=27 W=76 sumW=30} fast={maxR=56 minR=30 maxAge=56} naive={maxR=56 minR=30 maxAge=56} verdict=PASS
case=1322 input={T=[30 3 2 32 36 1] phi=[20 0 1 27 18 0] w=[20 3 2 31 36 1] Phi=27 H=1440 W=235 sumW=93} fast={maxR=184 minR=95 maxAge=184} naive={maxR=184 minR=95 maxAge=184} verdict=PASS
case=1323 input={T=[6 2 22 40 33 9] phi=[2 1 10 30 5 1] w=[6 2 22 18 33 9] Phi=30 H=3960 W=254 sumW=90} fast={maxR=190 minR=104 maxAge=190} naive={maxR=190 minR=104 maxAge=190} verdict=PASS
case=1324 input={T=[13 33 24 4 1] phi=[12 11 17 3 0] w=[13 33 24 1 1] Phi=17 H=3432 W=167 sumW=72} fast={maxR=139 minR=74 maxAge=139} naive={maxR=139 minR=74 maxAge=139} verdict=PASS
case=1325 input={T=[25 30 8] phi=[21 26 4] w=[4 30 8] Phi=26 H=600 W=152 sumW=42} fast={maxR=98 minR=43 maxAge=98} naive={maxR=98 minR=43 maxAge=98} verdict=PASS
case=1326 input={T=[24 8 6] phi=[20 4 1] w=[16 8 4] Phi=20 H=24 W=96 sumW=28} fast={maxR=56 minR=33 maxAge=56} naive={maxR=56 minR=33 maxAge=56} verdict=PASS
case=1327 input={T=[20 26 13 30] phi=[15 18 9 13] w=[11 26 13 30] Phi=18 H=780 W=196 sumW=80} fast={maxR=147 minR=88 maxAge=147} naive={maxR=147 minR=88 maxAge=147} verdict=PASS
case=1328 input={T=[4 11 3 8 20 5] phi=[1 3 2 4 4 0] w=[4 11 3 8 20 5] Phi=4 H=1320 W=106 sumW=51} fast={maxR=88 minR=53 maxAge=88} naive={maxR=88 minR=53 maxAge=88} verdict=PASS
case=1329 input={T=[4 1 34] phi=[0 0 22] w=[3 1 34] Phi=22 H=68 W=100 sumW=38} fast={maxR=73 minR=38 maxAge=73} naive={maxR=73 minR=38 maxAge=73} verdict=PASS
case=1330 input={T=[15 22 28] phi=[11 2 26] w=[7 22 14] Phi=26 H=4620 W=156 sumW=43} fast={maxR=104 minR=43 maxAge=104} naive={maxR=104 minR=43 maxAge=104} verdict=PASS
case=1331 input={T=[25 20 32 10] phi=[11 8 15 9] w=[25 20 32 10] Phi=15 H=800 W=189 sumW=87} fast={maxR=167 minR=98 maxAge=167} naive={maxR=167 minR=98 maxAge=167} verdict=PASS
case=1332 input={T=[29 40] phi=[14 16] w=[29 40] Phi=16 H=1160 W=154 sumW=69} fast={maxR=136 minR=69 maxAge=136} naive={maxR=136 minR=69 maxAge=136} verdict=PASS
case=1333 input={T=[6 2 20 3] phi=[5 1 1 0] w=[5 1 20 3] Phi=5 H=60 W=67 sumW=29} fast={maxR=54 minR=31 maxAge=54} naive={maxR=54 minR=31 maxAge=54} verdict=PASS
case=1334 input={T=[30 8] phi=[14 3] w=[30 8] Phi=14 H=120 W=90 sumW=38} fast={maxR=74 minR=39 maxAge=74} naive={maxR=74 minR=39 maxAge=74} verdict=PASS
case=1335 input={T=[36 25 20 24 24 20] phi=[15 15 12 9 16 11] w=[36 25 20 24 24 20] Phi=16 H=1800 W=314 sumW=149} fast={maxR=255 minR=168 maxAge=255} naive={maxR=255 minR=168 maxAge=255} verdict=PASS
case=1336 input={T=[14 4] phi=[3 2] w=[14 4] Phi=3 H=28 W=39 sumW=18} fast={maxR=34 minR=19 maxAge=34} naive={maxR=34 minR=19 maxAge=34} verdict=PASS
case=1337 input={T=[2 22 28 20] phi=[1 18 13 13] w=[2 22 22 20] Phi=18 H=1540 W=162 sumW=66} fast={maxR=133 minR=70 maxAge=133} naive={maxR=133 minR=70 maxAge=133} verdict=PASS
case=1338 input={T=[3 33 21 1 12 9] phi=[1 0 7 0 2 5] w=[3 18 21 1 12 9] Phi=7 H=2772 W=165 sumW=64} fast={maxR=132 minR=67 maxAge=132} naive={maxR=132 minR=67 maxAge=132} verdict=PASS
case=1339 input={T=[12 12 38 4 26 38] phi=[1 10 29 0 1 21] w=[10 12 38 4 26 38] Phi=29 H=2964 W=289 sumW=128} fast={maxR=225 minR=178 maxAge=225} naive={maxR=225 minR=178 maxAge=225} verdict=PASS
case=1340 input={T=[5 6 24 1 1 25] phi=[0 2 10 0 0 8] w=[5 6 24 1 1 25] Phi=10 H=600 W=134 sumW=62} fast={maxR=112 minR=68 maxAge=112} naive={maxR=112 minR=68 maxAge=112} verdict=PASS
case=1341 input={T=[5 4 20 9 40 7] phi=[0 0 18 7 35 0] w=[5 4 20 9 40 7] Phi=35 H=2520 W=205 sumW=85} fast={maxR=142 minR=97 maxAge=142} naive={maxR=142 minR=97 maxAge=142} verdict=PASS
case=1342 input={T=[1 25] phi=[0 0] w=[1 25] Phi=0 H=25 W=52 sumW=26} fast={maxR=50 minR=26 maxAge=50} naive={maxR=50 minR=26 maxAge=50} verdict=PASS
case=1343 input={T=[5 9 15 25 14] phi=[4 3 1 8 9] w=[2 3 3 25 12] Phi=9 H=3150 W=145 sumW=45} fast={maxR=103 minR=51 maxAge=103} naive={maxR=103 minR=51 maxAge=103} verdict=PASS
case=1344 input={T=[9 26] phi=[0 25] w=[1 26] Phi=25 H=234 W=95 sumW=27} fast={maxR=60 minR=27 maxAge=60} naive={maxR=60 minR=27 maxAge=60} verdict=PASS
case=1345 input={T=[24 12 16 1 23 3] phi=[17 0 8 0 19 0] w=[24 12 16 1 8 3] Phi=19 H=1104 W=177 sumW=64} fast={maxR=129 minR=76 maxAge=129} naive={maxR=129 minR=76 maxAge=129} verdict=PASS
case=1346 input={T=[16 10 1 11 8] phi=[15 0 0 6 3] w=[16 10 1 11 8] Phi=15 H=880 W=107 sumW=46} fast={maxR=83 minR=52 maxAge=83} naive={maxR=83 minR=52 maxAge=83} verdict=PASS
case=1347 input={T=[20 27 12 16 9] phi=[3 4 0 8 2] w=[20 27 7 16 9] Phi=8 H=2160 W=176 sumW=79} fast={maxR=153 minR=90 maxAge=153} naive={maxR=153 minR=90 maxAge=153} verdict=PASS
case=1348 input={T=[6 37 33 37 1] phi=[1 10 15 33 0] w=[6 37 33 37 1] Phi=33 H=2442 W=261 sumW=114} fast={maxR=219 minR=141 maxAge=219} naive={maxR=219 minR=141 maxAge=219} verdict=PASS
case=1349 input={T=[5 18 27 35 1] phi=[0 6 7 7 0] w=[5 18 27 35 1] Phi=7 H=1890 W=179 sumW=86} fast={maxR=157 minR=88 maxAge=157} naive={maxR=157 minR=88 maxAge=157} verdict=PASS
case=1350 input={T=[1 30 1 30 30] phi=[0 5 0 23 7] w=[1 30 1 30 30] Phi=23 H=30 W=207 sumW=92} fast={maxR=152 minR=123 maxAge=152} naive={maxR=152 minR=123 maxAge=152} verdict=PASS
case=1351 input={T=[9 2 19 13] phi=[3 1 16 8] w=[9 2 19 13] Phi=16 H=4446 W=102 sumW=43} fast={maxR=82 minR=43 maxAge=82} naive={maxR=82 minR=43 maxAge=82} verdict=PASS
case=1352 input={T=[39 5 20 6 24] phi=[9 2 18 0 11] w=[39 5 20 4 24] Phi=18 H=1560 W=206 sumW=92} fast={maxR=169 minR=95 maxAge=169} naive={maxR=169 minR=95 maxAge=169} verdict=PASS
case=1353 input={T=[15 20 35 12 4] phi=[8 11 20 9 2] w=[15 20 35 4 4] Phi=20 H=420 W=192 sumW=78} fast={maxR=150 minR=94 maxAge=150} naive={maxR=150 minR=94 maxAge=150} verdict=PASS
case=1354 input={T=[34 30 5] phi=[22 28 0] w=[34 30 5] Phi=28 H=510 W=166 sumW=69} fast={maxR=132 minR=71 maxAge=132} naive={maxR=132 minR=71 maxAge=132} verdict=PASS
case=1355 input={T=[23 8 20 24 10] phi=[14 7 0 5 0] w=[23 8 20 24 2] Phi=14 H=2760 W=184 sumW=77} fast={maxR=149 minR=84 maxAge=149} naive={maxR=149 minR=84 maxAge=149} verdict=PASS
case=1356 input={T=[1 22 33 22 10 24] phi=[0 17 28 2 1 17] w=[1 22 33 22 6 24] Phi=28 H=1320 W=252 sumW=108} fast={maxR=196 minR=129 maxAge=196} naive={maxR=196 minR=129 maxAge=196} verdict=PASS
case=1357 input={T=[18 6] phi=[9 4] w=[18 5] Phi=9 H=18 W=57 sumW=23} fast={maxR=41 minR=24 maxAge=41} naive={maxR=41 minR=24 maxAge=41} verdict=PASS
case=1358 input={T=[31 8] phi=[15 5] w=[31 8] Phi=15 H=248 W=93 sumW=39} fast={maxR=76 minR=39 maxAge=76} naive={maxR=76 minR=39 maxAge=76} verdict=PASS
case=1359 input={T=[1 40 12] phi=[0 32 7] w=[1 40 12] Phi=32 H=120 W=138 sumW=53} fast={maxR=103 minR=56 maxAge=103} naive={maxR=103 minR=56 maxAge=103} verdict=PASS
case=1360 input={T=[3 20] phi=[2 10] w=[3 20] Phi=10 H=60 W=56 sumW=23} fast={maxR=44 minR=23 maxAge=44} naive={maxR=44 minR=23 maxAge=44} verdict=PASS
case=1361 input={T=[30 12 21 28] phi=[29 2 10 1] w=[30 12 21 23] Phi=29 H=420 W=211 sumW=86} fast={maxR=170 minR=99 maxAge=170} naive={maxR=170 minR=99 maxAge=170} verdict=PASS
case=1362 input={T=[20 36 7 10] phi=[18 12 6 3] w=[20 32 6 2] Phi=18 H=1260 W=164 sumW=60} fast={maxR=126 minR=67 maxAge=126} naive={maxR=126 minR=67 maxAge=126} verdict=PASS
case=1363 input={T=[35 29] phi=[25 10] w=[35 29] Phi=25 H=1015 W=153 sumW=64} fast={maxR=126 minR=64 maxAge=126} naive={maxR=126 minR=64 maxAge=126} verdict=PASS
case=1364 input={T=[5 12] phi=[0 11] w=[5 3] Phi=11 H=60 W=45 sumW=8} fast={maxR=23 minR=8 maxAge=23} naive={maxR=23 minR=8 maxAge=23} verdict=PASS
case=1365 input={T=[19 34 1] phi=[14 20 0] w=[19 3 1] Phi=20 H=646 W=128 sumW=23} fast={maxR=74 minR=23 maxAge=74} naive={maxR=74 minR=23 maxAge=74} verdict=PASS
case=1366 input={T=[7 24 3 22 21 11] phi=[0 9 0 10 15 4] w=[7 24 1 22 1 11] Phi=15 H=1848 W=191 sumW=66} fast={maxR=140 minR=72 maxAge=140} naive={maxR=140 minR=72 maxAge=140} verdict=PASS
case=1367 input={T=[6 40] phi=[3 20] w=[6 40] Phi=20 H=120 W=112 sumW=46} fast={maxR=90 minR=47 maxAge=90} naive={maxR=90 minR=47 maxAge=90} verdict=PASS
case=1368 input={T=[4 12 8 12 11] phi=[0 11 0 7 0] w=[4 12 8 12 11] Phi=11 H=264 W=105 sumW=47} fast={maxR=83 minR=62 maxAge=83} naive={maxR=83 minR=62 maxAge=83} verdict=PASS
case=1369 input={T=[10 7 37] phi=[8 5 10] w=[10 7 37] Phi=10 H=2590 W=118 sumW=54} fast={maxR=105 minR=54 maxAge=105} naive={maxR=105 minR=54 maxAge=105} verdict=PASS
case=1370 input={T=[30 20] phi=[7 8] w=[30 16] Phi=8 H=60 W=108 sumW=46} fast={maxR=86 minR=47 maxAge=86} naive={maxR=86 minR=47 maxAge=86} verdict=PASS
case=1371 input={T=[15 13 9 15 2] phi=[4 2 2 10 0] w=[15 13 9 4 2] Phi=10 H=1170 W=118 sumW=43} fast={maxR=87 minR=57 maxAge=87} naive={maxR=87 minR=57 maxAge=87} verdict=PASS
case=1372 input={T=[29 9 4 8] phi=[11 8 1 2] w=[29 6 2 4] Phi=11 H=2088 W=111 sumW=41} fast={maxR=87 minR=44 maxAge=87} naive={maxR=87 minR=44 maxAge=87} verdict=PASS
case=1373 input={T=[13 36 3] phi=[9 24 2] w=[8 25 3] Phi=24 H=468 W=128 sumW=36} fast={maxR=84 minR=37 maxAge=84} naive={maxR=84 minR=37 maxAge=84} verdict=PASS
case=1374 input={T=[9 23 16] phi=[7 9 7] w=[4 23 16] Phi=9 H=3312 W=105 sumW=43} fast={maxR=88 minR=43 maxAge=88} naive={maxR=88 minR=43 maxAge=88} verdict=PASS
case=1375 input={T=[7 36 12 24 4] phi=[1 23 8 0 3] w=[6 36 12 17 4] Phi=23 H=504 W=189 sumW=75} fast={maxR=143 minR=90 maxAge=143} naive={maxR=143 minR=90 maxAge=143} verdict=PASS
case=1376 input={T=[24 20 12 5] phi=[15 14 0 1] w=[24 20 7 1] Phi=15 H=120 W=137 sumW=52} fast={maxR=104 minR=65 maxAge=104} naive={maxR=104 minR=65 maxAge=104} verdict=PASS
case=1377 input={T=[5 6] phi=[3 2] w=[5 2] Phi=3 H=30 W=25 sumW=7} fast={maxR=16 minR=7 maxAge=16} naive={maxR=16 minR=7 maxAge=16} verdict=PASS
case=1378 input={T=[32 36] phi=[0 24] w=[32 36] Phi=24 H=288 W=160 sumW=68} fast={maxR=131 minR=68 maxAge=131} naive={maxR=131 minR=68 maxAge=131} verdict=PASS
case=1379 input={T=[20 20 7 27] phi=[4 8 0 19] w=[16 20 7 12] Phi=19 H=3780 W=167 sumW=55} fast={maxR=114 minR=63 maxAge=114} naive={maxR=114 minR=63 maxAge=114} verdict=PASS
case=1380 input={T=[40 8 38] phi=[10 5 15] w=[40 8 38] Phi=15 H=760 W=187 sumW=86} fast={maxR=164 minR=89 maxAge=164} naive={maxR=164 minR=89 maxAge=164} verdict=PASS
case=1381 input={T=[30 24] phi=[26 10] w=[30 24] Phi=26 H=120 W=134 sumW=54} fast={maxR=103 minR=56 maxAge=103} naive={maxR=103 minR=56 maxAge=103} verdict=PASS
case=1382 input={T=[19 7] phi=[9 0] w=[19 6] Phi=9 H=133 W=61 sumW=25} fast={maxR=49 minR=25 maxAge=49} naive={maxR=49 minR=25 maxAge=49} verdict=PASS
case=1383 input={T=[24 15 12 10 40] phi=[22 8 0 3 4] w=[24 12 12 9 2] Phi=22 H=120 W=224 sumW=59} fast={maxR=135 minR=80 maxAge=135} naive={maxR=135 minR=80 maxAge=135} verdict=PASS
case=1384 input={T=[16 14] phi=[14 13] w=[11 14] Phi=14 H=112 W=74 sumW=25} fast={maxR=52 minR=25 maxAge=52} naive={maxR=52 minR=25 maxAge=52} verdict=PASS
case=1385 input={T=[15 5] phi=[12 3] w=[1 5] Phi=12 H=15 W=52 sumW=6} fast={maxR=20 minR=6 maxAge=20} naive={maxR=20 minR=6 maxAge=20} verdict=PASS
case=1386 input={T=[26 20 10] phi=[5 13 9] w=[26 15 10] Phi=13 H=260 W=125 sumW=51} fast={maxR=95 minR=52 maxAge=95} naive={maxR=95 minR=52 maxAge=95} verdict=PASS
case=1387 input={T=[10 36] phi=[6 24] w=[10 36] Phi=24 H=180 W=116 sumW=46} fast={maxR=89 minR=46 maxAge=89} naive={maxR=89 minR=46 maxAge=89} verdict=PASS
case=1388 input={T=[3 30 13 24 24 16] phi=[2 12 10 15 16 9] w=[3 30 13 24 6 16] Phi=16 H=3120 W=236 sumW=92} fast={maxR=166 minR=99 maxAge=166} naive={maxR=166 minR=99 maxAge=166} verdict=PASS
case=1389 input={T=[1 19 25 25] phi=[0 2 13 19] w=[1 18 25 25] Phi=19 H=475 W=159 sumW=69} fast={maxR=117 minR=75 maxAge=117} naive={maxR=117 minR=75 maxAge=117} verdict=PASS
case=1390 input={T=[28 7 12 22 30 33] phi=[26 2 9 2 28 19] w=[28 7 12 22 30 33] Phi=28 H=4620 W=292 sumW=132} fast={maxR=243 minR=148 maxAge=243} naive={maxR=243 minR=148 maxAge=243} verdict=PASS
case=1391 input={T=[17 9 24 16 18] phi=[8 3 3 5 5] w=[17 9 24 16 18] Phi=8 H=2448 W=176 sumW=84} fast={maxR=151 minR=91 maxAge=151} naive={maxR=151 minR=91 maxAge=151} verdict=PASS
case=1392 input={T=[26 13 1] phi=[17 12 0] w=[26 13 1] Phi=17 H=26 W=97 sumW=40} fast={maxR=73 minR=48 maxAge=73} naive={maxR=73 minR=48 maxAge=73} verdict=PASS
case=1393 input={T=[6 7 34] phi=[3 0 28] w=[6 7 34] Phi=28 H=714 W=122 sumW=47} fast={maxR=90 minR=47 maxAge=90} naive={maxR=90 minR=47 maxAge=90} verdict=PASS
case=1394 input={T=[9 21 9 30 21] phi=[5 15 7 22 6] w=[6 21 6 30 21] Phi=22 H=630 W=202 sumW=84} fast={maxR=150 minR=103 maxAge=150} naive={maxR=150 minR=103 maxAge=150} verdict=PASS
case=1395 input={T=[12 25 18] phi=[3 21 2] w=[12 7 18] Phi=21 H=900 W=131 sumW=37} fast={maxR=88 minR=41 maxAge=88} naive={maxR=88 minR=41 maxAge=88} verdict=PASS
case=1396 input={T=[10 15 1 7 14] phi=[4 11 0 0 3] w=[10 15 1 6 14] Phi=11 H=210 W=105 sumW=46} fast={maxR=84 minR=53 maxAge=84} naive={maxR=84 minR=53 maxAge=84} verdict=PASS
case=1397 input={T=[31 24 8 31] phi=[14 16 0 19] w=[31 24 8 31] Phi=19 H=744 W=207 sumW=94} fast={maxR=159 minR=98 maxAge=159} naive={maxR=159 minR=98 maxAge=159} verdict=PASS
case=1398 input={T=[5 3 39] phi=[4 0 14] w=[5 3 34] Phi=14 H=195 W=108 sumW=42} fast={maxR=86 minR=44 maxAge=86} naive={maxR=86 minR=44 maxAge=86} verdict=PASS
case=1399 input={T=[12 12 18] phi=[3 0 3] w=[12 12 17] Phi=3 H=36 W=87 sumW=41} fast={maxR=76 minR=53 maxAge=76} naive={maxR=76 minR=53 maxAge=76} verdict=PASS
case=1400 input={T=[20 12 6 28 14] phi=[14 9 5 25 12] w=[20 12 6 12 12] Phi=25 H=420 W=185 sumW=62} fast={maxR=121 minR=70 maxAge=121} naive={maxR=121 minR=70 maxAge=121} verdict=PASS
case=1401 input={T=[15 10 1] phi=[14 7 0] w=[11 10 1] Phi=14 H=30 W=66 sumW=22} fast={maxR=43 minR=24 maxAge=43} naive={maxR=43 minR=24 maxAge=43} verdict=PASS
case=1402 input={T=[30 18 22 33] phi=[22 2 2 8] w=[30 18 22 33] Phi=22 H=990 W=228 sumW=103} fast={maxR=192 minR=115 maxAge=192} naive={maxR=192 minR=115 maxAge=192} verdict=PASS
case=1403 input={T=[3 30 4] phi=[0 19 2] w=[1 12 4] Phi=19 H=60 W=93 sumW=17} fast={maxR=49 minR=18 maxAge=49} naive={maxR=49 minR=18 maxAge=49} verdict=PASS
case=1404 input={T=[10 14 20] phi=[9 6 5] w=[10 2 20] Phi=9 H=140 W=97 sumW=32} fast={maxR=65 minR=36 maxAge=65} naive={maxR=65 minR=36 maxAge=65} verdict=PASS
case=1405 input={T=[1 19 6 5] phi=[0 5 1 2] w=[1 19 6 5] Phi=5 H=570 W=67 sumW=31} fast={maxR=58 minR=31 maxAge=58} naive={maxR=58 minR=31 maxAge=58} verdict=PASS
case=1406 input={T=[13 1] phi=[2 0] w=[13 1] Phi=2 H=13 W=30 sumW=14} fast={maxR=26 minR=14 maxAge=26} naive={maxR=26 minR=14 maxAge=26} verdict=PASS
case=1407 input={T=[30 7 8] phi=[1 5 7] w=[30 7 5] Phi=7 H=840 W=97 sumW=42} fast={maxR=84 minR=43 maxAge=84} naive={maxR=84 minR=43 maxAge=84} verdict=PASS
case=1408 input={T=[4 5 30 1 8 12] phi=[0 3 6 0 6 0] w=[4 5 30 1 8 12] Phi=6 H=120 W=126 sumW=60} fast={maxR=107 minR=68 maxAge=107} naive={maxR=107 minR=68 maxAge=107} verdict=PASS
case=1409 input={T=[28 38 18 2 6] phi=[23 29 9 0 4] w=[28 38 7 2 6] Phi=29 H=4788 W=213 sumW=81} fast={maxR=164 minR=85 maxAge=164} naive={maxR=164 minR=85 maxAge=164} verdict=PASS
case=1410 input={T=[25 5 9 8] phi=[19 4 4 4] w=[25 5 9 8] Phi=19 H=1800 W=113 sumW=47} fast={maxR=86 minR=47 maxAge=86} naive={maxR=86 minR=47 maxAge=86} verdict=PASS
case=1411 input={T=[7 3 24 8 27] phi=[2 1 22 4 26] w=[7 3 24 8 27] Phi=26 H=1512 W=164 sumW=69} fast={maxR=130 minR=77 maxAge=130} naive={maxR=130 minR=77 maxAge=130} verdict=PASS
case=1412 input={T=[30 24 1 2 8] phi=[15 12 0 1 2] w=[30 24 1 2 8] Phi=15 H=120 W=145 sumW=65} fast={maxR=118 minR=71 maxAge=118} naive={maxR=118 minR=71 maxAge=118} verdict=PASS
case=1413 input={T=[34 24 7] phi=[8 17 6] w=[12 24 2] Phi=17 H=2856 W=147 sumW=38} fast={maxR=100 minR=39 maxAge=100} naive={maxR=100 minR=39 maxAge=100} verdict=PASS
case=1414 input={T=[32 36] phi=[26 9] w=[32 36] Phi=26 H=288 W=162 sumW=68} fast={maxR=134 minR=71 maxAge=134} naive={maxR=134 minR=71 maxAge=134} verdict=PASS
case=1415 input={T=[30 22 20 18] phi=[8 13 17 1] w=[30 22 3 18] Phi=17 H=1980 W=197 sumW=73} fast={maxR=154 minR=83 maxAge=154} naive={maxR=154 minR=83 maxAge=154} verdict=PASS
case=1416 input={T=[10 2 28 8] phi=[6 0 25 1] w=[10 2 28 8] Phi=25 H=280 W=121 sumW=48} fast={maxR=88 minR=49 maxAge=88} naive={maxR=88 minR=49 maxAge=88} verdict=PASS
case=1417 input={T=[37 2] phi=[31 0] w=[37 1] Phi=31 H=74 W=109 sumW=38} fast={maxR=75 minR=38 maxAge=75} naive={maxR=75 minR=38 maxAge=75} verdict=PASS
case=1418 input={T=[10 10 12 30 15 3] phi=[7 9 5 5 13 1] w=[10 10 12 23 15 1] Phi=13 H=60 W=173 sumW=71} fast={maxR=116 minR=77 maxAge=116} naive={maxR=116 minR=77 maxAge=116} verdict=PASS
case=1419 input={T=[1 13] phi=[0 8] w=[1 13] Phi=8 H=13 W=36 sumW=14} fast={maxR=26 minR=14 maxAge=26} naive={maxR=26 minR=14 maxAge=26} verdict=PASS
case=1420 input={T=[20 6 20 10 28 5] phi=[13 2 1 1 21 2] w=[20 6 20 10 28 5] Phi=21 H=420 W=199 sumW=89} fast={maxR=158 minR=94 maxAge=158} naive={maxR=158 minR=94 maxAge=158} verdict=PASS
case=1421 input={T=[6 5 24 29 4] phi=[5 3 9 28 0] w=[3 5 24 6 4] Phi=28 H=3480 W=164 sumW=42} fast={maxR=102 minR=45 maxAge=102} naive={maxR=102 minR=45 maxAge=102} verdict=PASS
case=1422 input={T=[15 7 10 15 12 30] phi=[3 2 2 2 9 17] w=[1 1 10 15 12 2] Phi=17 H=420 W=195 sumW=41} fast={maxR=105 minR=61 maxAge=105} naive={maxR=105 minR=61 maxAge=105} verdict=PASS
case=1423 input={T=[9 39 30 8 3] phi=[5 31 20 0 1] w=[9 39 30 8 1] Phi=31 H=4680 W=209 sumW=87} fast={maxR=167 minR=90 maxAge=167} naive={maxR=167 minR=90 maxAge=167} verdict=PASS
case=1424 input={T=[40 20 4 23 32] phi=[7 10 2 22 24] w=[40 20 4 17 32] Phi=24 H=3680 W=262 sumW=113} fast={maxR=208 minR=121 maxAge=208} naive={maxR=208 minR=121 maxAge=208} verdict=PASS
case=1425 input={T=[25 37 5] phi=[23 32 0] w=[18 5 5] Phi=32 H=925 W=166 sumW=28} fast={maxR=91 minR=32 maxAge=91} naive={maxR=91 minR=32 maxAge=91} verdict=PASS
case=1426 input={T=[32 26] phi=[1 3] w=[32 26] Phi=3 H=416 W=119 sumW=58} fast={maxR=113 minR=58 maxAge=113} naive={maxR=113 minR=58 maxAge=113} verdict=PASS
case=1427 input={T=[9 21 1 15 5] phi=[0 11 0 2 2] w=[9 21 1 15 5] Phi=11 H=315 W=113 sumW=51} fast={maxR=93 minR=55 maxAge=93} naive={maxR=93 minR=55 maxAge=93} verdict=PASS
case=1428 input={T=[22 1] phi=[15 0] w=[16 1] Phi=15 H=22 W=61 sumW=17} fast={maxR=38 minR=17 maxAge=38} naive={maxR=38 minR=17 maxAge=38} verdict=PASS
case=1429 input={T=[32 10 8 15 8] phi=[1 9 4 6 5] w=[20 10 4 15 8] Phi=9 H=480 W=155 sumW=57} fast={maxR=115 minR=68 maxAge=115} naive={maxR=115 minR=68 maxAge=115} verdict=PASS
case=1430 input={T=[4 38] phi=[2 37] w=[3 38] Phi=37 H=76 W=121 sumW=41} fast={maxR=80 minR=41 maxAge=80} naive={maxR=80 minR=41 maxAge=80} verdict=PASS
case=1431 input={T=[27 8 30 40] phi=[6 4 19 12] w=[6 2 30 21] Phi=19 H=1080 W=229 sumW=59} fast={maxR=147 minR=67 maxAge=147} naive={maxR=147 minR=67 maxAge=147} verdict=PASS
case=1432 input={T=[29 30 5 18] phi=[12 25 3 17] w=[29 19 5 4] Phi=25 H=2610 W=189 sumW=57} fast={maxR=130 minR=61 maxAge=130} naive={maxR=130 minR=61 maxAge=130} verdict=PASS
case=1433 input={T=[8 11 16 2] phi=[7 4 9 0] w=[8 6 16 2] Phi=9 H=176 W=83 sumW=32} fast={maxR=60 minR=37 maxAge=60} naive={maxR=60 minR=37 maxAge=60} verdict=PASS
case=1434 input={T=[4 12 36 5 13 24] phi=[2 1 3 3 11 14] w=[4 12 36 5 7 24] Phi=14 H=4680 W=202 sumW=88} fast={maxR=163 minR=104 maxAge=163} naive={maxR=163 minR=104 maxAge=163} verdict=PASS
case=1435 input={T=[39 23 3 2] phi=[18 1 0 0] w=[39 23 1 2] Phi=18 H=1794 W=152 sumW=65} fast={maxR=126 minR=66 maxAge=126} naive={maxR=126 minR=66 maxAge=126} verdict=PASS
case=1436 input={T=[9 15 10] phi=[3 7 6] w=[7 15 10] Phi=7 H=90 W=75 sumW=32} fast={maxR=61 minR=36 maxAge=61} naive={maxR=61 minR=36 maxAge=61} verdict=PASS
case=1437 input={T=[15 30] phi=[0 3] w=[15 30] Phi=3 H=30 W=93 sumW=45} fast={maxR=77 minR=48 maxAge=77} naive={maxR=77 minR=48 maxAge=77} verdict=PASS
case=1438 input={T=[4 17 24] phi=[3 14 7] w=[3 17 2] Phi=14 H=408 W=104 sumW=22} fast={maxR=61 minR=22 maxAge=61} naive={maxR=61 minR=22 maxAge=61} verdict=PASS
case=1439 input={T=[9 26] phi=[7 7] w=[9 26] Phi=7 H=234 W=77 sumW=35} fast={maxR=68 minR=35 maxAge=68} naive={maxR=68 minR=35 maxAge=68} verdict=PASS
case=1440 input={T=[9 1] phi=[3 0] w=[9 1] Phi=3 H=9 W=23 sumW=10} fast={maxR=18 minR=10 maxAge=18} naive={maxR=18 minR=10 maxAge=18} verdict=PASS
case=1441 input={T=[13 4 26 37] phi=[2 1 6 21] w=[13 4 26 37] Phi=21 H=1924 W=181 sumW=80} fast={maxR=154 minR=93 maxAge=154} naive={maxR=154 minR=93 maxAge=154} verdict=PASS
case=1442 input={T=[18 10 6 2 25 16] phi=[17 8 0 1 11 13] w=[16 10 5 2 25 6] Phi=17 H=3600 W=171 sumW=64} fast={maxR=131 minR=70 maxAge=131} naive={maxR=131 minR=70 maxAge=131} verdict=PASS
case=1443 input={T=[32 5] phi=[18 2] w=[32 5] Phi=18 H=160 W=92 sumW=37} fast={maxR=72 minR=37 maxAge=72} naive={maxR=72 minR=37 maxAge=72} verdict=PASS
case=1444 input={T=[2 3 1] phi=[0 0 0] w=[2 1 1] Phi=0 H=6 W=12 sumW=4} fast={maxR=7 minR=4 maxAge=7} naive={maxR=7 minR=4 maxAge=7} verdict=PASS
case=1445 input={T=[28 20 13] phi=[11 7 9] w=[28 20 13] Phi=11 H=1820 W=133 sumW=61} fast={maxR=116 minR=61 maxAge=116} naive={maxR=116 minR=61 maxAge=116} verdict=PASS
case=1446 input={T=[16 12] phi=[1 5] w=[16 12] Phi=5 H=48 W=61 sumW=28} fast={maxR=51 minR=28 maxAge=51} naive={maxR=51 minR=28 maxAge=51} verdict=PASS
case=1447 input={T=[30 2 34 6] phi=[16 1 30 2] w=[30 2 34 1] Phi=30 H=510 W=174 sumW=67} fast={maxR=130 minR=71 maxAge=130} naive={maxR=130 minR=71 maxAge=130} verdict=PASS
case=1448 input={T=[4 12 3 37] phi=[1 0 0 23] w=[4 12 3 37] Phi=23 H=444 W=135 sumW=56} fast={maxR=106 minR=59 maxAge=106} naive={maxR=106 minR=59 maxAge=106} verdict=PASS
case=1449 input={T=[2 23 5] phi=[0 0 3] w=[2 23 5] Phi=3 H=230 W=63 sumW=30} fast={maxR=57 minR=30 maxAge=57} naive={maxR=57 minR=30 maxAge=57} verdict=PASS
case=1450 input={T=[7 14 12 8] phi=[1 3 4 5] w=[7 7 7 8] Phi=5 H=168 W=87 sumW=29} fast={maxR=60 minR=33 maxAge=60} naive={maxR=60 minR=33 maxAge=60} verdict=PASS
case=1451 input={T=[21 38 3 9] phi=[15 9 1 1] w=[21 12 1 9] Phi=15 H=2394 W=157 sumW=43} fast={maxR=108 minR=46 maxAge=108} naive={maxR=108 minR=46 maxAge=108} verdict=PASS
case=1452 input={T=[24 11 13] phi=[6 3 4] w=[24 9 13] Phi=6 H=3432 W=102 sumW=46} fast={maxR=91 minR=46 maxAge=91} naive={maxR=91 minR=46 maxAge=91} verdict=PASS
case=1453 input={T=[6 8 34 1 40 15] phi=[4 4 31 0 22 8] w=[6 1 34 1 40 15] Phi=31 H=2040 W=239 sumW=97} fast={maxR=189 minR=106 maxAge=189} naive={maxR=189 minR=106 maxAge=189} verdict=PASS
case=1454 input={T=[27 27 15 9 5] phi=[9 5 10 0 4] w=[2 27 4 9 5] Phi=10 H=135 W=176 sumW=47} fast={maxR=116 minR=77 maxAge=116} naive={maxR=116 minR=77 maxAge=116} verdict=PASS
case=1455 input={T=[25 10] phi=[6 3] w=[25 10] Phi=6 H=50 W=76 sumW=35} fast={maxR=66 minR=37 maxAge=66} naive={maxR=66 minR=37 maxAge=66} verdict=PASS
case=1456 input={T=[22 13 8 4] phi=[12 1 2 1] w=[22 13 8 4] Phi=12 H=1144 W=106 sumW=47} fast={maxR=90 minR=51 maxAge=90} naive={maxR=90 minR=51 maxAge=90} verdict=PASS
case=1457 input={T=[23 9 5 9 2] phi=[20 8 3 5 1] w=[23 9 5 9 2] Phi=20 H=2070 W=116 sumW=48} fast={maxR=89 minR=49 maxAge=89} naive={maxR=89 minR=49 maxAge=89} verdict=PASS
case=1458 input={T=[5 2] phi=[2 0] w=[5 2] Phi=2 H=10 W=16 sumW=7} fast={maxR=12 minR=7 maxAge=12} naive={maxR=12 minR=7 maxAge=12} verdict=PASS
case=1459 input={T=[34 8] phi=[20 6] w=[34 8] Phi=20 H=136 W=104 sumW=42} fast={maxR=81 minR=42 maxAge=81} naive={maxR=81 minR=42 maxAge=81} verdict=PASS
case=1460 input={T=[21 26] phi=[3 24] w=[21 26] Phi=24 H=546 W=118 sumW=47} fast={maxR=92 minR=47 maxAge=92} naive={maxR=92 minR=47 maxAge=92} verdict=PASS
case=1461 input={T=[4 9] phi=[2 0] w=[2 9] Phi=2 H=36 W=28 sumW=11} fast={maxR=22 minR=11 maxAge=22} naive={maxR=22 minR=11 maxAge=22} verdict=PASS
case=1462 input={T=[28 24 14 5 4] phi=[23 19 3 1 0] w=[28 8 14 5 4] Phi=23 H=840 W=173 sumW=59} fast={maxR=120 minR=61 maxAge=120} naive={maxR=120 minR=61 maxAge=120} verdict=PASS
case=1463 input={T=[40 16 5 17] phi=[0 12 2 6] w=[10 16 5 17] Phi=12 H=1360 W=168 sumW=48} fast={maxR=114 minR=54 maxAge=114} naive={maxR=114 minR=54 maxAge=114} verdict=PASS
case=1464 input={T=[27 6 24 16 33 11] phi=[4 5 0 13 29 2] w=[19 6 24 16 23 11] Phi=29 H=4752 W=263 sumW=99} fast={maxR=195 minR=112 maxAge=195} naive={maxR=195 minR=112 maxAge=195} verdict=PASS
case=1465 input={T=[40 12 8] phi=[6 3 4] w=[40 12 8] Phi=6 H=120 W=126 sumW=60} fast={maxR=109 minR=62 maxAge=109} naive={maxR=109 minR=62 maxAge=109} verdict=PASS
case=1466 input={T=[7 8 24 40] phi=[4 4 15 14] w=[3 8 24 40] Phi=15 H=840 W=173 sumW=75} fast={maxR=146 minR=85 maxAge=146} naive={maxR=146 minR=85 maxAge=146} verdict=PASS
case=1467 input={T=[25 25 18 20 25] phi=[4 5 1 3 22] w=[1 25 18 4 25] Phi=22 H=900 W=248 sumW=73} fast={maxR=142 minR=93 maxAge=142} naive={maxR=142 minR=93 maxAge=142} verdict=PASS
case=1468 input={T=[21 12 10 14 28 25] phi=[20 7 2 9 13 7] w=[21 12 1 14 28 25] Phi=20 H=2100 W=240 sumW=101} fast={maxR=193 minR=117 maxAge=193} naive={maxR=193 minR=117 maxAge=193} verdict=PASS
case=1469 input={T=[8 8 30 1 17] phi=[0 3 25 0 16] w=[8 8 30 1 17] Phi=25 H=2040 W=153 sumW=64} fast={maxR=118 minR=67 maxAge=118} naive={maxR=118 minR=67 maxAge=118} verdict=PASS
case=1470 input={T=[11 26] phi=[5 6] w=[11 26] Phi=6 H=286 W=80 sumW=37} fast={maxR=72 minR=37 maxAge=72} naive={maxR=72 minR=37 maxAge=72} verdict=PASS
case=1471 input={T=[20 40 3] phi=[12 39 1] w=[4 10 1] Phi=39 H=120 W=165 sumW=15} fast={maxR=59 minR=18 maxAge=59} naive={maxR=59 minR=18 maxAge=59} verdict=PASS
case=1472 input={T=[33 33 6 20] phi=[13 32 1 17] w=[10 33 6 20] Phi=32 H=660 W=216 sumW=69} fast={maxR=133 minR=80 maxAge=133} naive={maxR=133 minR=80 maxAge=133} verdict=PASS
case=1473 input={T=[3 1 3 20 1 13] phi=[0 0 0 17 0 6] w=[3 1 3 11 1 13] Phi=17 H=780 W=99 sumW=32} fast={maxR=67 minR=34 maxAge=67} naive={maxR=67 minR=34 maxAge=67} verdict=PASS
case=1474 input={T=[1 15] phi=[0 0] w=[1 12] Phi=0 H=15 W=32 sumW=13} fast={maxR=27 minR=13 maxAge=27} naive={maxR=27 minR=13 maxAge=27} verdict=PASS
case=1475 input={T=[15 9 8 9 18 1] phi=[0 4 1 4 13 0] w=[15 9 8 9 17 1] Phi=13 H=360 W=133 sumW=59} fast={maxR=99 minR=61 maxAge=99} naive={maxR=99 minR=61 maxAge=99} verdict=PASS
case=1476 input={T=[10 25] phi=[3 9] w=[10 20] Phi=9 H=50 W=79 sumW=30} fast={maxR=60 minR=31 maxAge=60} naive={maxR=60 minR=31 maxAge=60} verdict=PASS
case=1477 input={T=[8 9 34 12 17 24] phi=[0 7 28 8 5 16] w=[8 3 5 12 17 24] Phi=28 H=1224 W=236 sumW=69} fast={maxR=143 minR=88 maxAge=143} naive={maxR=143 minR=88 maxAge=143} verdict=PASS
case=1478 input={T=[15 30 28 25 25] phi=[14 3 25 21 10] w=[15 30 28 25 25] Phi=25 H=2100 W=271 sumW=123} fast={maxR=220 minR=141 maxAge=220} naive={maxR=220 minR=141 maxAge=220} verdict=PASS
case=1479 input={T=[2 3 28 2 21 11] phi=[0 1 19 1 7 10] w=[2 3 1 1 21 3] Phi=19 H=924 W=153 sumW=31} fast={maxR=89 minR=38 maxAge=89} naive={maxR=89 minR=38 maxAge=89} verdict=PASS
case=1480 input={T=[20 2 6 12 30] phi=[9 0 5 2 18] w=[20 1 6 12 30] Phi=18 H=60 W=158 sumW=69} fast={maxR=118 minR=79 maxAge=118} naive={maxR=118 minR=79 maxAge=118} verdict=PASS
case=1481 input={T=[8 1] phi=[2 0] w=[8 1] Phi=2 H=8 W=20 sumW=9} fast={maxR=16 minR=9 maxAge=16} naive={maxR=16 minR=9 maxAge=16} verdict=PASS
case=1482 input={T=[6 40 1 4] phi=[0 24 0 1] w=[6 40 1 4] Phi=24 H=120 W=126 sumW=51} fast={maxR=94 minR=51 maxAge=94} naive={maxR=94 minR=51 maxAge=94} verdict=PASS
case=1483 input={T=[5 12] phi=[0 4] w=[3 5] Phi=4 H=60 W=38 sumW=8} fast={maxR=23 minR=8 maxAge=23} naive={maxR=23 minR=8 maxAge=23} verdict=PASS
case=1484 input={T=[3 10 19 12 24] phi=[2 0 15 11 21] w=[1 6 19 10 24] Phi=21 H=2280 W=157 sumW=60} fast={maxR=111 minR=61 maxAge=111} naive={maxR=111 minR=61 maxAge=111} verdict=PASS
case=1485 input={T=[2 13 4] phi=[0 5 2] w=[2 13 4] Phi=5 H=52 W=43 sumW=19} fast={maxR=35 minR=20 maxAge=35} naive={maxR=35 minR=20 maxAge=35} verdict=PASS
case=1486 input={T=[9 27] phi=[3 21] w=[9 27] Phi=21 H=27 W=93 sumW=36} fast={maxR=62 minR=36 maxAge=62} naive={maxR=62 minR=36 maxAge=62} verdict=PASS
case=1487 input={T=[2 40 6 24] phi=[1 36 3 10] w=[2 40 6 24] Phi=36 H=120 W=180 sumW=72} fast={maxR=136 minR=81 maxAge=136} naive={maxR=136 minR=81 maxAge=136} verdict=PASS
case=1488 input={T=[30 6] phi=[11 2] w=[23 6] Phi=11 H=30 W=83 sumW=29} fast={maxR=62 minR=33 maxAge=62} naive={maxR=62 minR=33 maxAge=62} verdict=PASS
case=1489 input={T=[2 20] phi=[0 3] w=[1 20] Phi=3 H=20 W=47 sumW=21} fast={maxR=40 minR=21 maxAge=40} naive={maxR=40 minR=21 maxAge=40} verdict=PASS
case=1490 input={T=[5 20 12 13 6] phi=[2 11 3 4 0] w=[2 20 12 7 1] Phi=11 H=780 W=123 sumW=42} fast={maxR=85 minR=46 maxAge=85} naive={maxR=85 minR=46 maxAge=85} verdict=PASS
case=1491 input={T=[9 17] phi=[3 15] w=[9 17] Phi=15 H=153 W=67 sumW=26} fast={maxR=50 minR=26 maxAge=50} naive={maxR=50 minR=26 maxAge=50} verdict=PASS
case=1492 input={T=[3 10 13 25] phi=[0 6 3 22] w=[3 4 13 16] Phi=22 H=1950 W=124 sumW=36} fast={maxR=81 minR=40 maxAge=81} naive={maxR=81 minR=40 maxAge=81} verdict=PASS
case=1493 input={T=[31 24 1 32] phi=[3 6 0 16] w=[31 19 1 32] Phi=16 H=2976 W=192 sumW=83} fast={maxR=166 minR=89 maxAge=166} naive={maxR=166 minR=89 maxAge=166} verdict=PASS
case=1494 input={T=[28 24 12 25 15 2] phi=[8 18 1 1 4 0] w=[28 6 3 25 15 2] Phi=18 H=4200 W=230 sumW=79} fast={maxR=165 minR=88 maxAge=165} naive={maxR=165 minR=88 maxAge=165} verdict=PASS
case=1495 input={T=[11 33 24] phi=[10 24 21] w=[11 26 3] Phi=24 H=264 W=160 sumW=40} fast={maxR=97 minR=44 maxAge=97} naive={maxR=97 minR=44 maxAge=97} verdict=PASS
case=1496 input={T=[3 20 6 8 19 1] phi=[2 17 0 4 8 0] w=[1 20 6 8 19 1] Phi=17 H=2280 W=131 sumW=55} fast={maxR=103 minR=56 maxAge=103} naive={maxR=103 minR=56 maxAge=103} verdict=PASS
case=1497 input={T=[17 29 9] phi=[1 26 4] w=[2 27 2] Phi=26 H=4437 W=136 sumW=31} fast={maxR=83 minR=31 maxAge=83} naive={maxR=83 minR=31 maxAge=83} verdict=PASS
case=1498 input={T=[38 4 28 28 18] phi=[31 1 25 1 0] w=[5 1 1 28 18] Phi=31 H=4788 W=263 sumW=53} fast={maxR=140 minR=61 maxAge=140} naive={maxR=140 minR=61 maxAge=140} verdict=PASS
case=1499 input={T=[22 6 19] phi=[14 5 7] w=[22 6 19] Phi=14 H=1254 W=108 sumW=47} fast={maxR=91 minR=48 maxAge=91} naive={maxR=91 minR=48 maxAge=91} verdict=PASS
case=1500 input={T=[7 5 30 9 30] phi=[3 0 14 5 16] w=[7 4 30 9 30] Phi=16 H=630 W=178 sumW=80} fast={maxR=138 minR=103 maxAge=138} naive={maxR=138 minR=103 maxAge=138} verdict=PASS
case=1501 input={T=[1 34 2 12 22] phi=[0 12 0 0 7] w=[1 34 2 12 21] Phi=12 H=2244 W=154 sumW=70} fast={maxR=134 minR=71 maxAge=134} naive={maxR=134 minR=71 maxAge=134} verdict=PASS
case=1502 input={T=[29 6 24 2 20 15] phi=[13 3 15 0 4 4] w=[29 6 24 2 12 15] Phi=15 H=3480 W=207 sumW=88} fast={maxR=171 minR=99 maxAge=171} naive={maxR=171 minR=99 maxAge=171} verdict=PASS
case=1503 input={T=[25 20] phi=[19 16] w=[25 20] Phi=19 H=100 W=109 sumW=45} fast={maxR=86 minR=47 maxAge=86} naive={maxR=86 minR=47 maxAge=86} verdict=PASS
case=1504 input={T=[29 18 3 12] phi=[16 1 0 2] w=[29 18 3 5] Phi=16 H=1044 W=140 sumW=55} fast={maxR=110 minR=59 maxAge=110} naive={maxR=110 minR=59 maxAge=110} verdict=PASS
case=1505 input={T=[27 12 1 23] phi=[6 7 0 12] w=[27 12 1 23] Phi=12 H=2484 W=138 sumW=63} fast={maxR=121 minR=64 maxAge=121} naive={maxR=121 minR=64 maxAge=121} verdict=PASS
case=1506 input={T=[2 22 26 10] phi=[1 8 9 6] w=[1 22 26 10] Phi=9 H=1430 W=129 sumW=59} fast={maxR=114 minR=61 maxAge=114} naive={maxR=114 minR=61 maxAge=114} verdict=PASS
case=1507 input={T=[10 6 27 2 36 12] phi=[8 5 2 1 20 10] w=[5 6 27 2 36 12] Phi=20 H=540 W=206 sumW=88} fast={maxR=161 minR=100 maxAge=161} naive={maxR=161 minR=100 maxAge=161} verdict=PASS
case=1508 input={T=[27 9 40 1 9] phi=[13 6 39 0 2] w=[27 9 40 1 9] Phi=39 H=1080 W=211 sumW=86} fast={maxR=159 minR=88 maxAge=159} naive={maxR=159 minR=88 maxAge=159} verdict=PASS
case=1509 input={T=[15 3] phi=[6 0] w=[3 3] Phi=6 H=15 W=42 sumW=6} fast={maxR=20 minR=6 maxAge=20} naive={maxR=20 minR=6 maxAge=20} verdict=PASS
case=1510 input={T=[35 5 13] phi=[26 1 12] w=[35 5 13] Phi=26 H=455 W=132 sumW=53} fast={maxR=99 minR=53 maxAge=99} naive={maxR=99 minR=53 maxAge=99} verdict=PASS
case=1511 input={T=[26 18] phi=[16 2] w=[26 10] Phi=16 H=234 W=104 sumW=36} fast={maxR=77 minR=36 maxAge=77} naive={maxR=77 minR=36 maxAge=77} verdict=PASS
case=1512 input={T=[22 7 7 20] phi=[6 6 2 3] w=[22 7 7 20] Phi=6 H=1540 W=118 sumW=56} fast={maxR=104 minR=59 maxAge=104} naive={maxR=104 minR=59 maxAge=104} verdict=PASS
case=1513 input={T=[2 7 9 5] phi=[0 4 8 0] w=[2 7 9 5] Phi=8 H=630 W=54 sumW=23} fast={maxR=42 minR=23 maxAge=42} naive={maxR=42 minR=23 maxAge=42} verdict=PASS
case=1514 input={T=[30 3 5 15] phi=[0 0 2 0] w=[30 3 5 15] Phi=2 H=30 W=108 sumW=53} fast={maxR=89 minR=60 maxAge=89} naive={maxR=89 minR=60 maxAge=89} verdict=PASS
case=1515 input={T=[23 1 30 25] phi=[19 0 2 8] w=[23 1 30 25] Phi=19 H=3450 W=177 sumW=79} fast={maxR=151 minR=80 maxAge=151} naive={maxR=151 minR=80 maxAge=151} verdict=PASS
case=1516 input={T=[28 24 34] phi=[14 8 15] w=[28 24 34] Phi=15 H=2856 W=187 sumW=86} fast={maxR=168 minR=89 maxAge=168} naive={maxR=168 minR=89 maxAge=168} verdict=PASS
case=1517 input={T=[30 30 30 26 40] phi=[24 28 27 18 35] w=[30 1 2 26 13] Phi=35 H=1560 W=347 sumW=72} fast={maxR=193 minR=114 maxAge=193} naive={maxR=193 minR=114 maxAge=193} verdict=PASS
case=1518 input={T=[18 15 23 4 2] phi=[13 13 18 1 1] w=[18 15 7 4 2] Phi=18 H=4140 W=142 sumW=46} fast={maxR=99 minR=46 maxAge=99} naive={maxR=99 minR=46 maxAge=99} verdict=PASS
case=1519 input={T=[28 14 24 3 9 16] phi=[9 11 10 2 8 4] w=[28 14 24 1 9 16] Phi=11 H=1008 W=199 sumW=92} fast={maxR=166 minR=103 maxAge=166} naive={maxR=166 minR=103 maxAge=166} verdict=PASS
case=1520 input={T=[13 30 30 13] phi=[6 17 6 12] w=[13 30 30 13] Phi=17 H=390 W=189 sumW=86} fast={maxR=148 minR=110 maxAge=148} naive={maxR=148 minR=110 maxAge=148} verdict=PASS
case=1521 input={T=[12 6] phi=[6 0] w=[12 6] Phi=6 H=12 W=42 sumW=18} fast={maxR=29 minR=18 maxAge=29} naive={maxR=29 minR=18 maxAge=29} verdict=PASS
case=1522 input={T=[26 4 5 10 12] phi=[25 1 2 8 9] w=[26 4 1 10 12] Phi=25 H=780 W=139 sumW=53} fast={maxR=97 minR=54 maxAge=97} naive={maxR=97 minR=54 maxAge=97} verdict=PASS
case=1523 input={T=[4 12 30 8 37 20] phi=[3 3 12 5 21 14] w=[3 12 30 4 37 20] Phi=21 H=4440 W=243 sumW=106} fast={maxR=190 minR=111 maxAge=190} naive={maxR=190 minR=111 maxAge=190} verdict=PASS
case=1524 input={T=[27 26] phi=[23 13] w=[7 26] Phi=23 H=702 W=129 sumW=33} fast={maxR=84 minR=33 maxAge=84} naive={maxR=84 minR=33 maxAge=84} verdict=PASS
case=1525 input={T=[30 25 23] phi=[12 10 1] w=[30 25 23] Phi=12 H=3450 W=168 sumW=78} fast={maxR=152 minR=81 maxAge=152} naive={maxR=152 minR=81 maxAge=152} verdict=PASS
case=1526 input={T=[1 22 20 24 40] phi=[0 18 11 20 3] w=[1 12 1 24 3] Phi=20 H=1320 W=234 sumW=41} fast={maxR=128 minR=49 maxAge=128} naive={maxR=128 minR=49 maxAge=128} verdict=PASS
case=1527 input={T=[7 8 7 13 13] phi=[1 1 6 10 4] w=[7 7 7 13 13] Phi=10 H=728 W=106 sumW=47} fast={maxR=84 minR=59 maxAge=84} naive={maxR=84 minR=59 maxAge=84} verdict=PASS
case=1528 input={T=[3 19 8 20 2] phi=[1 15 0 1 1] w=[3 19 5 20 2] Phi=15 H=2280 W=119 sumW=49} fast={maxR=92 minR=49 maxAge=92} naive={maxR=92 minR=49 maxAge=92} verdict=PASS
case=1529 input={T=[32 30 14] phi=[15 19 11] w=[32 20 12] Phi=19 H=3360 W=171 sumW=64} fast={maxR=135 minR=64 maxAge=135} naive={maxR=135 minR=64 maxAge=135} verdict=PASS
case=1530 input={T=[30 5] phi=[6 0] w=[30 5] Phi=6 H=30 W=76 sumW=35} fast={maxR=68 minR=39 maxAge=68} naive={maxR=68 minR=39 maxAge=68} verdict=PASS
case=1531 input={T=[30 29 6] phi=[15 21 4] w=[17 29 4] Phi=21 H=870 W=151 sumW=50} fast={maxR=112 minR=53 maxAge=112} naive={maxR=112 minR=53 maxAge=112} verdict=PASS
case=1532 input={T=[24 5] phi=[8 3] w=[24 5] Phi=8 H=120 W=66 sumW=29} fast={maxR=56 minR=29 maxAge=56} naive={maxR=56 minR=29 maxAge=56} verdict=PASS
case=1533 input={T=[9 2 38 9 18 3] phi=[8 1 25 0 15 0] w=[9 1 20 9 18 3] Phi=25 H=342 W=183 sumW=60} fast={maxR=126 minR=73 maxAge=126} naive={maxR=126 minR=73 maxAge=126} verdict=PASS
case=1534 input={T=[20 10] phi=[16 3] w=[20 10] Phi=16 H=20 W=76 sumW=30} fast={maxR=56 minR=37 maxAge=56} naive={maxR=56 minR=37 maxAge=56} verdict=PASS
case=1535 input={T=[11 6 6 26] phi=[7 1 5 17] w=[11 6 6 25] Phi=17 H=858 W=115 sumW=48} fast={maxR=91 minR=52 maxAge=91} naive={maxR=91 minR=52 maxAge=91} verdict=PASS
case=1536 input={T=[1 32 3 2] phi=[0 25 2 1] w=[1 32 2 1] Phi=25 H=96 W=101 sumW=36} fast={maxR=69 minR=36 maxAge=69} naive={maxR=69 minR=36 maxAge=69} verdict=PASS
case=1537 input={T=[16 16 7 16 36 2] phi=[6 13 0 14 26 1] w=[16 16 7 16 36 1] Phi=26 H=1008 W=212 sumW=92} fast={maxR=157 minR=110 maxAge=157} naive={maxR=157 minR=110 maxAge=157} verdict=PASS
case=1538 input={T=[30 21] phi=[3 5] w=[30 13] Phi=5 H=210 W=107 sumW=43} fast={maxR=92 minR=45 maxAge=92} naive={maxR=92 minR=45 maxAge=92} verdict=PASS
case=1539 input={T=[5 18] phi=[3 7] w=[5 18] Phi=7 H=90 W=53 sumW=23} fast={maxR=44 minR=23 maxAge=44} naive={maxR=44 minR=23 maxAge=44} verdict=PASS
case=1540 input={T=[3 34 19] phi=[1 23 0] w=[3 9 15] Phi=23 H=1938 W=135 sumW=27} fast={maxR=80 minR=27 maxAge=80} naive={maxR=80 minR=27 maxAge=80} verdict=PASS
case=1541 input={T=[3 30 3] phi=[1 22 1] w=[3 30 3] Phi=22 H=30 W=94 sumW=36} fast={maxR=65 minR=36 maxAge=65} naive={maxR=65 minR=36 maxAge=65} verdict=PASS
case=1542 input={T=[12 1 32 20 21] phi=[5 0 18 15 18] w=[12 1 32 20 21] Phi=18 H=3360 W=190 sumW=86} fast={maxR=162 minR=88 maxAge=162} naive={maxR=162 minR=88 maxAge=162} verdict=PASS
case=1543 input={T=[20 12 2 30] phi=[11 6 1 20] w=[20 12 2 30] Phi=20 H=60 W=148 sumW=64} fast={maxR=118 minR=79 maxAge=118} naive={maxR=118 minR=79 maxAge=118} verdict=PASS
case=1544 input={T=[31 15] phi=[28 4] w=[15 15] Phi=28 H=465 W=120 sumW=30} fast={maxR=74 minR=30 maxAge=74} naive={maxR=74 minR=30 maxAge=74} verdict=PASS
case=1545 input={T=[16 16 1] phi=[3 4 0] w=[16 16 1] Phi=4 H=16 W=70 sumW=33} fast={maxR=49 minR=34 maxAge=49} naive={maxR=49 minR=34 maxAge=49} verdict=PASS
case=1546 input={T=[4 1 34] phi=[1 0 10] w=[4 1 34] Phi=10 H=68 W=88 sumW=39} fast={maxR=74 minR=39 maxAge=74} naive={maxR=74 minR=39 maxAge=74} verdict=PASS
case=1547 input={T=[9 21 2] phi=[2 8 1] w=[9 21 2] Phi=8 H=126 W=72 sumW=32} fast={maxR=59 minR=32 maxAge=59} naive={maxR=59 minR=32 maxAge=59} verdict=PASS
case=1548 input={T=[9 16 22] phi=[1 1 7] w=[9 10 22] Phi=7 H=1584 W=101 sumW=41} fast={maxR=84 minR=41 maxAge=84} naive={maxR=84 minR=41 maxAge=84} verdict=PASS
case=1549 input={T=[4 16 30] phi=[3 15 20] w=[4 1 30] Phi=20 H=240 W=120 sumW=35} fast={maxR=78 minR=35 maxAge=78} naive={maxR=78 minR=35 maxAge=78} verdict=PASS
case=1550 input={T=[12 24 24 20 6] phi=[7 21 19 2 1] w=[12 24 24 20 6] Phi=21 H=120 W=193 sumW=86} fast={maxR=155 minR=114 maxAge=155} naive={maxR=155 minR=114 maxAge=155} verdict=PASS
case=1551 input={T=[14 20 20 12 7] phi=[4 0 17 2 6] w=[1 20 20 11 7] Phi=17 H=420 W=163 sumW=59} fast={maxR=120 minR=79 maxAge=120} naive={maxR=120 minR=79 maxAge=120} verdict=PASS
case=1552 input={T=[25 5 2 8 25] phi=[0 3 0 0 16] w=[25 5 1 8 25] Phi=16 H=200 W=146 sumW=64} fast={maxR=115 minR=91 maxAge=115} naive={maxR=115 minR=91 maxAge=115} verdict=PASS
case=1553 input={T=[36 3 16 16 2] phi=[27 2 13 13 0] w=[17 1 16 16 2] Phi=27 H=144 W=173 sumW=52} fast={maxR=100 minR=53 maxAge=100} naive={maxR=100 minR=53 maxAge=100} verdict=PASS
case=1554 input={T=[4 13] phi=[1 11] w=[1 6] Phi=11 H=52 W=45 sumW=7} fast={maxR=22 minR=7 maxAge=22} naive={maxR=22 minR=7 maxAge=22} verdict=PASS
case=1555 input={T=[10 1 30 20 20 20] phi=[3 0 18 5 18 4] w=[1 1 30 20 20 19] Phi=18 H=60 W=220 sumW=91} fast={maxR=159 minR=120 maxAge=159} naive={maxR=159 minR=120 maxAge=159} verdict=PASS
case=1556 input={T=[15 9] phi=[4 5] w=[15 1] Phi=5 H=45 W=53 sumW=16} fast={maxR=37 minR=17 maxAge=37} naive={maxR=37 minR=17 maxAge=37} verdict=PASS
case=1557 input={T=[5 5 20 30 9] phi=[3 1 8 26 8] w=[5 5 20 30 8] Phi=26 H=180 W=164 sumW=68} fast={maxR=126 minR=81 maxAge=126} naive={maxR=126 minR=81 maxAge=126} verdict=PASS
case=1558 input={T=[6 27 3 40 1] phi=[3 24 2 28 0] w=[1 27 1 40 1] Phi=28 H=1080 W=182 sumW=70} fast={maxR=141 minR=74 maxAge=141} naive={maxR=141 minR=74 maxAge=141} verdict=PASS
case=1559 input={T=[8 25 20 5 19] phi=[2 15 6 0 6] w=[8 3 20 5 19] Phi=15 H=3800 W=169 sumW=55} fast={maxR=125 minR=64 maxAge=125} naive={maxR=125 minR=64 maxAge=125} verdict=PASS
case=1560 input={T=[2 10] phi=[1 1] w=[1 10] Phi=1 H=10 W=25 sumW=11} fast={maxR=21 minR=12 maxAge=21} naive={maxR=21 minR=12 maxAge=21} verdict=PASS
case=1561 input={T=[30 35 21 25 15] phi=[2 12 8 16 3] w=[7 35 21 25 1] Phi=16 H=1050 W=268 sumW=89} fast={maxR=196 minR=107 maxAge=196} naive={maxR=196 minR=107 maxAge=196} verdict=PASS
case=1562 input={T=[12 38 30] phi=[6 13 18] w=[12 38 30] Phi=18 H=1140 W=178 sumW=80} fast={maxR=155 minR=84 maxAge=155} naive={maxR=155 minR=84 maxAge=155} verdict=PASS
case=1563 input={T=[15 34 34 9] phi=[14 13 13 8] w=[15 34 34 9] Phi=14 H=1530 W=198 sumW=92} fast={maxR=146 minR=93 maxAge=146} naive={maxR=146 minR=93 maxAge=146} verdict=PASS
case=1564 input={T=[7 37 8 1] phi=[3 27 7 0] w=[7 3 8 1] Phi=27 H=2072 W=133 sumW=19} fast={maxR=68 minR=19 maxAge=68} naive={maxR=68 minR=19 maxAge=68} verdict=PASS
case=1565 input={T=[5 37 3 24 6 1] phi=[3 1 0 17 1 0] w=[1 5 3 3 6 1] Phi=17 H=4440 W=169 sumW=19} fast={maxR=89 minR=26 maxAge=89} naive={maxR=89 minR=26 maxAge=89} verdict=PASS
case=1566 input={T=[10 23 3 24] phi=[1 1 0 2] w=[10 1 3 24] Phi=2 H=2760 W=122 sumW=38} fast={maxR=94 minR=41 maxAge=94} naive={maxR=94 minR=41 maxAge=94} verdict=PASS
case=1567 input={T=[25 33 2] phi=[16 13 0] w=[25 30 2] Phi=16 H=1650 W=136 sumW=57} fast={maxR=114 minR=57 maxAge=114} naive={maxR=114 minR=57 maxAge=114} verdict=PASS
case=1568 input={T=[32 5 10 7] phi=[15 4 3 0] w=[32 5 2 7] Phi=15 H=1120 W=123 sumW=46} fast={maxR=96 minR=51 maxAge=96} naive={maxR=96 minR=51 maxAge=96} verdict=PASS
case=1569 input={T=[27 9] phi=[13 2] w=[27 9] Phi=13 H=27 W=85 sumW=36} fast={maxR=69 minR=43 maxAge=69} naive={maxR=69 minR=43 maxAge=69} verdict=PASS
case=1570 input={T=[10 3 7 11] phi=[0 1 0 3] w=[10 3 5 11] Phi=3 H=2310 W=65 sumW=29} fast={maxR=56 minR=29 maxAge=56} naive={maxR=56 minR=29 maxAge=56} verdict=PASS
case=1571 input={T=[12 2 14 24 4 4] phi=[2 1 11 13 3 3] w=[12 2 12 7 4 4] Phi=13 H=168 W=133 sumW=41} fast={maxR=88 minR=53 maxAge=88} naive={maxR=88 minR=53 maxAge=88} verdict=PASS
case=1572 input={T=[12 18 3 26 20 10] phi=[4 10 1 24 0 8] w=[12 18 3 2 20 10] Phi=24 H=2340 W=202 sumW=65} fast={maxR=137 minR=74 maxAge=137} naive={maxR=137 minR=74 maxAge=137} verdict=PASS
case=1573 input={T=[5 3 11 30 30 12] phi=[3 0 9 25 15 11] w=[5 3 5 1 30 10] Phi=25 H=660 W=207 sumW=54} fast={maxR=124 minR=79 maxAge=124} naive={maxR=124 minR=79 maxAge=124} verdict=PASS
case=1574 input={T=[6 5 27 3 6] phi=[4 1 8 1 5] w=[5 5 27 3 6] Phi=8 H=270 W=102 sumW=46} fast={maxR=84 minR=49 maxAge=84} naive={maxR=84 minR=49 maxAge=84} verdict=PASS
case=1575 input={T=[32 28] phi=[8 20] w=[30 28] Phi=20 H=224 W=140 sumW=58} fast={maxR=115 minR=60 maxAge=115} naive={maxR=115 minR=60 maxAge=115} verdict=PASS
case=1576 input={T=[1 23] phi=[0 9] w=[1 23] Phi=9 H=23 W=57 sumW=24} fast={maxR=46 minR=24 maxAge=46} naive={maxR=46 minR=24 maxAge=46} verdict=PASS
case=1577 input={T=[14 28 25 30] phi=[7 3 2 25] w=[14 28 25 30] Phi=25 H=2100 W=219 sumW=97} fast={maxR=185 minR=110 maxAge=185} naive={maxR=185 minR=110 maxAge=185} verdict=PASS
case=1578 input={T=[13 20 12 20] phi=[9 10 3 5] w=[13 20 8 20] Phi=10 H=780 W=140 sumW=61} fast={maxR=119 minR=68 maxAge=119} naive={maxR=119 minR=68 maxAge=119} verdict=PASS
case=1579 input={T=[15 39] phi=[9 2] w=[2 39] Phi=9 H=195 W=117 sumW=41} fast={maxR=91 minR=41 maxAge=91} naive={maxR=91 minR=41 maxAge=91} verdict=PASS
case=1580 input={T=[30 24 22 16] phi=[9 6 12 15] w=[30 24 22 16] Phi=15 H=2640 W=199 sumW=92} fast={maxR=177 minR=98 maxAge=177} naive={maxR=177 minR=98 maxAge=177} verdict=PASS
case=1581 input={T=[8 8 23 3 12] phi=[3 4 5 0 11] w=[8 8 23 1 12] Phi=11 H=552 W=119 sumW=52} fast={maxR=91 minR=56 maxAge=91} naive={maxR=91 minR=56 maxAge=91} verdict=PASS
case=1582 input={T=[28 2 20 40 9 15] phi=[13 0 8 6 2 6] w=[28 2 20 40 9 15] Phi=13 H=2520 W=241 sumW=114} fast={maxR=217 minR=134 maxAge=217} naive={maxR=217 minR=134 maxAge=217} verdict=PASS
case=1583 input={T=[28 13 9 3] phi=[9 8 4 0] w=[5 11 9 3] Phi=9 H=3276 W=115 sumW=28} fast={maxR=77 minR=30 maxAge=77} naive={maxR=77 minR=30 maxAge=77} verdict=PASS
case=1584 input={T=[27 24 3] phi=[3 16 2] w=[22 24 3] Phi=16 H=216 W=124 sumW=49} fast={maxR=97 minR=50 maxAge=97} naive={maxR=97 minR=50 maxAge=97} verdict=PASS
case=1585 input={T=[5 7 1 22 10] phi=[2 6 0 14 0] w=[2 2 1 22 10] Phi=14 H=770 W=104 sumW=37} fast={maxR=72 minR=38 maxAge=72} naive={maxR=72 minR=38 maxAge=72} verdict=PASS
case=1586 input={T=[25 4 3 4 16] phi=[5 2 0 3 14] w=[25 4 3 3 16] Phi=14 H=1200 W=118 sumW=51} fast={maxR=92 minR=53 maxAge=92} naive={maxR=92 minR=53 maxAge=92} verdict=PASS
case=1587 input={T=[1 24 9] phi=[0 16 1] w=[1 24 9] Phi=16 H=72 W=84 sumW=34} fast={maxR=63 minR=34 maxAge=63} naive={maxR=63 minR=34 maxAge=63} verdict=PASS
case=1588 input={T=[24 11 7 4 8] phi=[7 10 5 2 0] w=[17 11 7 4 8] Phi=10 H=1848 W=118 sumW=47} fast={maxR=88 minR=49 maxAge=88} naive={maxR=88 minR=49 maxAge=88} verdict=PASS
case=1589 input={T=[24 39 18 1 10 8] phi=[18 25 1 0 0 6] w=[24 39 18 1 10 8] Phi=25 H=4680 W=225 sumW=100} fast={maxR=187 minR=108 maxAge=187} naive={maxR=187 minR=108 maxAge=187} verdict=PASS
case=1590 input={T=[30 18 15 4 18 20] phi=[12 12 4 0 11 19] w=[30 9 15 4 18 20] Phi=19 H=180 W=229 sumW=96} fast={maxR=166 minR=117 maxAge=166} naive={maxR=166 minR=117 maxAge=166} verdict=PASS
case=1591 input={T=[5 24 20 16] phi=[4 8 11 9] w=[4 24 20 16] Phi=11 H=240 W=141 sumW=64} fast={maxR=117 minR=70 maxAge=117} naive={maxR=117 minR=70 maxAge=117} verdict=PASS
case=1592 input={T=[9 34] phi=[2 5] w=[9 34] Phi=5 H=306 W=91 sumW=43} fast={maxR=84 minR=43 maxAge=84} naive={maxR=84 minR=43 maxAge=84} verdict=PASS
case=1593 input={T=[1 25] phi=[0 16] w=[1 25] Phi=16 H=25 W=68 sumW=26} fast={maxR=50 minR=26 maxAge=50} naive={maxR=50 minR=26 maxAge=50} verdict=PASS
case=1594 input={T=[24 14 7] phi=[20 6 1] w=[6 14 7] Phi=20 H=168 W=110 sumW=27} fast={maxR=64 minR=29 maxAge=64} naive={maxR=64 minR=29 maxAge=64} verdict=PASS
case=1595 input={T=[10 8 6 22 36 40] phi=[2 1 5 17 2 4] w=[10 8 6 21 36 40] Phi=17 H=3960 W=261 sumW=121} fast={maxR=221 minR=132 maxAge=221} naive={maxR=221 minR=132 maxAge=221} verdict=PASS
case=1596 input={T=[5 2 25 15 18] phi=[4 0 23 9 14] w=[5 2 17 15 12] Phi=23 H=450 W=153 sumW=51} fast={maxR=108 minR=59 maxAge=108} naive={maxR=108 minR=59 maxAge=108} verdict=PASS
case=1597 input={T=[23 2] phi=[7 0] w=[23 2] Phi=7 H=46 W=57 sumW=25} fast={maxR=48 minR=25 maxAge=48} naive={maxR=48 minR=25 maxAge=48} verdict=PASS
case=1598 input={T=[16 31] phi=[0 5] w=[16 31] Phi=5 H=496 W=99 sumW=47} fast={maxR=92 minR=47 maxAge=92} naive={maxR=92 minR=47 maxAge=92} verdict=PASS
case=1599 input={T=[5 2 17 8 4 15] phi=[4 0 2 0 1 1] w=[5 2 17 8 4 15] Phi=4 H=2040 W=106 sumW=51} fast={maxR=91 minR=57 maxAge=91} naive={maxR=91 minR=57 maxAge=91} verdict=PASS
case=1600 input={T=[11 18 32] phi=[3 6 8] w=[1 15 9] Phi=8 H=3168 W=130 sumW=25} fast={maxR=83 minR=26 maxAge=83} naive={maxR=83 minR=26 maxAge=83} verdict=PASS
case=1601 input={T=[20 36 35 35] phi=[0 17 8 3] w=[20 36 35 35] Phi=17 H=1260 W=269 sumW=126} fast={maxR=242 minR=158 maxAge=242} naive={maxR=242 minR=158 maxAge=242} verdict=PASS
case=1602 input={T=[15 5 32] phi=[14 0 27] w=[15 5 32] Phi=27 H=480 W=131 sumW=52} fast={maxR=98 minR=53 maxAge=98} naive={maxR=98 minR=53 maxAge=98} verdict=PASS
case=1603 input={T=[27 30 8 1 8 4] phi=[7 10 5 0 1 0] w=[27 21 8 1 8 1] Phi=10 H=1080 W=166 sumW=66} fast={maxR=131 minR=72 maxAge=131} naive={maxR=131 minR=72 maxAge=131} verdict=PASS
case=1604 input={T=[15 5 10 38 8] phi=[0 1 0 24 5] w=[15 2 10 38 8] Phi=24 H=2280 W=176 sumW=73} fast={maxR=138 minR=77 maxAge=138} naive={maxR=138 minR=77 maxAge=138} verdict=PASS
case=1605 input={T=[13 3 30 7 15 2] phi=[7 1 16 3 2 0] w=[4 3 30 1 15 1] Phi=16 H=2730 W=156 sumW=54} fast={maxR=111 minR=54 maxAge=111} naive={maxR=111 minR=54 maxAge=111} verdict=PASS
case=1606 input={T=[6 6 13 5 4 13] phi=[3 2 5 0 3 1] w=[6 6 13 5 4 13] Phi=5 H=780 W=99 sumW=47} fast={maxR=82 minR=53 maxAge=82} naive={maxR=82 minR=53 maxAge=82} verdict=PASS
case=1607 input={T=[25 18 7 1] phi=[12 17 2 0] w=[25 18 7 1] Phi=17 H=3150 W=119 sumW=51} fast={maxR=98 minR=51 maxAge=98} naive={maxR=98 minR=51 maxAge=98} verdict=PASS
case=1608 input={T=[24 21 15 12 3] phi=[13 2 7 7 0] w=[24 21 5 12 3] Phi=13 H=840 W=163 sumW=65} fast={maxR=130 minR=71 maxAge=130} naive={maxR=130 minR=71 maxAge=130} verdict=PASS
case=1609 input={T=[35 28] phi=[3 15] w=[10 28] Phi=15 H=140 W=141 sumW=38} fast={maxR=95 minR=40 maxAge=95} naive={maxR=95 minR=40 maxAge=95} verdict=PASS
case=1610 input={T=[40 36 24 21 24 28] phi=[22 18 21 0 18 8] w=[40 36 24 21 14 28] Phi=22 H=2520 W=368 sumW=163} fast={maxR=293 minR=174 maxAge=293} naive={maxR=293 minR=174 maxAge=293} verdict=PASS
case=1611 input={T=[22 13 11] phi=[20 12 7] w=[6 13 11] Phi=20 H=286 W=112 sumW=30} fast={maxR=63 minR=31 maxAge=63} naive={maxR=63 minR=31 maxAge=63} verdict=PASS
case=1612 input={T=[10 6 12 20 1 17] phi=[5 3 10 4 0 3] w=[9 6 12 20 1 17] Phi=10 H=1020 W=142 sumW=65} fast={maxR=112 minR=77 maxAge=112} naive={maxR=112 minR=77 maxAge=112} verdict=PASS
case=1613 input={T=[16 30] phi=[12 22] w=[15 30] Phi=22 H=240 W=114 sumW=45} fast={maxR=89 minR=46 maxAge=89} naive={maxR=89 minR=46 maxAge=89} verdict=PASS
case=1614 input={T=[30 10 8 4 4] phi=[8 4 6 1 3] w=[30 10 5 4 4] Phi=8 H=120 W=120 sumW=53} fast={maxR=98 minR=63 maxAge=98} naive={maxR=98 minR=63 maxAge=98} verdict=PASS
case=1615 input={T=[9 1 10] phi=[8 0 9] w=[9 1 10] Phi=9 H=90 W=49 sumW=20} fast={maxR=37 minR=20 maxAge=37} naive={maxR=37 minR=20 maxAge=37} verdict=PASS
case=1616 input={T=[16 6 4 6 2 8] phi=[3 4 3 3 0 3] w=[6 6 4 5 2 1] Phi=4 H=48 W=88 sumW=24} fast={maxR=56 minR=33 maxAge=56} naive={maxR=56 minR=33 maxAge=56} verdict=PASS
case=1617 input={T=[5 7 12] phi=[4 0 10] w=[5 7 12] Phi=10 H=420 W=58 sumW=24} fast={maxR=45 minR=24 maxAge=45} naive={maxR=45 minR=24 maxAge=45} verdict=PASS
case=1618 input={T=[8 1 9 20 2] phi=[5 0 0 19 1] w=[8 1 9 20 2] Phi=19 H=360 W=99 sumW=40} fast={maxR=71 minR=40 maxAge=71} naive={maxR=71 minR=40 maxAge=71} verdict=PASS
case=1619 input={T=[2 36 39 26 6] phi=[0 0 21 11 0] w=[2 36 39 26 6] Phi=21 H=468 W=239 sumW=109} fast={maxR=199 minR=116 maxAge=199} naive={maxR=199 minR=116 maxAge=199} verdict=PASS
case=1620 input={T=[6 29 5] phi=[5 5 4] w=[6 29 5] Phi=5 H=870 W=85 sumW=40} fast={maxR=77 minR=40 maxAge=77} naive={maxR=77 minR=40 maxAge=77} verdict=PASS
case=1621 input={T=[40 15 14 30 20 30] phi=[10 4 9 28 13 5] w=[40 15 4 30 20 27] Phi=28 H=840 W=326 sumW=136} fast={maxR=241 minR=162 maxAge=241} naive={maxR=241 minR=162 maxAge=241} verdict=PASS
case=1622 input={T=[7 22 15 20] phi=[6 10 7 5] w=[7 15 15 20] Phi=10 H=4620 W=138 sumW=57} fast={maxR=115 minR=60 maxAge=115} naive={maxR=115 minR=60 maxAge=115} verdict=PASS
case=1623 input={T=[7 1 28 20 1 1] phi=[1 0 22 3 0 0] w=[7 1 28 4 1 1] Phi=22 H=140 W=138 sumW=42} fast={maxR=92 minR=49 maxAge=92} naive={maxR=92 minR=49 maxAge=92} verdict=PASS
case=1624 input={T=[28 2 3 40] phi=[26 1 2 37] w=[28 2 3 40] Phi=37 H=840 W=183 sumW=73} fast={maxR=142 minR=75 maxAge=142} naive={maxR=142 minR=75 maxAge=142} verdict=PASS
case=1625 input={T=[14 31 3] phi=[8 14 0] w=[14 31 3] Phi=14 H=1302 W=110 sumW=48} fast={maxR=93 minR=48 maxAge=93} naive={maxR=93 minR=48 maxAge=93} verdict=PASS
case=1626 input={T=[21 6 3] phi=[4 1 0] w=[5 5 3] Phi=4 H=42 W=64 sumW=13} fast={maxR=37 minR=14 maxAge=37} naive={maxR=37 minR=14 maxAge=37} verdict=PASS
case=1627 input={T=[2 11 22 16] phi=[1 8 21 2] w=[2 11 22 14] Phi=21 H=176 W=123 sumW=49} fast={maxR=88 minR=53 maxAge=88} naive={maxR=88 minR=53 maxAge=88} verdict=PASS
case=1628 input={T=[9 20] phi=[6 9] w=[9 20] Phi=9 H=180 W=67 sumW=29} fast={maxR=56 minR=29 maxAge=56} naive={maxR=56 minR=29 maxAge=56} verdict=PASS
case=1629 input={T=[11 22] phi=[3 18] w=[3 22] Phi=18 H=22 W=84 sumW=25} fast={maxR=47 minR=26 maxAge=47} naive={maxR=47 minR=26 maxAge=47} verdict=PASS
case=1630 input={T=[30 1 20 2] phi=[14 0 6 1] w=[22 1 20 2] Phi=14 H=60 W=120 sumW=45} fast={maxR=94 minR=55 maxAge=94} naive={maxR=94 minR=55 maxAge=94} verdict=PASS
case=1631 input={T=[11 1 28] phi=[4 0 14] w=[11 1 16] Phi=14 H=308 W=94 sumW=28} fast={maxR=65 minR=28 maxAge=65} naive={maxR=65 minR=28 maxAge=65} verdict=PASS
case=1632 input={T=[12 24 18 5 16 20] phi=[1 4 6 1 2 6] w=[12 7 18 5 16 20] Phi=6 H=720 W=196 sumW=78} fast={maxR=144 minR=89 maxAge=144} naive={maxR=144 minR=89 maxAge=144} verdict=PASS
case=1633 input={T=[6 8 16 8 16] phi=[4 4 13 5 1] w=[6 4 16 8 16] Phi=13 H=48 W=121 sumW=50} fast={maxR=86 minR=67 maxAge=86} naive={maxR=86 minR=67 maxAge=86} verdict=PASS
case=1634 input={T=[33 20 24 3] phi=[3 7 12 1] w=[28 20 8 3] Phi=12 H=1320 W=172 sumW=59} fast={maxR=132 minR=64 maxAge=132} naive={maxR=132 minR=64 maxAge=132} verdict=PASS
case=1635 input={T=[3 12 6 26 6 31] phi=[0 10 1 14 3 7] w=[3 12 6 25 6 31] Phi=14 H=4836 W=182 sumW=83} fast={maxR=153 minR=88 maxAge=153} naive={maxR=153 minR=88 maxAge=153} verdict=PASS
case=1636 input={T=[18 29] phi=[6 15] w=[18 29] Phi=15 H=522 W=109 sumW=47} fast={maxR=92 minR=47 maxAge=92} naive={maxR=92 minR=47 maxAge=92} verdict=PASS
case=1637 input={T=[29 25] phi=[3 10] w=[23 22] Phi=10 H=725 W=118 sumW=45} fast={maxR=97 minR=45 maxAge=97} naive={maxR=97 minR=45 maxAge=97} verdict=PASS
case=1638 input={T=[20 32] phi=[9 3] w=[19 17] Phi=9 H=160 W=113 sumW=36} fast={maxR=86 minR=39 maxAge=86} naive={maxR=86 minR=39 maxAge=86} verdict=PASS
case=1639 input={T=[14 10] phi=[0 7] w=[4 2] Phi=7 H=70 W=55 sumW=6} fast={maxR=28 minR=7 maxAge=28} naive={maxR=28 minR=7 maxAge=28} verdict=PASS
case=1640 input={T=[1 40 18 7 35 9] phi=[0 11 7 6 25 6] w=[1 40 18 7 35 9] Phi=25 H=2520 W=245 sumW=110} fast={maxR=206 minR=121 maxAge=206} naive={maxR=206 minR=121 maxAge=206} verdict=PASS
case=1641 input={T=[39 10] phi=[13 5] w=[39 10] Phi=13 H=390 W=111 sumW=49} fast={maxR=96 minR=49 maxAge=96} naive={maxR=96 minR=49 maxAge=96} verdict=PASS
case=1642 input={T=[40 30 24 10 5 10] phi=[30 17 19 4 3 9] w=[40 30 24 10 5 10] Phi=30 H=120 W=268 sumW=119} fast={maxR=218 minR=149 maxAge=218} naive={maxR=218 minR=149 maxAge=218} verdict=PASS
case=1643 input={T=[6 40 6 12 35 9] phi=[0 1 5 8 5 1] w=[3 9 6 12 26 9] Phi=8 H=2520 W=224 sumW=65} fast={maxR=156 minR=76 maxAge=156} naive={maxR=156 minR=76 maxAge=156} verdict=PASS
case=1644 input={T=[21 24 16] phi=[20 6 8] w=[16 24 12] Phi=20 H=336 W=142 sumW=52} fast={maxR=103 minR=54 maxAge=103} naive={maxR=103 minR=54 maxAge=103} verdict=PASS
case=1645 input={T=[10 30] phi=[3 5] w=[10 30] Phi=5 H=30 W=85 sumW=40} fast={maxR=71 minR=42 maxAge=71} naive={maxR=71 minR=42 maxAge=71} verdict=PASS
case=1646 input={T=[4 14] phi=[2 13] w=[4 3] Phi=13 H=28 W=49 sumW=7} fast={maxR=23 minR=8 maxAge=23} naive={maxR=23 minR=8 maxAge=23} verdict=PASS
case=1647 input={T=[2 4 7] phi=[1 0 5] w=[1 2 7] Phi=5 H=28 W=31 sumW=10} fast={maxR=19 minR=10 maxAge=19} naive={maxR=19 minR=10 maxAge=19} verdict=PASS
case=1648 input={T=[2 21 35 6 10 24] phi=[0 2 11 2 4 19] w=[2 10 33 6 10 24] Phi=19 H=840 W=215 sumW=85} fast={maxR=172 minR=101 maxAge=172} naive={maxR=172 minR=101 maxAge=172} verdict=PASS
case=1649 input={T=[35 25 2 24 3 5] phi=[14 5 1 6 1 4] w=[35 25 2 24 2 5] Phi=14 H=4200 W=202 sumW=93} fast={maxR=174 minR=100 maxAge=174} naive={maxR=174 minR=100 maxAge=174} verdict=PASS
case=1650 input={T=[7 6 15 24] phi=[6 0 5 2] w=[3 4 2 7] Phi=6 H=840 W=110 sumW=16} fast={maxR=59 minR=18 maxAge=59} naive={maxR=59 minR=18 maxAge=59} verdict=PASS
case=1651 input={T=[10 36] phi=[6 22] w=[10 36] Phi=22 H=180 W=114 sumW=46} fast={maxR=89 minR=46 maxAge=89} naive={maxR=89 minR=46 maxAge=89} verdict=PASS
case=1652 input={T=[16 12 16 8 8 36] phi=[15 5 4 0 6 28] w=[14 12 16 8 8 36] Phi=28 H=144 W=220 sumW=94} fast={maxR=164 minR=117 maxAge=164} naive={maxR=164 minR=117 maxAge=164} verdict=PASS
case=1653 input={T=[11 20 22 32] phi=[5 7 19 25] w=[11 20 22 32] Phi=25 H=1760 W=195 sumW=85} fast={maxR=161 minR=90 maxAge=161} naive={maxR=161 minR=90 maxAge=161} verdict=PASS
case=1654 input={T=[5 2 18] phi=[3 0 16] w=[5 1 18] Phi=16 H=90 W=66 sumW=24} fast={maxR=46 minR=25 maxAge=46} naive={maxR=46 minR=25 maxAge=46} verdict=PASS
case=1655 input={T=[7 30 25] phi=[0 6 22] w=[7 30 25] Phi=22 H=1050 W=146 sumW=62} fast={maxR=118 minR=63 maxAge=118} naive={maxR=118 minR=63 maxAge=118} verdict=PASS
case=1656 input={T=[3 4 34 1 3] phi=[0 3 19 0 1] w=[3 4 17 1 3] Phi=19 H=204 W=109 sumW=28} fast={maxR=66 minR=28 maxAge=66} naive={maxR=66 minR=28 maxAge=66} verdict=PASS
case=1657 input={T=[7 10 30] phi=[4 0 3] w=[7 10 30] Phi=4 H=210 W=98 sumW=47} fast={maxR=85 minR=50 maxAge=85} naive={maxR=85 minR=50 maxAge=85} verdict=PASS
case=1658 input={T=[7 6 20] phi=[3 5 13] w=[7 5 20] Phi=13 H=420 W=79 sumW=32} fast={maxR=62 minR=33 maxAge=62} naive={maxR=62 minR=33 maxAge=62} verdict=PASS
case=1659 input={T=[39 20 25 25] phi=[4 1 20 2] w=[39 20 25 25] Phi=20 H=3900 W=238 sumW=109} fast={maxR=197 minR=120 maxAge=197} naive={maxR=197 minR=120 maxAge=197} verdict=PASS
case=1660 input={T=[24 25 6 5 16 3] phi=[13 23 1 3 11 2] w=[13 25 6 5 16 3] Phi=23 H=1200 W=181 sumW=68} fast={maxR=138 minR=73 maxAge=138} naive={maxR=138 minR=73 maxAge=138} verdict=PASS
case=1661 input={T=[1 3 16] phi=[0 1 6] w=[1 3 16] Phi=6 H=48 W=46 sumW=20} fast={maxR=37 minR=20 maxAge=37} naive={maxR=37 minR=20 maxAge=37} verdict=PASS
case=1662 input={T=[36 30] phi=[15 3] w=[36 30] Phi=15 H=180 W=147 sumW=66} fast={maxR=125 minR=66 maxAge=125} naive={maxR=125 minR=66 maxAge=125} verdict=PASS
case=1663 input={T=[23 30] phi=[22 16] w=[23 30] Phi=22 H=690 W=128 sumW=53} fast={maxR=104 minR=53 maxAge=104} naive={maxR=104 minR=53 maxAge=104} verdict=PASS
case=1664 input={T=[12 14 12] phi=[7 6 6] w=[12 14 8] Phi=7 H=84 W=83 sumW=34} fast={maxR=66 minR=43 maxAge=66} naive={maxR=66 minR=43 maxAge=66} verdict=PASS
case=1665 input={T=[6 20] phi=[5 14] w=[6 20] Phi=14 H=60 W=66 sumW=26} fast={maxR=50 minR=27 maxAge=50} naive={maxR=50 minR=27 maxAge=50} verdict=PASS
case=1666 input={T=[4 35 22 15] phi=[2 18 7 14] w=[4 35 19 15] Phi=18 H=4620 W=170 sumW=73} fast={maxR=142 minR=75 maxAge=142} naive={maxR=142 minR=75 maxAge=142} verdict=PASS
case=1667 input={T=[24 16 33 24 30] phi=[6 1 12 7 22] w=[24 16 33 24 22] Phi=22 H=2640 W=276 sumW=119} fast={maxR=217 minR=146 maxAge=217} naive={maxR=217 minR=146 maxAge=217} verdict=PASS
case=1668 input={T=[19 15] phi=[5 14] w=[19 15] Phi=14 H=285 W=82 sumW=34} fast={maxR=66 minR=34 maxAge=66} naive={maxR=66 minR=34 maxAge=66} verdict=PASS
case=1669 input={T=[15 25 7 3] phi=[2 9 4 0] w=[15 25 4 3] Phi=9 H=525 W=109 sumW=47} fast={maxR=90 minR=49 maxAge=90} naive={maxR=90 minR=49 maxAge=90} verdict=PASS
case=1670 input={T=[3 8 32 4] phi=[2 2 5 2] w=[3 8 20 4] Phi=5 H=96 W=99 sumW=35} fast={maxR=72 minR=39 maxAge=72} naive={maxR=72 minR=39 maxAge=72} verdict=PASS
case=1671 input={T=[1 36 36] phi=[0 23 21] w=[1 36 36] Phi=23 H=36 W=169 sumW=73} fast={maxR=142 minR=107 maxAge=142} naive={maxR=142 minR=107 maxAge=142} verdict=PASS
case=1672 input={T=[10 8] phi=[6 3] w=[10 8] Phi=6 H=40 W=42 sumW=18} fast={maxR=34 minR=19 maxAge=34} naive={maxR=34 minR=19 maxAge=34} verdict=PASS
case=1673 input={T=[12 15] phi=[8 1] w=[4 15] Phi=8 H=60 W=62 sumW=19} fast={maxR=43 minR=20 maxAge=43} naive={maxR=43 minR=20 maxAge=43} verdict=PASS
case=1674 input={T=[5 22 8] phi=[1 3 2] w=[2 22 1] Phi=3 H=440 W=73 sumW=25} fast={maxR=57 minR=26 maxAge=57} naive={maxR=57 minR=26 maxAge=57} verdict=PASS
case=1675 input={T=[12 7 19] phi=[9 3 0] w=[12 7 6] Phi=9 H=1596 W=85 sumW=25} fast={maxR=60 minR=25 maxAge=60} naive={maxR=60 minR=25 maxAge=60} verdict=PASS
case=1676 input={T=[32 12 35] phi=[2 0 34] w=[28 12 35] Phi=34 H=3360 W=192 sumW=75} fast={maxR=150 minR=77 maxAge=150} naive={maxR=150 minR=77 maxAge=150} verdict=PASS
case=1677 input={T=[16 7 11 14 12] phi=[14 5 10 1 10] w=[16 3 6 14 12] Phi=14 H=3696 W=134 sumW=51} fast={maxR=103 minR=56 maxAge=103} naive={maxR=103 minR=56 maxAge=103} verdict=PASS
case=1678 input={T=[15 24 25 10 9 10] phi=[12 5 12 8 8 2] w=[15 24 25 10 9 10] Phi=12 H=1800 W=198 sumW=93} fast={maxR=169 minR=105 maxAge=169} naive={maxR=169 minR=105 maxAge=169} verdict=PASS
case=1679 input={T=[1 7 1 37 13] phi=[0 5 0 12 10] w=[1 1 1 37 13] Phi=12 H=3367 W=130 sumW=53} fast={maxR=107 minR=53 maxAge=107} naive={maxR=107 minR=53 maxAge=107} verdict=PASS
case=1680 input={T=[22 7] phi=[9 3] w=[22 7] Phi=9 H=154 W=67 sumW=29} fast={maxR=56 minR=29 maxAge=56} naive={maxR=56 minR=29 maxAge=56} verdict=PASS
case=1681 input={T=[16 31 10] phi=[9 27 0] w=[16 31 10] Phi=27 H=2480 W=141 sumW=57} fast={maxR=110 minR=57 maxAge=110} naive={maxR=110 minR=57 maxAge=110} verdict=PASS
case=1682 input={T=[25 10] phi=[21 3] w=[25 10] Phi=21 H=50 W=91 sumW=35} fast={maxR=66 minR=37 maxAge=66} naive={maxR=66 minR=37 maxAge=66} verdict=PASS
case=1683 input={T=[20 9 6 12 36] phi=[1 4 4 1 29] w=[20 9 6 12 36] Phi=29 H=180 W=195 sumW=83} fast={maxR=143 minR=92 maxAge=143} naive={maxR=143 minR=92 maxAge=143} verdict=PASS
case=1684 input={T=[28 25 3 30 14 6] phi=[16 2 1 12 4 1] w=[9 22 2 27 14 1] Phi=16 H=2100 W=228 sumW=75} fast={maxR=161 minR=88 maxAge=161} naive={maxR=161 minR=88 maxAge=161} verdict=PASS
case=1685 input={T=[8 4] phi=[2 1] w=[8 4] Phi=2 H=8 W=26 sumW=12} fast={maxR=22 minR=15 maxAge=22} naive={maxR=22 minR=15 maxAge=22} verdict=PASS
case=1686 input={T=[40 21 5 7 6] phi=[27 3 0 5 4] w=[40 21 3 7 6] Phi=27 H=840 W=185 sumW=77} fast={maxR=144 minR=83 maxAge=144} naive={maxR=144 minR=83 maxAge=144} verdict=PASS
case=1687 input={T=[1 30 15 30 2] phi=[0 12 3 3 0] w=[1 30 15 30 1] Phi=12 H=30 W=168 sumW=77} fast={maxR=113 minR=84 maxAge=113} naive={maxR=113 minR=84 maxAge=113} verdict=PASS
case=1688 input={T=[18 24 4] phi=[17 18 3] w=[18 24 4] Phi=18 H=72 W=110 sumW=46} fast={maxR=83 minR=48 maxAge=83} naive={maxR=83 minR=48 maxAge=83} verdict=PASS
case=1689 input={T=[20 30 15 31 10 20] phi=[11 26 4 9 0 7] w=[20 30 15 31 10 20] Phi=26 H=1860 W=278 sumW=126} fast={maxR=215 minR=156 maxAge=215} naive={maxR=215 minR=156 maxAge=215} verdict=PASS
case=1690 input={T=[30 24 16 20 14] phi=[22 11 12 1 10] w=[29 24 16 20 14] Phi=22 H=1680 W=230 sumW=103} fast={maxR=185 minR=114 maxAge=185} naive={maxR=185 minR=114 maxAge=185} verdict=PASS
case=1691 input={T=[2 17 20 12] phi=[1 8 1 1] w=[1 10 20 12] Phi=8 H=1020 W=110 sumW=43} fast={maxR=87 minR=44 maxAge=87} naive={maxR=87 minR=44 maxAge=87} verdict=PASS
case=1692 input={T=[18 17 18] phi=[15 14 4] w=[18 17 18] Phi=15 H=306 W=121 sumW=53} fast={maxR=96 minR=61 maxAge=96} naive={maxR=96 minR=61 maxAge=96} verdict=PASS
case=1693 input={T=[7 7 24 6 12 30] phi=[6 6 19 4 2 28] w=[1 7 24 6 12 30] Phi=28 H=840 W=200 sumW=80} fast={maxR=154 minR=101 maxAge=154} naive={maxR=154 minR=101 maxAge=154} verdict=PASS
case=1694 input={T=[31 11] phi=[4 3] w=[31 11] Phi=4 H=341 W=88 sumW=42} fast={maxR=82 minR=42 maxAge=82} naive={maxR=82 minR=42 maxAge=82} verdict=PASS
case=1695 input={T=[3 3 27 27 15 2] phi=[0 2 12 26 10 0] w=[1 3 27 27 15 2] Phi=26 H=270 W=180 sumW=75} fast={maxR=132 minR=93 maxAge=132} naive={maxR=132 minR=93 maxAge=132} verdict=PASS
case=1696 input={T=[2 27 27 8] phi=[1 4 4 4] w=[2 27 27 8] Phi=4 H=216 W=132 sumW=64} fast={maxR=98 minR=65 maxAge=98} naive={maxR=98 minR=65 maxAge=98} verdict=PASS
case=1697 input={T=[3 34 3 25 2] phi=[0 27 1 22 1] w=[3 34 2 25 2] Phi=27 H=2550 W=161 sumW=66} fast={maxR=126 minR=67 maxAge=126} naive={maxR=126 minR=67 maxAge=126} verdict=PASS
case=1698 input={T=[8 2 33 32] phi=[5 0 25 16] w=[8 2 33 32] Phi=25 H=1056 W=175 sumW=75} fast={maxR=146 minR=83 maxAge=146} naive={maxR=146 minR=83 maxAge=146} verdict=PASS
case=1699 input={T=[22 12 5 12 9] phi=[5 11 0 9 4] w=[18 12 5 12 4] Phi=11 H=1980 W=131 sumW=51} fast={maxR=94 minR=57 maxAge=94} naive={maxR=94 minR=57 maxAge=94} verdict=PASS
case=1700 input={T=[8 15 25 7 2] phi=[4 1 24 4 0] w=[8 15 25 7 2] Phi=24 H=4200 W=138 sumW=57} fast={maxR=107 minR=60 maxAge=107} naive={maxR=107 minR=60 maxAge=107} verdict=PASS
case=1701 input={T=[5 24 30 25 5 24] phi=[0 4 24 1 2 22] w=[4 24 6 20 4 24] Phi=24 H=600 W=250 sumW=82} fast={maxR=167 minR=97 maxAge=167} naive={maxR=167 minR=97 maxAge=167} verdict=PASS
case=1702 input={T=[25 8 2 2 13 8] phi=[23 6 1 0 5 5] w=[25 8 2 2 13 6] Phi=23 H=2600 W=139 sumW=56} fast={maxR=101 minR=62 maxAge=101} naive={maxR=101 minR=62 maxAge=101} verdict=PASS
case=1703 input={T=[2 25 8 13 20 10] phi=[0 2 3 12 8 6] w=[2 25 8 6 16 4] Phi=12 H=2600 W=168 sumW=61} fast={maxR=125 minR=70 maxAge=125} naive={maxR=125 minR=70 maxAge=125} verdict=PASS
case=1704 input={T=[7 8 12 6] phi=[3 2 6 2] w=[7 6 12 6] Phi=6 H=168 W=72 sumW=31} fast={maxR=56 minR=35 maxAge=56} naive={maxR=56 minR=35 maxAge=56} verdict=PASS
case=1705 input={T=[24 6 17 3 3 15] phi=[23 4 13 2 2 8] w=[7 6 17 3 1 15] Phi=23 H=2040 W=159 sumW=49} fast={maxR=107 minR=57 maxAge=107} naive={maxR=107 minR=57 maxAge=107} verdict=PASS
case=1706 input={T=[5 22 9 6 15 24] phi=[0 6 7 5 11 23] w=[4 14 2 6 15 24] Phi=23 H=3960 W=185 sumW=65} fast={maxR=135 minR=73 maxAge=135} naive={maxR=135 minR=73 maxAge=135} verdict=PASS
case=1707 input={T=[36 2 10 12] phi=[16 1 3 2] w=[36 2 10 12] Phi=16 H=180 W=136 sumW=60} fast={maxR=105 minR=70 maxAge=105} naive={maxR=105 minR=70 maxAge=105} verdict=PASS
case=1708 input={T=[10 10 2 2 30] phi=[7 5 0 0 10] w=[6 10 2 2 30] Phi=10 H=30 W=118 sumW=50} fast={maxR=82 minR=53 maxAge=82} naive={maxR=82 minR=53 maxAge=82} verdict=PASS
case=1709 input={T=[27 36 20 10 3 20] phi=[1 33 9 6 0 9] w=[27 31 16 10 3 20] Phi=33 H=540 W=265 sumW=107} fast={maxR=193 minR=124 maxAge=193} naive={maxR=193 minR=124 maxAge=193} verdict=PASS
case=1710 input={T=[26 20 2 36 15] phi=[19 1 1 12 7] w=[26 20 2 36 15] Phi=19 H=2340 W=217 sumW=99} fast={maxR=185 minR=107 maxAge=185} naive={maxR=185 minR=107 maxAge=185} verdict=PASS
case=1711 input={T=[26 29 8] phi=[14 12 0] w=[26 29 7] Phi=14 H=3016 W=140 sumW=62} fast={maxR=122 minR=63 maxAge=122} naive={maxR=122 minR=63 maxAge=122} verdict=PASS
case=1712 input={T=[4 37 6 18 3] phi=[0 4 5 5 0] w=[4 37 6 15 2] Phi=5 H=1332 W=141 sumW=64} fast={maxR=120 minR=65 maxAge=120} naive={maxR=120 minR=65 maxAge=120} verdict=PASS
case=1713 input={T=[39 3] phi=[36 0] w=[39 3] Phi=36 H=39 W=120 sumW=42} fast={maxR=80 minR=42 maxAge=80} naive={maxR=80 minR=42 maxAge=80} verdict=PASS
case=1714 input={T=[1 9 10 23 3 5] phi=[0 7 1 8 0 2] w=[1 9 7 23 3 5] Phi=8 H=2070 W=110 sumW=48} fast={maxR=92 minR=51 maxAge=92} naive={maxR=92 minR=51 maxAge=92} verdict=PASS
case=1715 input={T=[4 24 38 28 38 7] phi=[2 8 36 12 21 3] w=[4 24 38 28 28 7] Phi=36 H=3192 W=314 sumW=129} fast={maxR=229 minR=164 maxAge=229} naive={maxR=229 minR=164 maxAge=229} verdict=PASS
case=1716 input={T=[1 6 30 13] phi=[0 3 15 5] w=[1 6 30 13] Phi=15 H=390 W=115 sumW=50} fast={maxR=91 minR=50 maxAge=91} naive={maxR=91 minR=50 maxAge=91} verdict=PASS
case=1717 input={T=[38 5 10 20] phi=[7 1 3 14] w=[9 5 6 20] Phi=14 H=380 W=160 sumW=40} fast={maxR=102 minR=47 maxAge=102} naive={maxR=102 minR=47 maxAge=102} verdict=PASS
case=1718 input={T=[10 34 20] phi=[8 21 7] w=[10 34 20] Phi=21 H=340 W=149 sumW=64} fast={maxR=118 minR=69 maxAge=118} naive={maxR=118 minR=69 maxAge=118} verdict=PASS
case=1719 input={T=[9 15 38 15] phi=[1 7 21 13] w=[9 15 10 15] Phi=21 H=1710 W=175 sumW=49} fast={maxR=110 minR=60 maxAge=110} naive={maxR=110 minR=60 maxAge=110} verdict=PASS
case=1720 input={T=[7 30 2 20 33] phi=[4 4 1 14 14] w=[6 22 1 20 33] Phi=14 H=4620 W=198 sumW=82} fast={maxR=165 minR=91 maxAge=165} naive={maxR=165 minR=91 maxAge=165} verdict=PASS
case=1721 input={T=[12 33] phi=[4 4] w=[12 33] Phi=4 H=132 W=94 sumW=45} fast={maxR=86 minR=45 maxAge=86} naive={maxR=86 minR=45 maxAge=86} verdict=PASS
case=1722 input={T=[9 30] phi=[8 28] w=[9 2] Phi=28 H=90 W=106 sumW=11} fast={maxR=48 minR=13 maxAge=48} naive={maxR=48 minR=13 maxAge=48} verdict=PASS
case=1723 input={T=[30 30] phi=[5 17] w=[13 30] Phi=17 H=30 W=137 sumW=43} fast={maxR=101 minR=72 maxAge=101} naive={maxR=101 minR=72 maxAge=101} verdict=PASS
case=1724 input={T=[12 3 17] phi=[10 0 4] w=[1 2 6] Phi=10 H=204 W=74 sumW=9} fast={maxR=37 minR=10 maxAge=37} naive={maxR=37 minR=10 maxAge=37} verdict=PASS
case=1725 input={T=[12 27 28] phi=[1 20 11] w=[12 27 28] Phi=20 H=756 W=154 sumW=67} fast={maxR=129 minR=70 maxAge=129} naive={maxR=129 minR=70 maxAge=129} verdict=PASS
case=1726 input={T=[32 4 2 24 27] phi=[10 3 1 1 9] w=[32 2 2 24 27] Phi=10 H=864 W=188 sumW=87} fast={maxR=163 minR=92 maxAge=163} naive={maxR=163 minR=92 maxAge=163} verdict=PASS
case=1727 input={T=[23 25 6] phi=[5 1 3] w=[23 25 6] Phi=5 H=3450 W=113 sumW=54} fast={maxR=105 minR=54 maxAge=105} naive={maxR=105 minR=54 maxAge=105} verdict=PASS
case=1728 input={T=[24 10] phi=[14 6] w=[24 7] Phi=14 H=120 W=82 sumW=31} fast={maxR=62 minR=31 maxAge=62} naive={maxR=62 minR=31 maxAge=62} verdict=PASS
case=1729 input={T=[4 8] phi=[1 0] w=[4 3] Phi=1 H=8 W=25 sumW=7} fast={maxR=17 minR=10 maxAge=17} naive={maxR=17 minR=10 maxAge=17} verdict=PASS
case=1730 input={T=[30 15 4 15 9] phi=[22 6 2 7 7] w=[15 15 4 2 9] Phi=22 H=180 W=168 sumW=45} fast={maxR=107 minR=72 maxAge=107} naive={maxR=107 minR=72 maxAge=107} verdict=PASS
case=1731 input={T=[5 12 26 18 9] phi=[3 3 1 8 7] w=[4 12 26 18 2] Phi=8 H=2340 W=148 sumW=62} fast={maxR=124 minR=73 maxAge=124} naive={maxR=124 minR=73 maxAge=124} verdict=PASS
case=1732 input={T=[1 2] phi=[0 0] w=[1 2] Phi=0 H=2 W=6 sumW=3} fast={maxR=4 minR=3 maxAge=4} naive={maxR=4 minR=3 maxAge=4} verdict=PASS
case=1733 input={T=[3 8 30] phi=[1 0 29] w=[3 8 30] Phi=29 H=120 W=111 sumW=41} fast={maxR=78 minR=43 maxAge=78} naive={maxR=78 minR=43 maxAge=78} verdict=PASS
case=1734 input={T=[9 34 2] phi=[3 15 0] w=[9 29 1] Phi=15 H=306 W=105 sumW=39} fast={maxR=80 minR=39 maxAge=80} naive={maxR=80 minR=39 maxAge=80} verdict=PASS
case=1735 input={T=[33 15 15 15] phi=[29 2 8 10] w=[33 15 13 15] Phi=29 H=165 W=185 sumW=76} fast={maxR=130 minR=86 maxAge=130} naive={maxR=130 minR=86 maxAge=130} verdict=PASS
case=1736 input={T=[2 15 24 25 24] phi=[1 7 7 8 15] w=[2 15 24 21 24] Phi=15 H=600 W=195 sumW=86} fast={maxR=157 minR=98 maxAge=157} naive={maxR=157 minR=98 maxAge=157} verdict=PASS
case=1737 input={T=[23 2] phi=[14 1] w=[23 1] Phi=14 H=46 W=64 sumW=24} fast={maxR=47 minR=24 maxAge=47} naive={maxR=47 minR=24 maxAge=47} verdict=PASS
case=1738 input={T=[38 10] phi=[31 5] w=[38 5] Phi=31 H=190 W=127 sumW=43} fast={maxR=88 minR=43 maxAge=88} naive={maxR=88 minR=43 maxAge=88} verdict=PASS
case=1739 input={T=[4 28 29 6] phi=[0 2 2 3] w=[1 14 27 6] Phi=3 H=2436 W=137 sumW=48} fast={maxR=108 minR=49 maxAge=108} naive={maxR=108 minR=49 maxAge=108} verdict=PASS
case=1740 input={T=[10 12 15 5 25 24] phi=[8 5 12 2 16 22] w=[10 1 15 2 25 24] Phi=22 H=600 W=204 sumW=77} fast={maxR=143 minR=90 maxAge=143} naive={maxR=143 minR=90 maxAge=143} verdict=PASS
case=1741 input={T=[27 2 14 1 4] phi=[2 0 13 0 1] w=[27 2 10 1 4] Phi=13 H=756 W=109 sumW=44} fast={maxR=87 minR=46 maxAge=87} naive={maxR=87 minR=46 maxAge=87} verdict=PASS
case=1742 input={T=[40 8 40 16 30] phi=[39 5 33 10 5] w=[40 8 40 7 30] Phi=39 H=240 W=307 sumW=125} fast={maxR=225 minR=156 maxAge=225} naive={maxR=225 minR=156 maxAge=225} verdict=PASS
case=1743 input={T=[1 18 3 32] phi=[0 1 2 19] w=[1 18 3 32] Phi=19 H=288 W=127 sumW=54} fast={maxR=102 minR=55 maxAge=102} naive={maxR=102 minR=55 maxAge=102} verdict=PASS
case=1744 input={T=[15 4] phi=[8 3] w=[15 4] Phi=8 H=60 W=46 sumW=19} fast={maxR=36 minR=19 maxAge=36} naive={maxR=36 minR=19 maxAge=36} verdict=PASS
case=1745 input={T=[25 12 18 15 12 6] phi=[22 4 16 7 1 2] w=[25 9 18 2 12 6] Phi=22 H=900 W=198 sumW=72} fast={maxR=136 minR=77 maxAge=136} naive={maxR=136 minR=77 maxAge=136} verdict=PASS
case=1746 input={T=[7 22 36] phi=[6 4 1] w=[7 22 36] Phi=6 H=2772 W=136 sumW=65} fast={maxR=127 minR=66 maxAge=127} naive={maxR=127 minR=66 maxAge=127} verdict=PASS
case=1747 input={T=[36 16 6 4 20] phi=[0 12 4 3 13] w=[23 4 6 1 20] Phi=13 H=720 W=177 sumW=54} fast={maxR=120 minR=57 maxAge=120} naive={maxR=120 minR=57 maxAge=120} verdict=PASS
case=1748 input={T=[10 15] phi=[2 4] w=[10 15] Phi=4 H=30 W=54 sumW=25} fast={maxR=46 minR=27 maxAge=46} naive={maxR=46 minR=27 maxAge=46} verdict=PASS
case=1749 input={T=[7 24 2 24 9 12] phi=[2 5 0 13 2 11] w=[7 24 1 24 9 12] Phi=13 H=504 W=169 sumW=77} fast={maxR=126 minR=85 maxAge=126} naive={maxR=126 minR=85 maxAge=126} verdict=PASS
case=1750 input={T=[2 1 6 8] phi=[1 0 4 0] w=[2 1 6 8] Phi=4 H=24 W=38 sumW=17} fast={maxR=28 minR=17 maxAge=28} naive={maxR=28 minR=17 maxAge=28} verdict=PASS
case=1751 input={T=[9 13] phi=[8 0] w=[9 13] Phi=8 H=117 W=52 sumW=22} fast={maxR=42 minR=22 maxAge=42} naive={maxR=42 minR=22 maxAge=42} verdict=PASS
case=1752 input={T=[7 30 4 6 4] phi=[5 4 0 4 2] w=[5 30 3 6 4] Phi=5 H=420 W=107 sumW=48} fast={maxR=88 minR=51 maxAge=88} naive={maxR=88 minR=51 maxAge=88} verdict=PASS
case=1753 input={T=[2 35 40 8 16] phi=[0 13 37 6 11] w=[2 35 40 7 16] Phi=37 H=560 W=239 sumW=100} fast={maxR=188 minR=111 maxAge=188} naive={maxR=188 minR=111 maxAge=188} verdict=PASS
case=1754 input={T=[2 29 6 7] phi=[0 1 1 4] w=[1 29 6 7] Phi=4 H=1218 W=92 sumW=43} fast={maxR=83 minR=44 maxAge=83} naive={maxR=83 minR=44 maxAge=83} verdict=PASS
case=1755 input={T=[10 38 2 12] phi=[5 1 0 3] w=[4 38 2 12] Phi=5 H=1140 W=129 sumW=56} fast={maxR=113 minR=58 maxAge=113} naive={maxR=113 minR=58 maxAge=113} verdict=PASS
case=1756 input={T=[24 38 15] phi=[12 20 8] w=[24 38 15] Phi=20 H=2280 W=174 sumW=77} fast={maxR=148 minR=77 maxAge=148} naive={maxR=148 minR=77 maxAge=148} verdict=PASS
case=1757 input={T=[15 5] phi=[11 2] w=[15 2] Phi=11 H=15 W=51 sumW=17} fast={maxR=32 minR=18 maxAge=32} naive={maxR=32 minR=18 maxAge=32} verdict=PASS
case=1758 input={T=[38 30] phi=[11 28] w=[7 30] Phi=28 H=570 W=164 sumW=37} fast={maxR=102 minR=37 maxAge=102} naive={maxR=102 minR=37 maxAge=102} verdict=PASS
case=1759 input={T=[7 3 8] phi=[5 0 6] w=[7 3 8] Phi=6 H=168 W=42 sumW=18} fast={maxR=33 minR=18 maxAge=33} naive={maxR=33 minR=18 maxAge=33} verdict=PASS
case=1760 input={T=[3 29 2 27] phi=[2 27 0 18] w=[1 29 1 27] Phi=27 H=1566 W=149 sumW=58} fast={maxR=114 minR=58 maxAge=114} naive={maxR=114 minR=58 maxAge=114} verdict=PASS
case=1761 input={T=[26 22 5 2 26 1] phi=[0 5 2 1 12 0] w=[26 5 5 2 25 1] Phi=12 H=1430 W=176 sumW=64} fast={maxR=115 minR=90 maxAge=115} naive={maxR=115 minR=90 maxAge=115} verdict=PASS
case=1762 input={T=[1 14 8 16 20] phi=[0 1 4 6 15] w=[1 10 3 16 10] Phi=15 H=560 W=133 sumW=40} fast={maxR=92 minR=49 maxAge=92} naive={maxR=92 minR=49 maxAge=92} verdict=PASS
case=1763 input={T=[12 5 12 16 8 27] phi=[10 0 5 5 3 23] w=[12 4 12 16 8 27] Phi=23 H=2160 W=183 sumW=79} fast={maxR=147 minR=88 maxAge=147} naive={maxR=147 minR=88 maxAge=147} verdict=PASS
case=1764 input={T=[30 26] phi=[7 8] w=[30 26] Phi=8 H=390 W=120 sumW=56} fast={maxR=110 minR=57 maxAge=110} naive={maxR=110 minR=57 maxAge=110} verdict=PASS
case=1765 input={T=[15 19 27 9] phi=[10 11 8 0] w=[15 19 27 9] Phi=11 H=2565 W=151 sumW=70} fast={maxR=127 minR=71 maxAge=127} naive={maxR=127 minR=71 maxAge=127} verdict=PASS
case=1766 input={T=[38 38 25 30 1 6] phi=[7 28 10 0 0 1] w=[38 38 22 30 1 6] Phi=28 H=2850 W=304 sumW=135} fast={maxR=245 minR=160 maxAge=245} naive={maxR=245 minR=160 maxAge=245} verdict=PASS
case=1767 input={T=[9 26 12 24 15] phi=[0 25 7 16 13] w=[9 26 12 24 15] Phi=25 H=4680 W=197 sumW=86} fast={maxR=162 minR=97 maxAge=162} naive={maxR=162 minR=97 maxAge=162} verdict=PASS
case=1768 input={T=[9 25 9 19] phi=[0 19 3 2] w=[9 21 9 19] Phi=19 H=4275 W=143 sumW=58} fast={maxR=111 minR=58 maxAge=111} naive={maxR=111 minR=58 maxAge=111} verdict=PASS
case=1769 input={T=[1 14] phi=[0 5] w=[1 14] Phi=5 H=14 W=35 sumW=15} fast={maxR=28 minR=15 maxAge=28} naive={maxR=28 minR=15 maxAge=28} verdict=PASS
case=1770 input={T=[20 15 18 20 8 18] phi=[6 12 12 1 5 7] w=[20 4 18 20 8 18] Phi=12 H=360 W=210 sumW=88} fast={maxR=160 minR=103 maxAge=160} naive={maxR=160 minR=103 maxAge=160} verdict=PASS
case=1771 input={T=[24 18 9 12 18] phi=[0 8 3 4 5] w=[24 18 9 12 18] Phi=8 H=72 W=170 sumW=81} fast={maxR=130 minR=95 maxAge=130} naive={maxR=130 minR=95 maxAge=130} verdict=PASS
case=1772 input={T=[21 7 37] phi=[10 5 7] w=[21 7 37] Phi=10 H=777 W=140 sumW=65} fast={maxR=123 minR=67 maxAge=123} naive={maxR=123 minR=67 maxAge=123} verdict=PASS
case=1773 input={T=[12 20 6 3 1 35] phi=[10 18 5 0 0 7] w=[12 20 6 2 1 16] Phi=18 H=420 W=172 sumW=57} fast={maxR=120 minR=66 maxAge=120} naive={maxR=120 minR=66 maxAge=120} verdict=PASS
case=1774 input={T=[24 16 1 35 1 20] phi=[22 11 0 14 0 13] w=[24 6 1 35 1 20] Phi=22 H=1680 W=216 sumW=87} fast={maxR=174 minR=95 maxAge=174} naive={maxR=174 minR=95 maxAge=174} verdict=PASS
case=1775 input={T=[11 6 24 26] phi=[9 2 13 24] w=[1 4 24 26] Phi=24 H=3432 W=158 sumW=55} fast={maxR=114 minR=57 maxAge=114} naive={maxR=114 minR=57 maxAge=114} verdict=PASS
case=1776 input={T=[16 30] phi=[4 20] w=[16 30] Phi=20 H=240 W=112 sumW=46} fast={maxR=89 minR=46 maxAge=89} naive={maxR=89 minR=46 maxAge=89} verdict=PASS
case=1777 input={T=[2 25 7 20 1] phi=[0 20 6 11 0] w=[1 24 7 8 1] Phi=20 H=700 W=130 sumW=41} fast={maxR=91 minR=42 maxAge=91} naive={maxR=91 minR=42 maxAge=91} verdict=PASS
case=1778 input={T=[4 10 29] phi=[1 7 8] w=[2 10 29] Phi=8 H=580 W=94 sumW=41} fast={maxR=80 minR=41 maxAge=80} naive={maxR=80 minR=41 maxAge=80} verdict=PASS
case=1779 input={T=[3 10] phi=[2 6] w=[3 10] Phi=6 H=30 W=32 sumW=13} fast={maxR=24 minR=13 maxAge=24} naive={maxR=24 minR=13 maxAge=24} verdict=PASS
case=1780 input={T=[4 7 24 1] phi=[1 3 6 0] w=[4 7 24 1] Phi=6 H=168 W=78 sumW=36} fast={maxR=65 minR=38 maxAge=65} naive={maxR=65 minR=38 maxAge=65} verdict=PASS
case=1781 input={T=[5 6 21 10] phi=[3 3 8 7] w=[5 6 13 10] Phi=8 H=210 W=92 sumW=34} fast={maxR=68 minR=39 maxAge=68} naive={maxR=68 minR=39 maxAge=68} verdict=PASS
case=1782 input={T=[2 39 20] phi=[1 8 0] w=[1 6 6] Phi=8 H=780 W=130 sumW=13} fast={maxR=70 minR=13 maxAge=70} naive={maxR=70 minR=13 maxAge=70} verdict=PASS
case=1783 input={T=[32 7 2] phi=[0 3 0] w=[32 4 2] Phi=3 H=224 W=85 sumW=38} fast={maxR=75 minR=38 maxAge=75} naive={maxR=75 minR=38 maxAge=75} verdict=PASS
case=1784 input={T=[33 15 6 10 14] phi=[5 13 1 4 2] w=[33 15 5 9 11] Phi=13 H=2310 W=169 sumW=73} fast={maxR=143 minR=82 maxAge=143} naive={maxR=143 minR=82 maxAge=143} verdict=PASS
case=1785 input={T=[25 3] phi=[18 1] w=[25 3] Phi=18 H=75 W=74 sumW=28} fast={maxR=54 minR=28 maxAge=54} naive={maxR=54 minR=28 maxAge=54} verdict=PASS
case=1786 input={T=[1 30] phi=[0 18] w=[1 30] Phi=18 H=30 W=80 sumW=31} fast={maxR=60 minR=31 maxAge=60} naive={maxR=60 minR=31 maxAge=60} verdict=PASS
case=1787 input={T=[17 2] phi=[13 0] w=[17 1] Phi=13 H=34 W=51 sumW=18} fast={maxR=35 minR=18 maxAge=35} naive={maxR=35 minR=18 maxAge=35} verdict=PASS
case=1788 input={T=[24 21 24 11] phi=[4 7 21 9] w=[10 21 24 11] Phi=21 H=1848 W=181 sumW=66} fast={maxR=133 minR=76 maxAge=133} naive={maxR=133 minR=76 maxAge=133} verdict=PASS
case=1789 input={T=[10 4 32 9 27 3] phi=[3 3 7 1 7 1] w=[10 2 19 7 24 3] Phi=7 H=4320 W=177 sumW=65} fast={maxR=140 minR=75 maxAge=140} naive={maxR=140 minR=75 maxAge=140} verdict=PASS
case=1790 input={T=[35 30 4 35 16] phi=[22 13 1 8 14] w=[35 30 4 9 12] Phi=22 H=1680 W=262 sumW=90} fast={maxR=196 minR=112 maxAge=196} naive={maxR=196 minR=112 maxAge=196} verdict=PASS
case=1791 input={T=[4 13 12 22] phi=[1 11 4 18] w=[3 13 12 22] Phi=18 H=1716 W=120 sumW=50} fast={maxR=96 minR=53 maxAge=96} naive={maxR=96 minR=53 maxAge=96} verdict=PASS
case=1792 input={T=[37 12] phi=[34 7] w=[37 4] Phi=34 H=444 W=132 sumW=41} fast={maxR=88 minR=41 maxAge=88} naive={maxR=88 minR=41 maxAge=88} verdict=PASS
case=1793 input={T=[12 3 25 12] phi=[3 2 3 6] w=[12 3 3 6] Phi=6 H=300 W=110 sumW=24} fast={maxR=68 minR=33 maxAge=68} naive={maxR=68 minR=33 maxAge=68} verdict=PASS
case=1794 input={T=[10 3 3] phi=[8 0 0] w=[10 3 3] Phi=8 H=30 W=40 sumW=16} fast={maxR=27 minR=16 maxAge=27} naive={maxR=27 minR=16 maxAge=27} verdict=PASS
case=1795 input={T=[4 10 1 14] phi=[1 9 0 6] w=[4 10 1 7] Phi=9 H=140 W=67 sumW=22} fast={maxR=45 minR=22 maxAge=45} naive={maxR=45 minR=22 maxAge=45} verdict=PASS
case=1796 input={T=[23 36] phi=[7 13] w=[23 36] Phi=13 H=828 W=131 sumW=59} fast={maxR=116 minR=59 maxAge=116} naive={maxR=116 minR=59 maxAge=116} verdict=PASS
case=1797 input={T=[16 9 25 2] phi=[15 3 16 0] w=[16 4 25 1] Phi=16 H=3600 W=120 sumW=46} fast={maxR=93 minR=46 maxAge=93} naive={maxR=93 minR=46 maxAge=93} verdict=PASS
case=1798 input={T=[20 14 15 16] phi=[13 4 3 14] w=[20 11 15 16] Phi=14 H=1680 W=144 sumW=62} fast={maxR=120 minR=69 maxAge=120} naive={maxR=120 minR=69 maxAge=120} verdict=PASS
case=1799 input={T=[3 25 20 12] phi=[1 18 14 1] w=[3 1 20 12] Phi=18 H=300 W=138 sumW=36} fast={maxR=86 minR=39 maxAge=86} naive={maxR=86 minR=39 maxAge=86} verdict=PASS
case=1800 input={T=[16 18 16 5] phi=[15 6 2 2] w=[16 18 16 1] Phi=15 H=720 W=125 sumW=51} fast={maxR=87 minR=52 maxAge=87} naive={maxR=87 minR=52 maxAge=87} verdict=PASS
case=1801 input={T=[33 6 25 25] phi=[17 0 1 19] w=[16 6 7 25] Phi=19 H=1650 W=197 sumW=54} fast={maxR=124 minR=65 maxAge=124} naive={maxR=124 minR=65 maxAge=124} verdict=PASS
case=1802 input={T=[34 2] phi=[8 0] w=[34 2] Phi=8 H=34 W=80 sumW=36} fast={maxR=69 minR=36 maxAge=69} naive={maxR=69 minR=36 maxAge=69} verdict=PASS
case=1803 input={T=[20 1 12 36 7] phi=[15 0 0 15 2] w=[18 1 12 36 7] Phi=15 H=1260 W=167 sumW=74} fast={maxR=136 minR=79 maxAge=136} naive={maxR=136 minR=79 maxAge=136} verdict=PASS
case=1804 input={T=[24 7 30 6] phi=[18 3 16 4] w=[24 7 30 6] Phi=18 H=840 W=152 sumW=67} fast={maxR=123 minR=70 maxAge=123} naive={maxR=123 minR=70 maxAge=123} verdict=PASS
case=1805 input={T=[20 3 3 2 10] phi=[5 2 1 0 3] w=[20 1 3 2 10] Phi=5 H=60 W=81 sumW=36} fast={maxR=67 minR=38 maxAge=67} naive={maxR=67 minR=38 maxAge=67} verdict=PASS
case=1806 input={T=[3 36 16 1 1] phi=[0 25 4 0 0] w=[3 36 16 1 1] Phi=25 H=144 W=139 sumW=57} fast={maxR=108 minR=61 maxAge=108} naive={maxR=108 minR=61 maxAge=108} verdict=PASS
case=1807 input={T=[17 5 3] phi=[1 0 1] w=[5 5 3] Phi=1 H=255 W=51 sumW=13} fast={maxR=35 minR=13 maxAge=35} naive={maxR=35 minR=13 maxAge=35} verdict=PASS
case=1808 input={T=[35 20 33 5 10] phi=[12 6 24 3 9] w=[35 18 33 5 10] Phi=24 H=4620 W=230 sumW=101} fast={maxR=191 minR=112 maxAge=191} naive={maxR=191 minR=112 maxAge=191} verdict=PASS
case=1809 input={T=[20 7 9 24 4] phi=[10 1 2 12 1] w=[7 7 9 24 4] Phi=12 H=2520 W=140 sumW=51} fast={maxR=106 minR=55 maxAge=106} naive={maxR=106 minR=55 maxAge=106} verdict=PASS
case=1810 input={T=[35 3 20 28 6] phi=[20 1 0 11 2] w=[35 3 20 11 6] Phi=20 H=420 W=204 sumW=75} fast={maxR=144 minR=85 maxAge=144} naive={maxR=144 minR=85 maxAge=144} verdict=PASS
case=1811 input={T=[30 5 22] phi=[4 2 12] w=[30 5 22] Phi=12 H=330 W=126 sumW=57} fast={maxR=109 minR=60 maxAge=109} naive={maxR=109 minR=60 maxAge=109} verdict=PASS
case=1812 input={T=[40 24 36 9 6 15] phi=[29 0 33 5 3 2] w=[40 24 36 9 6 6] Phi=33 H=360 W=293 sumW=121} fast={maxR=223 minR=144 maxAge=223} naive={maxR=223 minR=144 maxAge=223} verdict=PASS
case=1813 input={T=[10 15 2 2] phi=[8 0 0 1] w=[10 15 1 2] Phi=8 H=30 W=66 sumW=28} fast={maxR=50 minR=31 maxAge=50} naive={maxR=50 minR=31 maxAge=50} verdict=PASS
case=1814 input={T=[6 33 3 2 1] phi=[1 24 1 0 0] w=[6 33 3 2 1] Phi=24 H=66 W=114 sumW=45} fast={maxR=83 minR=48 maxAge=83} naive={maxR=83 minR=48 maxAge=83} verdict=PASS
case=1815 input={T=[31 16 10 1 1] phi=[15 10 3 0 0] w=[31 16 10 1 1] Phi=15 H=2480 W=133 sumW=59} fast={maxR=113 minR=60 maxAge=113} naive={maxR=113 minR=60 maxAge=113} verdict=PASS
case=1816 input={T=[2 26 15 4] phi=[0 11 3 2] w=[2 26 10 2] Phi=11 H=780 W=105 sumW=40} fast={maxR=83 minR=42 maxAge=83} naive={maxR=83 minR=42 maxAge=83} verdict=PASS
case=1817 input={T=[12 28 15 10 36 3] phi=[9 16 3 7 12 2] w=[12 1 15 10 36 3] Phi=16 H=1260 W=224 sumW=77} fast={maxR=175 minR=92 maxAge=175} naive={maxR=175 minR=92 maxAge=175} verdict=PASS
case=1818 input={T=[5 2 6 16 25 20] phi=[1 0 3 1 10 13] w=[5 2 6 16 25 20] Phi=13 H=1200 W=161 sumW=74} fast={maxR=136 minR=82 maxAge=136} naive={maxR=136 minR=82 maxAge=136} verdict=PASS
case=1819 input={T=[15 15 22 27 3 33] phi=[13 10 21 24 0 25] w=[7 5 22 27 2 33] Phi=25 H=2970 W=255 sumW=96} fast={maxR=188 minR=111 maxAge=188} naive={maxR=188 minR=111 maxAge=188} verdict=PASS
case=1820 input={T=[27 6 6 3] phi=[25 2 2 2] w=[27 6 5 3] Phi=25 H=54 W=109 sumW=41} fast={maxR=72 minR=43 maxAge=72} naive={maxR=72 minR=43 maxAge=72} verdict=PASS
case=1821 input={T=[5 10 27 4 6] phi=[2 4 15 3 0] w=[3 10 27 2 6] Phi=15 H=540 W=119 sumW=48} fast={maxR=94 minR=53 maxAge=94} naive={maxR=94 minR=53 maxAge=94} verdict=PASS
case=1822 input={T=[21 16 32 18 21 1] phi=[20 3 7 17 7 0] w=[21 16 20 18 21 1] Phi=20 H=2016 W=238 sumW=97} fast={maxR=176 minR=114 maxAge=176} naive={maxR=176 minR=114 maxAge=176} verdict=PASS
case=1823 input={T=[8 1 1 30 16 30] phi=[2 0 0 11 7 9] w=[5 1 1 27 16 30] Phi=11 H=240 W=183 sumW=80} fast={maxR=130 minR=95 maxAge=130} naive={maxR=130 minR=95 maxAge=130} verdict=PASS
case=1824 input={T=[9 15 10 5 4 26] phi=[4 2 7 1 1 13] w=[9 3 10 5 4 26] Phi=13 H=2340 W=151 sumW=57} fast={maxR=116 minR=65 maxAge=116} naive={maxR=116 minR=65 maxAge=116} verdict=PASS
case=1825 input={T=[24 10] phi=[10 4] w=[16 10] Phi=10 H=120 W=78 sumW=26} fast={maxR=57 minR=26 maxAge=57} naive={maxR=57 minR=26 maxAge=57} verdict=PASS
case=1826 input={T=[3 13 20] phi=[2 9 9] w=[3 13 20] Phi=9 H=780 W=81 sumW=36} fast={maxR=69 minR=36 maxAge=69} naive={maxR=69 minR=36 maxAge=69} verdict=PASS
case=1827 input={T=[30 2 25 2] phi=[23 1 7 1] w=[13 1 25 2] Phi=23 H=150 W=141 sumW=41} fast={maxR=95 minR=46 maxAge=95} naive={maxR=95 minR=46 maxAge=95} verdict=PASS
case=1828 input={T=[4 27 23] phi=[3 15 6] w=[4 15 22] Phi=15 H=2484 W=123 sumW=41} fast={maxR=92 minR=41 maxAge=92} naive={maxR=92 minR=41 maxAge=92} verdict=PASS
case=1829 input={T=[3 19 4 8] phi=[0 0 1 0] w=[1 19 4 4] Phi=1 H=456 W=69 sumW=28} fast={maxR=58 minR=31 maxAge=58} naive={maxR=58 minR=31 maxAge=58} verdict=PASS
case=1830 input={T=[24 28 8 30] phi=[1 3 1 17] w=[24 28 8 30] Phi=17 H=840 W=197 sumW=90} fast={maxR=165 minR=94 maxAge=165} naive={maxR=165 minR=94 maxAge=165} verdict=PASS
case=1831 input={T=[24 15 5 5] phi=[12 11 0 4] w=[8 10 5 2] Phi=12 H=120 W=110 sumW=25} fast={maxR=68 minR=33 maxAge=68} naive={maxR=68 minR=33 maxAge=68} verdict=PASS
case=1832 input={T=[14 4 12 12 29 24] phi=[13 0 10 9 2 20] w=[14 4 9 12 29 24] Phi=20 H=4872 W=210 sumW=92} fast={maxR=162 minR=103 maxAge=162} naive={maxR=162 minR=103 maxAge=162} verdict=PASS
case=1833 input={T=[6 8 30 30] phi=[1 7 10 25] w=[6 8 30 30] Phi=25 H=120 W=173 sumW=74} fast={maxR=125 minR=90 maxAge=125} naive={maxR=125 minR=90 maxAge=125} verdict=PASS
case=1834 input={T=[30 5] phi=[25 1] w=[30 5] Phi=25 H=30 W=95 sumW=35} fast={maxR=65 minR=36 maxAge=65} naive={maxR=65 minR=36 maxAge=65} verdict=PASS
case=1835 input={T=[25 5 30 30] phi=[9 3 23 28] w=[5 1 30 30] Phi=28 H=150 W=208 sumW=66} fast={maxR=128 minR=79 maxAge=128} naive={maxR=128 minR=79 maxAge=128} verdict=PASS
case=1836 input={T=[18 1 10 6 20 7] phi=[6 0 5 0 9 6] w=[18 1 10 6 20 7] Phi=9 H=1260 W=133 sumW=62} fast={maxR=111 minR=70 maxAge=111} naive={maxR=111 minR=70 maxAge=111} verdict=PASS
case=1837 input={T=[30 37] phi=[26 22] w=[30 37] Phi=26 H=1110 W=160 sumW=67} fast={maxR=132 minR=67 maxAge=132} naive={maxR=132 minR=67 maxAge=132} verdict=PASS
case=1838 input={T=[13 29 10] phi=[6 11 4] w=[13 18 10] Phi=11 H=3770 W=115 sumW=41} fast={maxR=90 minR=41 maxAge=90} naive={maxR=90 minR=41 maxAge=90} verdict=PASS
case=1839 input={T=[35 36 27] phi=[0 14 12] w=[35 36 27] Phi=14 H=3780 W=210 sumW=98} fast={maxR=192 minR=105 maxAge=192} naive={maxR=192 minR=105 maxAge=192} verdict=PASS
case=1840 input={T=[27 16] phi=[3 2] w=[27 16] Phi=3 H=432 W=89 sumW=43} fast={maxR=84 minR=43 maxAge=84} naive={maxR=84 minR=43 maxAge=84} verdict=PASS
case=1841 input={T=[4 27 6 8 7] phi=[1 25 0 2 3] w=[4 15 6 1 6] Phi=25 H=1512 W=129 sumW=32} fast={maxR=77 minR=36 maxAge=77} naive={maxR=77 minR=36 maxAge=77} verdict=PASS
case=1842 input={T=[1 23 30 1] phi=[0 9 17 0] w=[1 23 30 1] Phi=17 H=690 W=127 sumW=55} fast={maxR=106 minR=55 maxAge=106} naive={maxR=106 minR=55 maxAge=106} verdict=PASS
case=1843 input={T=[35 20] phi=[1 6] w=[35 19] Phi=6 H=140 W=116 sumW=54} fast={maxR=103 minR=54 maxAge=103} naive={maxR=103 minR=54 maxAge=103} verdict=PASS
case=1844 input={T=[24 25 12] phi=[19 6 1] w=[5 25 12] Phi=19 H=600 W=141 sumW=42} fast={maxR=89 minR=42 maxAge=89} naive={maxR=89 minR=42 maxAge=89} verdict=PASS
case=1845 input={T=[9 5 16 16] phi=[4 4 12 7] w=[9 5 16 8] Phi=12 H=720 W=104 sumW=38} fast={maxR=76 minR=49 maxAge=76} naive={maxR=76 minR=49 maxAge=76} verdict=PASS
case=1846 input={T=[24 2 38 3] phi=[16 1 27 0] w=[21 2 5 3] Phi=27 H=456 W=161 sumW=31} fast={maxR=91 minR=32 maxAge=91} naive={maxR=91 minR=32 maxAge=91} verdict=PASS
case=1847 input={T=[22 11 28 10 12] phi=[9 9 18 8 3] w=[22 11 18 10 11] Phi=18 H=4620 W=184 sumW=72} fast={maxR=136 minR=73 maxAge=136} naive={maxR=136 minR=73 maxAge=136} verdict=PASS
case=1848 input={T=[6 29 20 3 8 3] phi=[4 26 7 2 5 1] w=[6 13 20 3 1 3] Phi=26 H=3480 W=164 sumW=46} fast={maxR=104 minR=51 maxAge=104} naive={maxR=104 minR=51 maxAge=104} verdict=PASS
case=1849 input={T=[1 8 5 20 3 17] phi=[0 5 3 0 1 7] w=[1 1 5 20 1 17] Phi=7 H=2040 W=115 sumW=45} fast={maxR=91 minR=50 maxAge=91} naive={maxR=91 minR=50 maxAge=91} verdict=PASS
case=1850 input={T=[35 33] phi=[18 26] w=[35 33] Phi=26 H=1155 W=162 sumW=68} fast={maxR=134 minR=68 maxAge=134} naive={maxR=134 minR=68 maxAge=134} verdict=PASS
case=1851 input={T=[36 27 3 3 28] phi=[4 9 1 2 17] w=[12 27 3 3 28] Phi=17 H=756 W=211 sumW=73} fast={maxR=156 minR=77 maxAge=156} naive={maxR=156 minR=77 maxAge=156} verdict=PASS
case=1852 input={T=[9 5] phi=[1 3] w=[9 5] Phi=3 H=45 W=31 sumW=14} fast={maxR=26 minR=14 maxAge=26} naive={maxR=26 minR=14 maxAge=26} verdict=PASS
case=1853 input={T=[5 37 5 10 40 2] phi=[0 5 0 9 14 1] w=[5 5 5 10 40 2] Phi=14 H=1480 W=212 sumW=67} fast={maxR=156 minR=77 maxAge=156} naive={maxR=156 minR=77 maxAge=156} verdict=PASS
case=1854 input={T=[31 19 31] phi=[3 0 23] w=[31 19 31] Phi=23 H=589 W=185 sumW=81} fast={maxR=143 minR=82 maxAge=143} naive={maxR=143 minR=82 maxAge=143} verdict=PASS
case=1855 input={T=[12 30 40 28] phi=[3 25 30 4] w=[12 30 30 8] Phi=30 H=840 W=250 sumW=80} fast={maxR=172 minR=89 maxAge=172} naive={maxR=172 minR=89 maxAge=172} verdict=PASS
case=1856 input={T=[19 13 15] phi=[5 12 8] w=[19 13 15] Phi=12 H=3705 W=106 sumW=47} fast={maxR=91 minR=47 maxAge=91} naive={maxR=91 minR=47 maxAge=91} verdict=PASS
case=1857 input={T=[1 7] phi=[0 4] w=[1 7] Phi=4 H=7 W=20 sumW=8} fast={maxR=14 minR=8 maxAge=14} naive={maxR=14 minR=8 maxAge=14} verdict=PASS
case=1858 input={T=[18 3 8 13 10] phi=[12 0 5 12 7] w=[18 2 8 13 4] Phi=12 H=4680 W=116 sumW=45} fast={maxR=90 minR=47 maxAge=90} naive={maxR=90 minR=47 maxAge=90} verdict=PASS
case=1859 input={T=[6 19] phi=[2 4] w=[6 19] Phi=4 H=114 W=54 sumW=25} fast={maxR=48 minR=25 maxAge=48} naive={maxR=48 minR=25 maxAge=48} verdict=PASS
case=1860 input={T=[3 4 20 31 20] phi=[2 1 10 10 11] w=[1 4 20 2 17] Phi=11 H=1860 W=167 sumW=44} fast={maxR=105 minR=64 maxAge=105} naive={maxR=105 minR=64 maxAge=105} verdict=PASS
case=1861 input={T=[20 15 12 24 31 15] phi=[14 3 10 17 12 0] w=[6 15 4 24 31 15] Phi=17 H=3720 W=251 sumW=95} fast={maxR=185 minR=111 maxAge=185} naive={maxR=185 minR=111 maxAge=185} verdict=PASS
case=1862 input={T=[36 40 6 9 16] phi=[15 18 3 8 11] w=[36 40 6 9 14] Phi=18 H=720 W=232 sumW=105} fast={maxR=201 minR=118 maxAge=201} naive={maxR=201 minR=118 maxAge=201} verdict=PASS
case=1863 input={T=[3 40 4 36 32 8] phi=[2 28 2 26 13 1] w=[3 37 4 36 32 8] Phi=28 H=1440 W=274 sumW=120} fast={maxR=224 minR=128 maxAge=224} naive={maxR=224 minR=128 maxAge=224} verdict=PASS
case=1864 input={T=[6 25 11 15 5] phi=[0 12 7 13 4] w=[6 6 11 15 5] Phi=13 H=1650 W=137 sumW=43} fast={maxR=96 minR=49 maxAge=96} naive={maxR=96 minR=49 maxAge=96} verdict=PASS
case=1865 input={T=[5 36 24] phi=[0 15 21] w=[5 34 24] Phi=21 H=360 W=151 sumW=63} fast={maxR=122 minR=71 maxAge=122} naive={maxR=122 minR=71 maxAge=122} verdict=PASS
case=1866 input={T=[15 24] phi=[4 22] w=[15 24] Phi=22 H=120 W=100 sumW=39} fast={maxR=74 minR=39 maxAge=74} naive={maxR=74 minR=39 maxAge=74} verdict=PASS
case=1867 input={T=[12 3 2 9 10] phi=[10 2 0 6 4] w=[12 3 2 9 10] Phi=10 H=180 W=82 sumW=36} fast={maxR=65 minR=40 maxAge=65} naive={maxR=65 minR=40 maxAge=65} verdict=PASS
case=1868 input={T=[1 30 9 2 7] phi=[0 10 1 1 3] w=[1 30 8 2 7] Phi=10 H=630 W=108 sumW=48} fast={maxR=90 minR=49 maxAge=90} naive={maxR=90 minR=49 maxAge=90} verdict=PASS
case=1869 input={T=[29 30] phi=[17 9] w=[29 22] Phi=17 H=870 W=135 sumW=51} fast={maxR=108 minR=51 maxAge=108} naive={maxR=108 minR=51 maxAge=108} verdict=PASS
case=1870 input={T=[29 8 3] phi=[15 5 0] w=[29 7 2] Phi=15 H=696 W=95 sumW=38} fast={maxR=75 minR=38 maxAge=75} naive={maxR=75 minR=38 maxAge=75} verdict=PASS
case=1871 input={T=[30 16] phi=[20 0] w=[30 16] Phi=20 H=240 W=112 sumW=46} fast={maxR=89 minR=46 maxAge=89} naive={maxR=89 minR=46 maxAge=89} verdict=PASS
case=1872 input={T=[29 16 29] phi=[1 9 24] w=[29 16 29] Phi=24 H=464 W=172 sumW=74} fast={maxR=138 minR=81 maxAge=138} naive={maxR=138 minR=81 maxAge=138} verdict=PASS
case=1873 input={T=[3 12] phi=[0 9] w=[3 12] Phi=9 H=12 W=39 sumW=15} fast={maxR=26 minR=15 maxAge=26} naive={maxR=26 minR=15 maxAge=26} verdict=PASS
case=1874 input={T=[13 9 24 2 1] phi=[12 7 22 0 0] w=[13 9 24 2 1] Phi=22 H=936 W=120 sumW=49} fast={maxR=90 minR=49 maxAge=90} naive={maxR=90 minR=49 maxAge=90} verdict=PASS
case=1875 input={T=[3 25 6 1 20] phi=[1 21 1 0 6] w=[3 25 6 1 20] Phi=21 H=300 W=131 sumW=55} fast={maxR=104 minR=59 maxAge=104} naive={maxR=104 minR=59 maxAge=104} verdict=PASS
case=1876 input={T=[32 26 3] phi=[13 11 0] w=[17 18 3] Phi=13 H=1248 W=135 sumW=38} fast={maxR=96 minR=39 maxAge=96} naive={maxR=96 minR=39 maxAge=96} verdict=PASS
case=1877 input={T=[1 40 17 2] phi=[0 1 2 1] w=[1 2 1 2] Phi=2 H=680 W=122 sumW=6} fast={maxR=62 minR=7 maxAge=62} naive={maxR=62 minR=7 maxAge=62} verdict=PASS
case=1878 input={T=[7 4 10 12] phi=[1 1 6 8] w=[3 4 10 12] Phi=8 H=420 W=74 sumW=29} fast={maxR=55 minR=30 maxAge=55} naive={maxR=55 minR=30 maxAge=55} verdict=PASS
case=1879 input={T=[13 2 24 10] phi=[7 1 19 9] w=[13 2 24 10] Phi=19 H=1560 W=117 sumW=49} fast={maxR=92 minR=49 maxAge=92} naive={maxR=92 minR=49 maxAge=92} verdict=PASS
case=1880 input={T=[33 2] phi=[26 1] w=[9 2] Phi=26 H=66 W=96 sumW=11} fast={maxR=44 minR=11 maxAge=44} naive={maxR=44 minR=11 maxAge=44} verdict=PASS
case=1881 input={T=[37 25 1 2] phi=[9 13 0 1] w=[37 25 1 2] Phi=13 H=1850 W=143 sumW=65} fast={maxR=126 minR=65 maxAge=126} naive={maxR=126 minR=65 maxAge=126} verdict=PASS
case=1882 input={T=[28 27 10] phi=[22 21 7] w=[28 27 10] Phi=22 H=3780 W=152 sumW=65} fast={maxR=126 minR=65 maxAge=126} naive={maxR=126 minR=65 maxAge=126} verdict=PASS
case=1883 input={T=[35 33] phi=[9 18] w=[35 33] Phi=18 H=1155 W=154 sumW=68} fast={maxR=134 minR=68 maxAge=134} naive={maxR=134 minR=68 maxAge=134} verdict=PASS
case=1884 input={T=[1 4 6 9 23] phi=[0 3 5 2 19] w=[1 4 6 4 23] Phi=19 H=828 W=105 sumW=38} fast={maxR=73 minR=38 maxAge=73} naive={maxR=73 minR=38 maxAge=73} verdict=PASS
case=1885 input={T=[6 28 24 20] phi=[0 24 14 18] w=[6 28 24 20] Phi=24 H=840 W=180 sumW=78} fast={maxR=145 minR=82 maxAge=145} naive={maxR=145 minR=82 maxAge=145} verdict=PASS
case=1886 input={T=[4 3 15 24 21 12] phi=[2 1 1 23 13 11] w=[4 3 15 24 21 12] Phi=23 H=840 W=181 sumW=79} fast={maxR=144 minR=85 maxAge=144} naive={maxR=144 minR=85 maxAge=144} verdict=PASS
case=1887 input={T=[30 24 30 24 10 37] phi=[2 10 19 19 8 24] w=[30 24 30 11 10 37] Phi=24 H=4440 W=334 sumW=142} fast={maxR=248 minR=173 maxAge=248} naive={maxR=248 minR=173 maxAge=248} verdict=PASS
case=1888 input={T=[30 9 15 7 25] phi=[15 3 3 1 22] w=[24 9 15 7 25] Phi=22 H=3150 W=194 sumW=80} fast={maxR=151 minR=82 maxAge=151} naive={maxR=151 minR=82 maxAge=151} verdict=PASS
case=1889 input={T=[25 8 4 30 25 2] phi=[7 5 2 20 8 1] w=[25 8 4 30 25 1] Phi=20 H=600 W=208 sumW=93} fast={maxR=177 minR=102 maxAge=177} naive={maxR=177 minR=102 maxAge=177} verdict=PASS
case=1890 input={T=[10 14 12 12 16] phi=[3 11 0 11 4] w=[1 14 12 12 16] Phi=11 H=1680 W=139 sumW=55} fast={maxR=112 minR=69 maxAge=112} naive={maxR=112 minR=69 maxAge=112} verdict=PASS
case=1891 input={T=[20 31] phi=[9 20] w=[15 26] Phi=20 H=620 W=122 sumW=41} fast={maxR=90 minR=41 maxAge=90} naive={maxR=90 minR=41 maxAge=90} verdict=PASS
case=1892 input={T=[8 8 18 3 14] phi=[7 5 9 1 11] w=[8 8 18 3 3] Phi=11 H=504 W=113 sumW=40} fast={maxR=82 minR=47 maxAge=82} naive={maxR=82 minR=47 maxAge=82} verdict=PASS
case=1893 input={T=[12 5 3 25 39 15] phi=[0 0 0 15 13 0] w=[12 5 3 25 39 15] Phi=15 H=3900 W=213 sumW=99} fast={maxR=185 minR=108 maxAge=185} naive={maxR=185 minR=108 maxAge=185} verdict=PASS
case=1894 input={T=[24 5 20 7 15] phi=[8 3 9 3 11] w=[24 5 20 7 15] Phi=11 H=840 W=153 sumW=71} fast={maxR=134 minR=75 maxAge=134} naive={maxR=134 minR=75 maxAge=134} verdict=PASS
case=1895 input={T=[1 28 4 28 2 29] phi=[0 27 0 8 1 10] w=[1 28 4 19 2 29] Phi=27 H=812 W=211 sumW=83} fast={maxR=143 minR=88 maxAge=143} naive={maxR=143 minR=88 maxAge=143} verdict=PASS
case=1896 input={T=[6 28] phi=[1 20] w=[6 28] Phi=20 H=84 W=88 sumW=34} fast={maxR=66 minR=35 maxAge=66} naive={maxR=66 minR=35 maxAge=66} verdict=PASS
case=1897 input={T=[2 2 36 5 19] phi=[0 0 1 3 2] w=[2 2 36 5 19] Phi=3 H=3420 W=131 sumW=64} fast={maxR=122 minR=65 maxAge=122} naive={maxR=122 minR=65 maxAge=122} verdict=PASS
case=1898 input={T=[18 8 20 14 1 35] phi=[1 0 2 7 0 7] w=[18 8 20 4 1 35] Phi=7 H=2520 W=199 sumW=86} fast={maxR=163 minR=94 maxAge=163} naive={maxR=163 minR=94 maxAge=163} verdict=PASS
case=1899 input={T=[26 8 12 6 7 7] phi=[3 7 8 1 6 2] w=[26 8 12 5 7 3] Phi=8 H=2184 W=140 sumW=61} fast={maxR=115 minR=70 maxAge=115} naive={maxR=115 minR=70 maxAge=115} verdict=PASS
case=1900 input={T=[2 4 13 22] phi=[0 1 5 7] w=[1 1 13 22] Phi=7 H=572 W=89 sumW=37} fast={maxR=72 minR=37 maxAge=72} naive={maxR=72 minR=37 maxAge=72} verdict=PASS
case=1901 input={T=[13 2 23 12] phi=[4 1 15 7] w=[13 2 23 12] Phi=15 H=3588 W=115 sumW=50} fast={maxR=96 minR=51 maxAge=96} naive={maxR=96 minR=51 maxAge=96} verdict=PASS
case=1902 input={T=[31 3 27] phi=[7 0 11] w=[31 3 27] Phi=11 H=837 W=133 sumW=61} fast={maxR=119 minR=63 maxAge=119} naive={maxR=119 minR=63 maxAge=119} verdict=PASS
case=1903 input={T=[1 33 3 5] phi=[0 13 0 4] w=[1 33 3 4] Phi=13 H=165 W=97 sumW=41} fast={maxR=79 minR=43 maxAge=79} naive={maxR=79 minR=43 maxAge=79} verdict=PASS
case=1904 input={T=[27 19] phi=[23 13] w=[27 19] Phi=23 H=513 W=115 sumW=46} fast={maxR=90 minR=46 maxAge=90} naive={maxR=90 minR=46 maxAge=90} verdict=PASS
case=1905 input={T=[17 4 15] phi=[3 2 13] w=[17 4 5] Phi=13 H=1020 W=85 sumW=26} fast={maxR=59 minR=26 maxAge=59} naive={maxR=59 minR=26 maxAge=59} verdict=PASS
case=1906 input={T=[36 39 9 2] phi=[3 8 0 0] w=[19 24 9 1] Phi=8 H=468 W=180 sumW=53} fast={maxR=133 minR=62 maxAge=133} naive={maxR=133 minR=62 maxAge=133} verdict=PASS
case=1907 input={T=[15 6 9 13 27 6] phi=[2 0 0 3 9 2] w=[15 6 4 13 27 3] Phi=9 H=3510 W=161 sumW=68} fast={maxR=134 minR=75 maxAge=134} naive={maxR=134 minR=75 maxAge=134} verdict=PASS
case=1908 input={T=[8 12 5 23 20] phi=[7 5 3 9 14] w=[8 12 5 23 13] Phi=14 H=2760 W=150 sumW=61} fast={maxR=119 minR=68 maxAge=119} naive={maxR=119 minR=68 maxAge=119} verdict=PASS
case=1909 input={T=[17 34 8 3 4 6] phi=[5 21 0 1 3 0] w=[17 34 8 3 1 6] Phi=21 H=408 W=165 sumW=69} fast={maxR=133 minR=90 maxAge=133} naive={maxR=133 minR=90 maxAge=133} verdict=PASS
case=1910 input={T=[4 5] phi=[0 0] w=[3 5] Phi=0 H=20 W=18 sumW=8} fast={maxR=15 minR=8 maxAge=15} naive={maxR=15 minR=8 maxAge=15} verdict=PASS
case=1911 input={T=[18 31 4] phi=[8 29 1] w=[18 31 4] Phi=29 H=1116 W=135 sumW=53} fast={maxR=102 minR=53 maxAge=102} naive={maxR=102 minR=53 maxAge=102} verdict=PASS
case=1912 input={T=[18 4 1 38 18] phi=[6 2 0 37 12] w=[2 4 1 38 18] Phi=37 H=684 W=195 sumW=63} fast={maxR=131 minR=78 maxAge=131} naive={maxR=131 minR=78 maxAge=131} verdict=PASS
case=1913 input={T=[1 16 15 25 16] phi=[0 7 10 18 3] w=[1 16 15 25 16] Phi=18 H=1200 W=164 sumW=73} fast={maxR=140 minR=77 maxAge=140} naive={maxR=140 minR=77 maxAge=140} verdict=PASS
case=1914 input={T=[9 5] phi=[7 4] w=[9 5] Phi=7 H=45 W=35 sumW=14} fast={maxR=26 minR=14 maxAge=26} naive={maxR=26 minR=14 maxAge=26} verdict=PASS
case=1915 input={T=[7 6 30] phi=[1 2 24] w=[6 5 30] Phi=24 H=210 W=110 sumW=41} fast={maxR=81 minR=46 maxAge=81} naive={maxR=81 minR=46 maxAge=81} verdict=PASS
case=1916 input={T=[31 6 3] phi=[8 4 1] w=[2 1 3] Phi=8 H=186 W=88 sumW=6} fast={maxR=43 minR=8 maxAge=43} naive={maxR=43 minR=8 maxAge=43} verdict=PASS
case=1917 input={T=[33 34] phi=[10 23] w=[11 34] Phi=23 H=1122 W=157 sumW=45} fast={maxR=110 minR=45 maxAge=110} naive={maxR=110 minR=45 maxAge=110} verdict=PASS
case=1918 input={T=[2 16 36 24 16 1] phi=[0 10 4 14 0 0] w=[2 16 36 24 16 1] Phi=14 H=144 W=204 sumW=95} fast={maxR=168 minR=121 maxAge=168} naive={maxR=168 minR=121 maxAge=168} verdict=PASS
case=1919 input={T=[7 10 20] phi=[4 3 11] w=[7 3 20] Phi=11 H=140 W=85 sumW=30} fast={maxR=60 minR=35 maxAge=60} naive={maxR=60 minR=35 maxAge=60} verdict=PASS
case=1920 input={T=[25 31 20] phi=[9 1 4] w=[10 31 20] Phi=9 H=3100 W=161 sumW=61} fast={maxR=134 minR=65 maxAge=134} naive={maxR=134 minR=65 maxAge=134} verdict=PASS
case=1921 input={T=[27 12 24 24] phi=[9 9 4 23] w=[27 12 15 24] Phi=23 H=216 W=197 sumW=78} fast={maxR=136 minR=89 maxAge=136} naive={maxR=136 minR=89 maxAge=136} verdict=PASS
case=1922 input={T=[20 24 6 8] phi=[2 10 0 4] w=[20 24 6 4] Phi=10 H=120 W=126 sumW=54} fast={maxR=97 minR=58 maxAge=97} naive={maxR=97 minR=58 maxAge=97} verdict=PASS
case=1923 input={T=[29 9] phi=[4 6] w=[29 9] Phi=6 H=261 W=82 sumW=38} fast={maxR=74 minR=38 maxAge=74} naive={maxR=74 minR=38 maxAge=74} verdict=PASS
case=1924 input={T=[31 9 3 5] phi=[12 8 2 3] w=[21 5 3 2] Phi=12 H=1395 W=108 sumW=31} fast={maxR=74 minR=32 maxAge=74} naive={maxR=74 minR=32 maxAge=74} verdict=PASS
case=1925 input={T=[15 27 9 16 5] phi=[7 4 2 2 4] w=[15 27 9 1 5] Phi=7 H=2160 W=151 sumW=57} fast={maxR=121 minR=67 maxAge=121} naive={maxR=121 minR=67 maxAge=121} verdict=PASS
case=1926 input={T=[17 27 3 30 2] phi=[0 4 1 20 0] w=[6 27 3 30 1] Phi=20 H=4590 W=178 sumW=67} fast={maxR=137 minR=68 maxAge=137} naive={maxR=137 minR=68 maxAge=137} verdict=PASS
case=1927 input={T=[30 7 5 3 5] phi=[18 5 4 2 2] w=[16 7 5 2 3] Phi=18 H=210 W=118 sumW=33} fast={maxR=76 minR=37 maxAge=76} naive={maxR=76 minR=37 maxAge=76} verdict=PASS
case=1928 input={T=[3 40 2 11 3] phi=[0 1 1 6 0] w=[3 40 2 3 3] Phi=6 H=1320 W=124 sumW=51} fast={maxR=104 minR=51 maxAge=104} naive={maxR=104 minR=51 maxAge=104} verdict=PASS
case=1929 input={T=[31 9 9 3] phi=[15 4 2 0] w=[31 9 9 3] Phi=15 H=279 W=119 sumW=52} fast={maxR=98 minR=60 maxAge=98} naive={maxR=98 minR=60 maxAge=98} verdict=PASS
case=1930 input={T=[14 17] phi=[6 15] w=[14 17] Phi=15 H=238 W=77 sumW=31} fast={maxR=60 minR=31 maxAge=60} naive={maxR=60 minR=31 maxAge=60} verdict=PASS
case=1931 input={T=[12 30 23 9 18] phi=[11 11 13 6 8] w=[12 30 23 9 18] Phi=13 H=4140 W=197 sumW=92} fast={maxR=164 minR=99 maxAge=164} naive={maxR=164 minR=99 maxAge=164} verdict=PASS
case=1932 input={T=[24 18 19 24 27] phi=[12 15 13 2 23] w=[24 18 19 24 27] Phi=23 H=4104 W=247 sumW=112} fast={maxR=208 minR=137 maxAge=208} naive={maxR=208 minR=137 maxAge=208} verdict=PASS
case=1933 input={T=[4 21 8 17 1] phi=[3 3 1 13 0] w=[4 21 8 17 1] Phi=13 H=2856 W=115 sumW=51} fast={maxR=95 minR=52 maxAge=95} naive={maxR=95 minR=52 maxAge=95} verdict=PASS
case=1934 input={T=[2 6 31] phi=[0 5 3] w=[2 5 31] Phi=5 H=186 W=83 sumW=38} fast={maxR=74 minR=39 maxAge=74} naive={maxR=74 minR=39 maxAge=74} verdict=PASS
case=1935 input={T=[3 12 25] phi=[1 4 0] w=[3 12 12] Phi=4 H=300 W=84 sumW=27} fast={maxR=62 minR=27 maxAge=62} naive={maxR=62 minR=27 maxAge=62} verdict=PASS
case=1936 input={T=[5 8 5 11 20 16] phi=[3 4 4 6 15 2] w=[5 8 3 11 20 16] Phi=15 H=880 W=145 sumW=63} fast={maxR=117 minR=75 maxAge=117} naive={maxR=117 minR=75 maxAge=117} verdict=PASS
case=1937 input={T=[31 21 2 2] phi=[13 12 0 1] w=[31 21 1 2] Phi=13 H=1302 W=125 sumW=55} fast={maxR=106 minR=55 maxAge=106} naive={maxR=106 minR=55 maxAge=106} verdict=PASS
case=1938 input={T=[4 1 2 12 36 15] phi=[3 0 1 1 7 7] w=[4 1 2 12 35 15] Phi=7 H=180 W=147 sumW=69} fast={maxR=126 minR=79 maxAge=126} naive={maxR=126 minR=79 maxAge=126} verdict=PASS
case=1939 input={T=[23 24 20 30 24] phi=[8 15 13 24 19] w=[23 4 16 30 13] Phi=24 H=2760 W=266 sumW=86} fast={maxR=181 minR=112 maxAge=181} naive={maxR=181 minR=112 maxAge=181} verdict=PASS
case=1940 input={T=[14 6 22] phi=[6 2 8] w=[10 6 22] Phi=8 H=462 W=92 sumW=38} fast={maxR=75 minR=38 maxAge=75} naive={maxR=75 minR=38 maxAge=75} verdict=PASS
case=1941 input={T=[8 29] phi=[7 5] w=[8 29] Phi=7 H=232 W=81 sumW=37} fast={maxR=72 minR=37 maxAge=72} naive={maxR=72 minR=37 maxAge=72} verdict=PASS
case=1942 input={T=[24 15 29] phi=[3 5 22] w=[24 15 3] Phi=22 H=3480 W=158 sumW=42} fast={maxR=107 minR=44 maxAge=107} naive={maxR=107 minR=44 maxAge=107} verdict=PASS
case=1943 input={T=[38 20] phi=[16 1] w=[38 20] Phi=16 H=380 W=132 sumW=58} fast={maxR=114 minR=59 maxAge=114} naive={maxR=114 minR=59 maxAge=114} verdict=PASS
case=1944 input={T=[36 12] phi=[20 11] w=[36 12] Phi=20 H=36 W=116 sumW=48} fast={maxR=86 minR=51 maxAge=86} naive={maxR=86 minR=51 maxAge=86} verdict=PASS
case=1945 input={T=[13 21] phi=[7 11] w=[13 13] Phi=11 H=273 W=79 sumW=26} fast={maxR=58 minR=26 maxAge=58} naive={maxR=58 minR=26 maxAge=58} verdict=PASS
case=1946 input={T=[22 36] phi=[2 9] w=[22 36] Phi=9 H=396 W=125 sumW=58} fast={maxR=114 minR=59 maxAge=114} naive={maxR=114 minR=59 maxAge=114} verdict=PASS
case=1947 input={T=[20 18 20] phi=[5 1 13] w=[20 18 20] Phi=13 H=180 W=129 sumW=58} fast={maxR=107 minR=68 maxAge=107} naive={maxR=107 minR=68 maxAge=107} verdict=PASS
case=1948 input={T=[2 40] phi=[1 28] w=[2 23] Phi=28 H=40 W=112 sumW=25} fast={maxR=65 minR=26 maxAge=65} naive={maxR=65 minR=26 maxAge=65} verdict=PASS
case=1949 input={T=[11 18] phi=[1 12] w=[11 18] Phi=12 H=198 W=70 sumW=29} fast={maxR=56 minR=29 maxAge=56} naive={maxR=56 minR=29 maxAge=56} verdict=PASS
case=1950 input={T=[10 24 37] phi=[6 23 16] w=[10 24 37] Phi=23 H=4440 W=165 sumW=71} fast={maxR=139 minR=72 maxAge=139} naive={maxR=139 minR=72 maxAge=139} verdict=PASS
case=1951 input={T=[19 20 5 16 6 15] phi=[9 19 0 8 0 7] w=[5 20 5 16 6 15] Phi=19 H=4560 W=181 sumW=67} fast={maxR=135 minR=78 maxAge=135} naive={maxR=135 minR=78 maxAge=135} verdict=PASS
case=1952 input={T=[27 13 1] phi=[17 7 0] w=[1 13 1] Phi=17 H=351 W=99 sumW=15} fast={maxR=53 minR=15 maxAge=53} naive={maxR=53 minR=15 maxAge=53} verdict=PASS
case=1953 input={T=[9 25] phi=[8 1] w=[9 7] Phi=8 H=225 W=76 sumW=16} fast={maxR=48 minR=16 maxAge=48} naive={maxR=48 minR=16 maxAge=48} verdict=PASS
case=1954 input={T=[24 8 2 6 3] phi=[18 4 0 0 1] w=[5 8 1 6 3] Phi=18 H=24 W=104 sumW=23} fast={maxR=57 minR=34 maxAge=57} naive={maxR=57 minR=34 maxAge=57} verdict=PASS
case=1955 input={T=[8 15 2 6 19 3] phi=[4 9 1 3 18 2] w=[8 6 2 6 7 1] Phi=18 H=2280 W=124 sumW=30} fast={maxR=73 minR=32 maxAge=73} naive={maxR=73 minR=32 maxAge=73} verdict=PASS
case=1956 input={T=[12 20] phi=[7 5] w=[12 20] Phi=7 H=60 W=71 sumW=32} fast={maxR=61 minR=34 maxAge=61} naive={maxR=61 minR=34 maxAge=61} verdict=PASS
case=1957 input={T=[8 13 30] phi=[0 6 10] w=[8 13 30] Phi=10 H=1560 W=112 sumW=51} fast={maxR=99 minR=52 maxAge=99} naive={maxR=99 minR=52 maxAge=99} verdict=PASS
case=1958 input={T=[30 2 2 7 6] phi=[15 0 0 5 5] w=[30 1 2 7 6] Phi=15 H=210 W=109 sumW=46} fast={maxR=85 minR=50 maxAge=85} naive={maxR=85 minR=50 maxAge=85} verdict=PASS
case=1959 input={T=[4 1 18 22] phi=[1 0 4 12] w=[4 1 8 22] Phi=12 H=396 W=102 sumW=35} fast={maxR=74 minR=35 maxAge=74} naive={maxR=74 minR=35 maxAge=74} verdict=PASS
case=1960 input={T=[24 10 25] phi=[16 3 6] w=[24 5 25] Phi=16 H=600 W=134 sumW=54} fast={maxR=109 minR=58 maxAge=109} naive={maxR=109 minR=58 maxAge=109} verdict=PASS
case=1961 input={T=[12 25] phi=[11 16] w=[12 25] Phi=16 H=300 W=90 sumW=37} fast={maxR=72 minR=37 maxAge=72} naive={maxR=72 minR=37 maxAge=72} verdict=PASS
case=1962 input={T=[26 5] phi=[2 1] w=[26 2] Phi=2 H=130 W=64 sumW=28} fast={maxR=57 minR=28 maxAge=57} naive={maxR=57 minR=28 maxAge=57} verdict=PASS
case=1963 input={T=[22 10 18 4] phi=[8 2 2 3] w=[22 10 18 4] Phi=8 H=1980 W=116 sumW=54} fast={maxR=102 minR=55 maxAge=102} naive={maxR=102 minR=55 maxAge=102} verdict=PASS
case=1964 input={T=[16 3 40 10 30] phi=[9 2 17 4 5] w=[16 3 40 10 30] Phi=17 H=240 W=215 sumW=99} fast={maxR=179 minR=112 maxAge=179} naive={maxR=179 minR=112 maxAge=179} verdict=PASS
case=1965 input={T=[26 14 16] phi=[0 13 12] w=[23 14 16] Phi=13 H=1456 W=125 sumW=53} fast={maxR=105 minR=54 maxAge=105} naive={maxR=105 minR=54 maxAge=105} verdict=PASS
case=1966 input={T=[24 2 10 7 4] phi=[5 1 9 6 3] w=[24 2 5 7 4] Phi=9 H=840 W=103 sumW=42} fast={maxR=81 minR=42 maxAge=81} naive={maxR=81 minR=42 maxAge=81} verdict=PASS
case=1967 input={T=[17 33 3 34 8 33] phi=[4 21 0 33 0 9] w=[17 33 3 34 8 33] Phi=33 H=4488 W=289 sumW=128} fast={maxR=218 minR=139 maxAge=218} naive={maxR=218 minR=139 maxAge=218} verdict=PASS
case=1968 input={T=[15 13 2 4 4] phi=[14 5 0 0 2] w=[15 13 2 4 4] Phi=14 H=780 W=90 sumW=38} fast={maxR=69 minR=40 maxAge=69} naive={maxR=69 minR=40 maxAge=69} verdict=PASS
case=1969 input={T=[3 1 39 32 1] phi=[1 0 2 6 0] w=[3 1 39 32 1] Phi=6 H=1248 W=158 sumW=76} fast={maxR=145 minR=76 maxAge=145} naive={maxR=145 minR=76 maxAge=145} verdict=PASS
case=1970 input={T=[11 24 16 10 16] phi=[2 8 13 4 3] w=[11 24 16 1 16] Phi=13 H=2640 W=167 sumW=68} fast={maxR=135 minR=78 maxAge=135} naive={maxR=135 minR=78 maxAge=135} verdict=PASS
case=1971 input={T=[7 28 21 21] phi=[3 7 20 20] w=[7 28 9 21] Phi=20 H=84 W=174 sumW=65} fast={maxR=128 minR=87 maxAge=128} naive={maxR=128 minR=87 maxAge=128} verdict=PASS
case=1972 input={T=[16 15 6 12 30] phi=[11 11 3 7 4] w=[16 15 6 12 30] Phi=11 H=240 W=169 sumW=79} fast={maxR=142 minR=99 maxAge=142} naive={maxR=142 minR=99 maxAge=142} verdict=PASS
case=1973 input={T=[29 15 30 18] phi=[6 2 2 15] w=[29 15 30 18] Phi=15 H=2610 W=199 sumW=92} fast={maxR=162 minR=93 maxAge=162} naive={maxR=162 minR=93 maxAge=162} verdict=PASS
case=1974 input={T=[25 2 5 31 6] phi=[22 0 1 12 0] w=[20 2 5 31 1] Phi=22 H=4650 W=160 sumW=59} fast={maxR=120 minR=61 maxAge=120} naive={maxR=120 minR=61 maxAge=120} verdict=PASS
case=1975 input={T=[6 38] phi=[4 23] w=[6 17] Phi=23 H=114 W=111 sumW=23} fast={maxR=65 minR=24 maxAge=65} naive={maxR=65 minR=24 maxAge=65} verdict=PASS
case=1976 input={T=[3 20 15 16 2 35] phi=[2 17 1 5 1 28] w=[3 20 15 16 2 35] Phi=28 H=1680 W=210 sumW=91} fast={maxR=175 minR=101 maxAge=175} naive={maxR=175 minR=101 maxAge=175} verdict=PASS
case=1977 input={T=[24 26 9 30 2 30] phi=[11 1 7 25 1 26] w=[24 26 9 30 2 30] Phi=26 H=4680 W=268 sumW=121} fast={maxR=230 minR=153 maxAge=230} naive={maxR=230 minR=153 maxAge=230} verdict=PASS
case=1978 input={T=[2 36] phi=[0 15] w=[2 36] Phi=15 H=36 W=91 sumW=38} fast={maxR=74 minR=39 maxAge=74} naive={maxR=74 minR=39 maxAge=74} verdict=PASS
case=1979 input={T=[12 16 2] phi=[0 11 1] w=[2 16 2] Phi=11 H=48 W=71 sumW=20} fast={maxR=44 minR=21 maxAge=44} naive={maxR=44 minR=21 maxAge=44} verdict=PASS
case=1980 input={T=[22 16 8 24 7 16] phi=[12 4 2 12 4 13] w=[22 16 1 24 7 7] Phi=13 H=3696 W=199 sumW=77} fast={maxR=153 minR=86 maxAge=153} naive={maxR=153 minR=86 maxAge=153} verdict=PASS
case=1981 input={T=[16 13] phi=[15 6] w=[16 13] Phi=15 H=208 W=73 sumW=29} fast={maxR=56 minR=29 maxAge=56} naive={maxR=56 minR=29 maxAge=56} verdict=PASS
case=1982 input={T=[10 29 25 20] phi=[2 27 23 2] w=[10 19 6 20] Phi=27 H=2900 W=195 sumW=55} fast={maxR=129 minR=60 maxAge=129} naive={maxR=129 minR=60 maxAge=129} verdict=PASS
case=1983 input={T=[11 28 15] phi=[10 2 8] w=[11 28 15] Phi=10 H=4620 W=118 sumW=54} fast={maxR=105 minR=54 maxAge=105} naive={maxR=105 minR=54 maxAge=105} verdict=PASS
case=1984 input={T=[23 24 12 40 30] phi=[2 17 4 3 5] w=[11 24 12 40 30] Phi=17 H=2760 W=275 sumW=117} fast={maxR=230 minR=143 maxAge=230} naive={maxR=230 minR=143 maxAge=230} verdict=PASS
case=1985 input={T=[20 20 16 14 21 4] phi=[8 0 3 5 10 3] w=[17 20 16 14 21 4] Phi=10 H=1680 W=200 sumW=92} fast={maxR=174 minR=115 maxAge=174} naive={maxR=174 minR=115 maxAge=174} verdict=PASS
case=1986 input={T=[24 30 21] phi=[20 13 16] w=[24 30 14] Phi=20 H=840 W=170 sumW=68} fast={maxR=138 minR=73 maxAge=138} naive={maxR=138 minR=73 maxAge=138} verdict=PASS
case=1987 input={T=[29 6 3 24] phi=[5 0 2 2] w=[5 6 2 22] Phi=5 H=696 W=129 sumW=35} fast={maxR=92 minR=41 maxAge=92} naive={maxR=92 minR=41 maxAge=92} verdict=PASS
case=1988 input={T=[8 20 30] phi=[3 2 11] w=[8 20 30] Phi=11 H=120 W=127 sumW=58} fast={maxR=113 minR=70 maxAge=113} naive={maxR=113 minR=70 maxAge=113} verdict=PASS
case=1989 input={T=[12 3] phi=[8 1] w=[12 3] Phi=8 H=12 W=38 sumW=15} fast={maxR=28 minR=17 maxAge=28} naive={maxR=28 minR=17 maxAge=28} verdict=PASS
case=1990 input={T=[7 6 10 6 4] phi=[3 1 5 5 1] w=[7 6 10 6 4] Phi=5 H=420 W=71 sumW=33} fast={maxR=58 minR=33 maxAge=58} naive={maxR=58 minR=33 maxAge=58} verdict=PASS
case=1991 input={T=[21 17 1] phi=[4 7 0] w=[21 17 1] Phi=7 H=357 W=85 sumW=39} fast={maxR=75 minR=39 maxAge=75} naive={maxR=75 minR=39 maxAge=75} verdict=PASS
case=1992 input={T=[1 40 25] phi=[0 14 19] w=[1 40 25] Phi=19 H=200 W=151 sumW=66} fast={maxR=125 minR=66 maxAge=125} naive={maxR=125 minR=66 maxAge=125} verdict=PASS
case=1993 input={T=[1 6 7 21 20] phi=[0 4 1 17 15] w=[1 6 1 17 20] Phi=17 H=420 W=127 sumW=45} fast={maxR=89 minR=48 maxAge=89} naive={maxR=89 minR=48 maxAge=89} verdict=PASS
case=1994 input={T=[30 8 19 20 19 2] phi=[3 3 3 4 17 0] w=[16 8 10 20 19 2] Phi=17 H=2280 W=213 sumW=75} fast={maxR=150 minR=83 maxAge=150} naive={maxR=150 minR=83 maxAge=150} verdict=PASS
case=1995 input={T=[12 7 11 10] phi=[1 5 7 8] w=[4 7 11 10] Phi=8 H=4620 W=88 sumW=32} fast={maxR=68 minR=33 maxAge=68} naive={maxR=68 minR=33 maxAge=68} verdict=PASS
case=1996 input={T=[29 34] phi=[0 24] w=[29 34] Phi=24 H=986 W=150 sumW=63} fast={maxR=124 minR=63 maxAge=124} naive={maxR=124 minR=63 maxAge=124} verdict=PASS
case=1997 input={T=[29 11 14] phi=[6 9 10] w=[29 11 14] Phi=10 H=4466 W=118 sumW=54} fast={maxR=105 minR=54 maxAge=105} naive={maxR=105 minR=54 maxAge=105} verdict=PASS
case=1998 input={T=[29 35] phi=[21 11] w=[29 35] Phi=21 H=1015 W=149 sumW=64} fast={maxR=126 minR=64 maxAge=126} naive={maxR=126 minR=64 maxAge=126} verdict=PASS
case=1999 input={T=[9 5 8 10 24 36] phi=[8 1 0 3 23 23] w=[9 5 5 4 24 36] Phi=23 H=360 W=207 sumW=83} fast={maxR=149 minR=96 maxAge=149} naive={maxR=149 minR=96 maxAge=149} verdict=PASS
# summary: 2000/2000 passed
