# differential run: 2000 ops

## config MaxBytes=39 MaxPath=102 MaxEntries=2
op=0 Add(parent=0,src=":CZx?C",isDir=true) -> real(1,nil) oracle(1,nil)
op=1 Add(parent=1,src="Prn.9",isDir=true) -> real(2,nil) oracle(2,nil)
op=2 Remove(parent=0,src=":CZx?C") -> real(mapper: directory is not empty) oracle(mapper: directory is not empty)
op=3 Remove(parent=2,src="好 :b\\") -> real(mapper: entry not found) oracle(mapper: entry not found)
op=4 Rename(parent=0,".AXc*Z\\Zb.Bb>yy:y\\<b-%A" -> "Bx:?-*z%\"z* Cya*XZ.b") -> real(mapper: entry not found) oracle(mapper: entry not found)
op=5 Remove(parent=2,src=":\"z-é<?%X") -> real(mapper: entry not found) oracle(mapper: entry not found)
op=6 Rename(parent=1,"Prn.9" -> "xB\\\"A..b好C?Y%éz") -> real(nil) oracle(nil)
op=7 Add(parent=2,src="*_<?acCZC |.aXY_*za<C",isDir=true) -> real(3,nil) oracle(3,nil)
op=8 Add(parent=3,src="é.",isDir=false) -> real(4,nil) oracle(4,nil)
op=9 Rename(parent=3,"é." -> "CON.txt") -> real(nil) oracle(nil)
op=10 Rename(parent=1,"xB\\\"A..b好C?Y%éz" -> "c_*>Y|YA><?") -> real(nil) oracle(nil)
op=11 Add(parent=3,src="Prn.9",isDir=false) -> real(5,nil) oracle(5,nil)
op=12 Rename(parent=0,":CZx?C" -> "ZB.Y<-\\\\A__C\":") -> real(nil) oracle(nil)
op=13 Add(parent=2,src="azCxxc\"c-\\aX? .|>",isDir=false) -> real(6,nil) oracle(6,nil)
op=14 Add(parent=0,src="\\c.|y>*>zz->\"-b?Aaz*caBz",isDir=false) -> real(7,nil) oracle(7,nil)
op=15 Add(parent=0,src=">\"|\"Y\"cy\"x*|<",isDir=true) -> real(0,mapper: directory is full) oracle(0,mapper: directory is full)
op=16 Add(parent=2,src="?:ZCzZc<\\>a\\Cb:a",isDir=true) -> real(0,mapper: directory is full) oracle(0,mapper: directory is full)
op=17 Add(parent=1,src="yA*< z\\",isDir=false) -> real(8,nil) oracle(8,nil)
op=18 Add(parent=0,src="CON",isDir=true) -> real(0,mapper: directory is full) oracle(0,mapper: directory is full)
op=19 Rename(parent=3,"%>z*a*" -> "AzAcZ_a:\"C>?x.xBC|>a< *b") -> real(mapper: entry not found) oracle(mapper: entry not found)
op=20 Rename(parent=1,"yA*< z\\" -> "C") -> real(nil) oracle(nil)
op=21 Remove(parent=1,src="C") -> real(nil) oracle(nil)
op=22 Rename(parent=2,"*_<?acCZC |.aXY_*za<C" -> "Y * ||\" y |>-*cxC-AyY") -> real(nil) oracle(nil)
op=23 Add(parent=3,src="aXBB.*b<",isDir=true) -> real(0,mapper: directory is full) oracle(0,mapper: directory is full)
op=24 Add(parent=3,src="A",isDir=false) -> real(0,mapper: directory is full) oracle(0,mapper: directory is full)
op=25 Rename(parent=1,"c_*>Y|YA><?" -> "CON.txt") -> real(nil) oracle(nil)
op=26 Rename(parent=0,"ZB.Y<-\\\\A__C\":" -> "X:a\\|Cy*C** |B.x??>|x.C") -> real(nil) oracle(nil)
op=27 Rename(parent=3,"Prn.9" -> "xx.z|%x.>Z%:Zy|XA>b \\-_") -> real(mapper: mapped path exceeds MaxPath) oracle(mapper: mapped path exceeds MaxPath)
op=28 Add(parent=3,src=".\\\"AAyXZ<\"caB_X",isDir=true) -> real(0,mapper: directory is full) oracle(0,mapper: directory is full)
op=29 Rename(parent=0,"\\c.|y>*>zz->\"-b?Aaz*caBz" -> "") -> real(mapper: invalid name) oracle(mapper: invalid name)
op=30 Add(parent=3,src=".qqqqqqqqqqqqqqqqqqqqq",isDir=true) -> real(0,mapper: directory is full) oracle(0,mapper: directory is full)
op=31 Rename(parent=3,"CON.txt" -> "c->B A.\\x|b>|z\"<*:bbz") -> real(mapper: mapped path exceeds MaxPath) oracle(mapper: mapped path exceeds MaxPath)
op=32 Remove(parent=1,src="CON.txt") -> real(mapper: directory is not empty) oracle(mapper: directory is not empty)
op=33 Add(parent=2,src="a\x00b",isDir=true) -> real(0,mapper: invalid name) oracle(0,mapper: invalid name)
op=34 Add(parent=1,src="* y \\>\"",isDir=false) -> real(9,nil) oracle(9,nil)
op=35 Rename(parent=0,"\\c.|y>*>zz->\"-b?Aaz*caBz" -> "cXCa%. Y-\\好%yb_-") -> real(nil) oracle(nil)
op=36 Remove(parent=0,src="X:a\\|Cy*C** |B.x??>|x.C") -> real(mapper: directory is not empty) oracle(mapper: directory is not empty)
op=37 Rename(parent=3,"CON.txt" -> "xzA\\ B.>c%") -> real(nil) oracle(nil)
op=38 Add(parent=0,src="zé",isDir=true) -> real(0,mapper: directory is full) oracle(0,mapper: directory is full)
op=39 Add(parent=3,src=">A-A? .Cz_Y:a<\"cc-\\_z?:",isDir=false) -> real(0,mapper: directory is full) oracle(0,mapper: directory is full)
op=40 Add(parent=2,src="\"X",isDir=true) -> real(0,mapper: directory is full) oracle(0,mapper: directory is full)
op=41 Remove(parent=3,src="Prn.9") -> real(nil) oracle(nil)
op=42 Remove(parent=1,src="CON.txt") -> real(mapper: directory is not empty) oracle(mapper: directory is not empty)
op=43 Rename(parent=2,"Y * ||\" y |>-*cxC-AyY" -> "\xff\xfe") -> real(mapper: invalid name) oracle(mapper: invalid name)
op=44 Rename(parent=3,"xzA\\ B.>c%" -> "Bb") -> real(nil) oracle(nil)
op=45 Rename(parent=1,"* y \\>\"" -> "nul.txt") -> real(nil) oracle(nil)
op=46 Rename(parent=0,"zy\"c*xBa\"BB-A%<\"XB?:Y" -> "_z-?:c:a.Y |<*A_") -> real(mapper: entry not found) oracle(mapper: entry not found)
op=47 Rename(parent=0,"X:a\\|Cy*C** |B.x??>|x.C" -> ">z<C.A") -> real(nil) oracle(nil)
op=48 Remove(parent=1,src=".con") -> real(mapper: entry not found) oracle(mapper: entry not found)
op=49 Remove(parent=0,src=">z<C.A") -> real(mapper: directory is not empty) oracle(mapper: directory is not empty)
## config MaxBytes=52 MaxPath=115 MaxEntries=6
op=0 Add(parent=0,src="|_ \"c?|Z_\\?B|. zB \"",isDir=false) -> real(1,nil) oracle(1,nil)
op=1 Add(parent=0,src="Z>XBZA.xXX:zY\"\"axAYX-A\\X",isDir=true) -> real(2,nil) oracle(2,nil)
op=2 Add(parent=0,src="*B:A?>BxcabAxB*%..",isDir=true) -> real(3,nil) oracle(3,nil)
op=3 Rename(parent=0,"*B:A?>BxcabAxB*%.." -> "a\x00b") -> real(mapper: invalid name) oracle(mapper: invalid name)
op=4 Remove(parent=0,src="*B:A?>BxcabAxB*%..") -> real(nil) oracle(nil)
op=5 Add(parent=2,src="->_AB|B_>>A*_%",isDir=true) -> real(4,nil) oracle(4,nil)
op=6 Add(parent=4,src=".qqqqqqqqqqqqqqqqqqqqqqqqqq",isDir=true) -> real(5,nil) oracle(5,nil)
op=7 Add(parent=4,src="好<azZ*_",isDir=false) -> real(6,nil) oracle(6,nil)
op=8 Remove(parent=0,src="Z>XBZA.xXX:zY\"\"axAYX-A\\X") -> real(mapper: directory is not empty) oracle(mapper: directory is not empty)
op=9 Add(parent=0,src=".qqqqqqqqqqqq",isDir=true) -> real(7,nil) oracle(7,nil)
op=10 Remove(parent=3,src="XY>>C?z.y__cY") -> real(mapper: entry not found) oracle(mapper: entry not found)
op=11 Rename(parent=7,"\xff\xfe" -> "CON.txt") -> real(mapper: entry not found) oracle(mapper: entry not found)
op=12 Remove(parent=2,src="->_AB|B_>>A*_%") -> real(mapper: directory is not empty) oracle(mapper: directory is not empty)
op=13 Add(parent=3,src="a\x00b",isDir=false) -> real(0,mapper: invalid name) oracle(0,mapper: invalid name)
op=14 Remove(parent=7,src="- %zXZByZ?:a.") -> real(mapper: entry not found) oracle(mapper: entry not found)
op=15 Add(parent=4,src=" Z\\.>éa|%x:A\\",isDir=true) -> real(8,nil) oracle(8,nil)
op=16 Add(parent=0,src=".qqqqqqqqqq",isDir=true) -> real(9,nil) oracle(9,nil)
op=17 Rename(parent=9,"a/b" -> "\"Ya\">_<||\\%?A->") -> real(mapper: entry not found) oracle(mapper: entry not found)
op=18 Add(parent=2,src="<Y>z>.x<X.\"|a",isDir=false) -> real(10,nil) oracle(10,nil)
op=19 Add(parent=2,src=" --%CxZA%?|cYB|ZX<%z<",isDir=false) -> real(11,nil) oracle(11,nil)
op=20 Rename(parent=3,"x>\"CY  .Z<" -> "nul") -> real(mapper: entry not found) oracle(mapper: entry not found)
op=21 Add(parent=7,src="y|A a:<**|Xzz?y%\":a",isDir=false) -> real(12,nil) oracle(12,nil)
op=22 Rename(parent=7,"y|A a:<**|Xzz?y%\":a" -> "Y XaC::B|") -> real(nil) oracle(nil)
op=23 Add(parent=3,src=" zba-a>X_aXaaAYc\"|a<?%",isDir=true) -> real(0,mapper: parent does not exist or is not a directory) oracle(0,mapper: parent does not exist or is not a directory)
op=24 Rename(parent=5,"a\x00b" -> "a/b") -> real(mapper: invalid name) oracle(mapper: invalid name)
op=25 Rename(parent=7,"Y XaC::B|" -> "yY\"_>%-*<\"-Z") -> real(nil) oracle(nil)
op=26 Add(parent=8,src="|é",isDir=true) -> real(13,nil) oracle(13,nil)
op=27 Add(parent=9,src="xXy? 好a\\cA.>\"><aX好<__Xa%",isDir=false) -> real(14,nil) oracle(14,nil)
op=28 Rename(parent=8,"|é" -> ".con.txt") -> real(nil) oracle(nil)
op=29 Rename(parent=0,".qqqqqqqqqqqq" -> "z_\\x yb\\:By?好zaZz*\\a%") -> real(nil) oracle(nil)
op=30 Remove(parent=0,src="Z>XBZA.xXX:zY\"\"axAYX-A\\X") -> real(mapper: directory is not empty) oracle(mapper: directory is not empty)
op=31 Rename(parent=7,"a/b" -> "A_C:B \"B>:b:") -> real(mapper: entry not found) oracle(mapper: entry not found)
op=32 Add(parent=0,src="caAz.Aé_z.Z\\:%XA\\y",isDir=true) -> real(15,nil) oracle(15,nil)
op=33 Add(parent=2,src=" .|?X-Z.bxz<-C.Z<<\\a ",isDir=true) -> real(16,nil) oracle(16,nil)
op=34 Rename(parent=13,"|:*好" -> "Xa<Zx.C-Z  zby-|") -> real(mapper: entry not found) oracle(mapper: entry not found)
op=35 Remove(parent=8,src=":.XY*-|-cc\\") -> real(mapper: entry not found) oracle(mapper: entry not found)
op=36 Rename(parent=2,"->_AB|B_>>A*_%" -> "_*-<?BX%\\ZcYyY") -> real(nil) oracle(nil)
op=37 Remove(parent=8,src=".con.txt") -> real(nil) oracle(nil)
op=38 Add(parent=4,src="\"?bz\"\"béz**好*",isDir=false) -> real(17,nil) oracle(17,nil)
op=39 Rename(parent=0,"Z>XBZA.xXX:zY\"\"axAYX-A\\X" -> "X") -> real(nil) oracle(nil)
op=40 Add(parent=9,src="-B: \\-C-<x:Y-*ZA\\aB ",isDir=false) -> real(18,nil) oracle(18,nil)
op=41 Remove(parent=0,src="\xff\xfe") -> real(mapper: entry not found) oracle(mapper: entry not found)
op=42 Rename(parent=2," .|?X-Z.bxz<-C.Z<<\\a " -> "a/b") -> real(mapper: invalid name) oracle(mapper: invalid name)
op=43 Add(parent=3,src="?*Z|-%B_%???BBX",isDir=true) -> real(0,mapper: parent does not exist or is not a directory) oracle(0,mapper: parent does not exist or is not a directory)
op=44 Rename(parent=8,"nul.txt" -> "X") -> real(mapper: entry not found) oracle(mapper: entry not found)
op=45 Remove(parent=3,src="-?_? ?a%>\"") -> real(mapper: entry not found) oracle(mapper: entry not found)
op=46 Add(parent=8,src="Z-*_abazx%é:好 z\\%?yz",isDir=true) -> real(19,nil) oracle(19,nil)
op=47 Add(parent=13,src="z->cYY\"_aAcz\"\\aB",isDir=false) -> real(0,mapper: parent does not exist or is not a directory) oracle(0,mapper: parent does not exist or is not a directory)
op=48 Remove(parent=5,src="y>>zc*<b") -> real(mapper: entry not found) oracle(mapper: entry not found)
op=49 Rename(parent=7,"yY\"_>%-*<\"-Z" -> "\"B:CBa\\ z_:A\"x: ") -> real(nil) oracle(nil)
## config MaxBytes=21 MaxPath=60 MaxEntries=38
op=0 Rename(parent=0,"Prn.9" -> "*yA\\Xy|X-y>--?<\"X-\\c") -> real(mapper: entry not found) oracle(mapper: entry not found)
op=1 Add(parent=0,src="ZAab\"",isDir=true) -> real(1,nil) oracle(1,nil)
op=2 Add(parent=1,src="_:AA\\",isDir=false) -> real(2,nil) oracle(2,nil)
op=3 Remove(parent=1,src="_:AA\\") -> real(nil) oracle(nil)
op=4 Rename(parent=0,"ybA ?" -> "x -A<?<?") -> real(mapper: entry not found) oracle(mapper: entry not found)
op=5 Add(parent=0,src=".qqqqqqqqqqqqqqqqqqqqqqqqq",isDir=true) -> real(3,nil) oracle(3,nil)
op=6 Add(parent=0,src="z?\".__XzYA>y>A<%-",isDir=false) -> real(4,nil) oracle(4,nil)
op=7 Add(parent=1,src="a\x00b",isDir=false) -> real(0,mapper: invalid name) oracle(0,mapper: invalid name)
op=8 Remove(parent=1,src="aZ?<%b\\<\\ca") -> real(mapper: entry not found) oracle(mapper: entry not found)
op=9 Add(parent=0,src="Y??|>bz|?y::X",isDir=false) -> real(5,nil) oracle(5,nil)
op=10 Rename(parent=0,"ZAab\"" -> "bY**:Cy ") -> real(nil) oracle(nil)
op=11 Rename(parent=1,"Xxc: \"aX_<*_cA" -> "*\\YaB.\\zA>A\\?") -> real(mapper: entry not found) oracle(mapper: entry not found)
op=12 Add(parent=1,src=".qqqqqqq",isDir=true) -> real(6,nil) oracle(6,nil)
op=13 Rename(parent=1,".qqqqqqq" -> ":%AYa??Ycaa<<B.") -> real(nil) oracle(nil)
op=14 Remove(parent=0,src="|%x\"x\"Z?A*c_%") -> real(mapper: entry not found) oracle(mapper: entry not found)
op=15 Remove(parent=0,src="Y??|>bz|?y::X") -> real(nil) oracle(nil)
op=16 Remove(parent=6,src="\"YC") -> real(mapper: entry not found) oracle(mapper: entry not found)
op=17 Add(parent=1,src="-:",isDir=false) -> real(7,nil) oracle(7,nil)
op=18 Remove(parent=0,src="bY**:Cy ") -> real(mapper: directory is not empty) oracle(mapper: directory is not empty)
op=19 Rename(parent=3,"%YyB" -> " %|Cz*.:-a_bZ.\"%c z\\") -> real(mapper: entry not found) oracle(mapper: entry not found)
op=20 Rename(parent=0,"bY**:Cy " -> "Prn.9") -> real(nil) oracle(nil)
op=21 Add(parent=6,src=": .%bb",isDir=true) -> real(8,nil) oracle(8,nil)
op=22 Rename(parent=0,".qqqqqqqqqqqqqqqqqqqqqqqqq" -> "Aux") -> real(nil) oracle(nil)
op=23 Add(parent=3,src=".qqqqqqqqqqqqqqqq",isDir=false) -> real(9,nil) oracle(9,nil)
op=24 Add(parent=3,src="_a>?:<c\\CA",isDir=false) -> real(10,nil) oracle(10,nil)
op=25 Add(parent=0,src="A<zx",isDir=true) -> real(11,nil) oracle(11,nil)
op=26 Add(parent=6,src="%%>b",isDir=true) -> real(12,nil) oracle(12,nil)
op=27 Add(parent=8,src="x*Z_z\\",isDir=false) -> real(13,nil) oracle(13,nil)
op=28 Add(parent=11,src=".qqqqqqqqqqqqqqqqqqqqqqqqqqqqqqqqqq",isDir=true) -> real(14,nil) oracle(14,nil)
op=29 Add(parent=1,src=":Y?ay:<_?a",isDir=false) -> real(15,nil) oracle(15,nil)
op=30 Rename(parent=14,"Aaéy|%好" -> "*AXAx|-ZZyYaXzY%%.:") -> real(mapper: entry not found) oracle(mapper: entry not found)
op=31 Add(parent=0,src="X",isDir=false) -> real(16,nil) oracle(16,nil)
op=32 Add(parent=11,src="_Z <x_bXC\">XX_*b ",isDir=false) -> real(17,nil) oracle(17,nil)
op=33 Add(parent=14,src="Y|Z\\\\bC>|C-<x",isDir=true) -> real(18,nil) oracle(18,nil)
op=34 Add(parent=18,src="?%<\"Z?|-Z Z:Czcx*c-\\",isDir=false) -> real(0,mapper: mapped path exceeds MaxPath) oracle(0,mapper: mapped path exceeds MaxPath)
op=35 Rename(parent=14,"Prn.9.txt" -> "a/b") -> real(mapper: invalid name) oracle(mapper: invalid name)
op=36 Remove(parent=3,src="_a>?:<c\\CA") -> real(nil) oracle(nil)
op=37 Remove(parent=8,src="x*Z_z\\") -> real(nil) oracle(nil)
op=38 Add(parent=1,src="YaybcZ%b\\好C",isDir=true) -> real(19,nil) oracle(19,nil)
op=39 Add(parent=11,src=".a Za:c<|b",isDir=true) -> real(20,nil) oracle(20,nil)
op=40 Add(parent=14,src=".con.txt",isDir=true) -> real(21,nil) oracle(21,nil)
op=41 Rename(parent=6,"%%>b" -> "CXB%<Bcx") -> real(nil) oracle(nil)
op=42 Add(parent=14,src="XzB%ya:C\\y<:c|a\\",isDir=true) -> real(22,nil) oracle(22,nil)
op=43 Rename(parent=22,".a-XY|c?.Xx|xA" -> "lpt3.txt") -> real(mapper: entry not found) oracle(mapper: entry not found)
op=44 Remove(parent=8,src=".con") -> real(mapper: entry not found) oracle(mapper: entry not found)
op=45 Add(parent=12,src="B-AbXBA_>yc<B_-<\"Z_|C",isDir=true) -> real(0,mapper: mapped path exceeds MaxPath) oracle(0,mapper: mapped path exceeds MaxPath)
op=46 Rename(parent=22,"CCZAy\"y|||y>" -> "-Yc:B") -> real(mapper: entry not found) oracle(mapper: entry not found)
op=47 Rename(parent=18,"a?-< " -> "c:a_é*Z_-%\"ac>\"\":XYY:-") -> real(mapper: entry not found) oracle(mapper: entry not found)
op=48 Remove(parent=11,src=".a Za:c<|b") -> real(nil) oracle(nil)
op=49 Remove(parent=6,src=".>zéa%Y*.zz%:é*é:CZ%a") -> real(mapper: entry not found) oracle(mapper: entry not found)
## config MaxBytes=24 MaxPath=40 MaxEntries=27
op=0 Rename(parent=0,".con.txt" -> "-\"x:B?xa_a") -> real(mapper: entry not found) oracle(mapper: entry not found)
op=1 Add(parent=0,src="Prn.9",isDir=true) -> real(1,nil) oracle(1,nil)
op=2 Rename(parent=1,".qqqqqqqqqqqqqqq" -> "\xff\xfe") -> real(mapper: invalid name) oracle(mapper: invalid name)
op=3 Rename(parent=0,"Prn.9" -> "-CAYbBa\\bXC") -> real(nil) oracle(nil)
op=4 Remove(parent=0,src="-CAYbBa\\bXC") -> real(nil) oracle(nil)
op=5 Rename(parent=0,"a\x00b" -> "_<cA") -> real(mapper: entry not found) oracle(mapper: entry not found)
op=6 Remove(parent=1,src="%*b%bZCcc") -> real(mapper: entry not found) oracle(mapper: entry not found)
op=7 Add(parent=1,src="a\x00b",isDir=false) -> real(0,mapper: invalid name) oracle(0,mapper: invalid name)
op=8 Rename(parent=0,"<bY\"\\?xzZ?>b-CAx?|\\_C" -> "?Z é\\_c?:C") -> real(mapper: entry not found) oracle(mapper: entry not found)
op=9 Add(parent=0,src=".qqqqqqqqqqqqqqqqqqqqqqqqqqqqq",isDir=true) -> real(2,nil) oracle(2,nil)
op=10 Rename(parent=1,"_ ZZ\"<A\"xBX%|z.BZ X>" -> "zxcb>y ") -> real(mapper: entry not found) oracle(mapper: entry not found)
op=11 Add(parent=1,src="Ya  AY |z.<好y?.C<\\",isDir=false) -> real(0,mapper: parent does not exist or is not a directory) oracle(0,mapper: parent does not exist or is not a directory)
op=12 Add(parent=0,src="by- >xcé<\\ZC-c",isDir=true) -> real(3,nil) oracle(3,nil)
op=13 Add(parent=2,src="__>bAxé:z>Y\\",isDir=false) -> real(0,mapper: mapped path exceeds MaxPath) oracle(0,mapper: mapped path exceeds MaxPath)
op=14 Add(parent=0,src="aa.xéZ\\>X好X",isDir=false) -> real(4,nil) oracle(4,nil)
op=15 Rename(parent=0,"by- >xcé<\\ZC-c" -> "\"B. .|") -> real(nil) oracle(nil)
op=16 Add(parent=1,src="",isDir=false) -> real(0,mapper: invalid name) oracle(0,mapper: invalid name)
op=17 Rename(parent=3,"Prn.9" -> "%ZaX|B>C\\:\"<XZ?<") -> real(mapper: entry not found) oracle(mapper: entry not found)
op=18 Add(parent=0,src=">",isDir=false) -> real(5,nil) oracle(5,nil)
op=19 Remove(parent=1,src=".qqqqqqqqqqqqqqqqqqqqqqqqqqqqqqqqqq") -> real(mapper: entry not found) oracle(mapper: entry not found)
op=20 Rename(parent=3,">*_ c.Y\"a" -> "ZXb\\.Z>Yyx::cBY") -> real(mapper: entry not found) oracle(mapper: entry not found)
op=21 Rename(parent=2,"z*_zx-" -> "ZXzA?y._a") -> real(mapper: entry not found) oracle(mapper: entry not found)
op=22 Rename(parent=0,".qqqqqqqqqqqqqqqqqqqqqqqqqqqqq" -> "lpt3.txt") -> real(nil) oracle(nil)
op=23 Rename(parent=2,"yBBY>" -> "c:yYCY-._B<_:_%Zx?b<yC") -> real(mapper: entry not found) oracle(mapper: entry not found)
op=24 Rename(parent=3,"-\"\\\\_A:*Z" -> "b_*?C>A") -> real(mapper: entry not found) oracle(mapper: entry not found)
op=25 Remove(parent=1,src="\xff\xfe") -> real(mapper: entry not found) oracle(mapper: entry not found)
op=26 Add(parent=3,src="XZ\\Yy*x_bZ\"*\"Y:z*b*\\Yc",isDir=false) -> real(6,nil) oracle(6,nil)
op=27 Rename(parent=3,"a\x00b" -> ".qqqqqqqqqqqqqqqqqqqqqqqqq") -> real(mapper: entry not found) oracle(mapper: entry not found)
op=28 Rename(parent=2,".-\"bBy" -> "%A:a*%> cy*x\"C_B*|\\>\"") -> real(mapper: entry not found) oracle(mapper: entry not found)
op=29 Rename(parent=1,"cZ\\xa" -> "ZBb>*A") -> real(mapper: entry not found) oracle(mapper: entry not found)
op=30 Rename(parent=1,"?_:_%*xb..>" -> "y<_.a AB?c.-C\"") -> real(mapper: entry not found) oracle(mapper: entry not found)
op=31 Add(parent=0,src=":Z >y?*bAZCXy-Z.B>>",isDir=true) -> real(7,nil) oracle(7,nil)
op=32 Add(parent=2,src="a/b",isDir=true) -> real(0,mapper: invalid name) oracle(0,mapper: invalid name)
op=33 Add(parent=1,src="xaZ\"<yz\\x_.XxBb.:\"",isDir=true) -> real(0,mapper: parent does not exist or is not a directory) oracle(0,mapper: parent does not exist or is not a directory)
op=34 Rename(parent=2,"aYABCC-Yay-b<zCx<<Xa|*" -> ".qqqqqqqqqqqqqqqqqqqqqqqqqqqqqqqq") -> real(mapper: entry not found) oracle(mapper: entry not found)
op=35 Add(parent=7,src="\\C %Y%",isDir=true) -> real(8,nil) oracle(8,nil)
op=36 Add(parent=8,src="<\\<\\Y ",isDir=false) -> real(0,mapper: mapped path exceeds MaxPath) oracle(0,mapper: mapped path exceeds MaxPath)
op=37 Add(parent=1,src="Y ?:%x<x<c?>z?.",isDir=true) -> real(0,mapper: parent does not exist or is not a directory) oracle(0,mapper: parent does not exist or is not a directory)
op=38 Add(parent=0,src="a\x00b",isDir=false) -> real(0,mapper: invalid name) oracle(0,mapper: invalid name)
op=39 Add(parent=1,src="Y.<<aC:C:x:a*Zz*%",isDir=true) -> real(0,mapper: parent does not exist or is not a directory) oracle(0,mapper: parent does not exist or is not a directory)
op=40 Remove(parent=1,src=".con.txt") -> real(mapper: entry not found) oracle(mapper: entry not found)
op=41 Remove(parent=8,src="AbZ好.?") -> real(mapper: entry not found) oracle(mapper: entry not found)
op=42 Remove(parent=8,src="Z_<Cz:-%:%") -> real(mapper: entry not found) oracle(mapper: entry not found)
op=43 Rename(parent=7,"\\C %Y%" -> "lpt3.txt") -> real(nil) oracle(nil)
op=44 Add(parent=0,src="a/b",isDir=true) -> real(0,mapper: invalid name) oracle(0,mapper: invalid name)
op=45 Add(parent=2,src=".Z \\B%a?%\\?caYyzay>?C",isDir=true) -> real(9,nil) oracle(9,nil)
op=46 Add(parent=8,src="<_\\",isDir=true) -> real(0,mapper: mapped path exceeds MaxPath) oracle(0,mapper: mapped path exceeds MaxPath)
op=47 Rename(parent=7,"lpt3.txt" -> "好bYaA_??Y\\y") -> real(mapper: mapped path exceeds MaxPath) oracle(mapper: mapped path exceeds MaxPath)
op=48 Add(parent=3,src="lpt3",isDir=true) -> real(10,nil) oracle(10,nil)
op=49 Add(parent=3,src="\\x\"<x%z_c好B_",isDir=true) -> real(11,nil) oracle(11,nil)
## config MaxBytes=54 MaxPath=76 MaxEntries=6
op=0 Add(parent=0,src="XyBz-B>zB>.A\":.AbA|yA",isDir=false) -> real(1,nil) oracle(1,nil)
op=1 Add(parent=0,src="%Z|< \\.",isDir=true) -> real(2,nil) oracle(2,nil)
op=2 Add(parent=0,src="好%éyBxx aYY|Y-A\"",isDir=false) -> real(3,nil) oracle(3,nil)
op=3 Rename(parent=0,"好%éyBxx aYY|Y-A\"" -> "_- _<b\" *XA") -> real(nil) oracle(nil)
op=4 Add(parent=2,src="xB|好>BcyCb>xA",isDir=false) -> real(4,nil) oracle(4,nil)
op=5 Add(parent=0,src="|yC_y-<BzCx*cZzY?",isDir=false) -> real(5,nil) oracle(5,nil)
op=6 Remove(parent=0,src="%Z|< \\.") -> real(mapper: directory is not empty) oracle(mapper: directory is not empty)
op=7 Rename(parent=0,"%<%xa* ?\\xX<.?CaYbC\\C" -> "lpt3") -> real(mapper: entry not found) oracle(mapper: entry not found)
op=8 Remove(parent=2,src="xB|好>BcyCb>xA") -> real(nil) oracle(nil)
op=9 Rename(parent=2,"az?? _AZz*a" -> " z ") -> real(mapper: entry not found) oracle(mapper: entry not found)
op=10 Add(parent=2,src="..x \\XY好|é\\ xYY?<",isDir=true) -> real(6,nil) oracle(6,nil)
op=11 Add(parent=6,src=".con.txt",isDir=false) -> real(7,nil) oracle(7,nil)
op=12 Rename(parent=6,".con.txt" -> "Prn.9.txt") -> real(nil) oracle(nil)
op=13 Add(parent=2,src=".qqqqqqqqqqqqqqqqqqqqqqqqqqqqqqq",isDir=false) -> real(8,nil) oracle(8,nil)
op=14 Add(parent=6,src=":\\\\y\"aAZ.BA\"xZb\\-?yy\"YC_",isDir=false) -> real(0,mapper: mapped path exceeds MaxPath) oracle(0,mapper: mapped path exceeds MaxPath)
op=15 Add(parent=6,src="\" x  ay\"x%yZ\"y\\y*z",isDir=true) -> real(0,mapper: mapped path exceeds MaxPath) oracle(0,mapper: mapped path exceeds MaxPath)
op=16 Add(parent=6,src="<:y<bzé*Y< .xB好a.",isDir=true) -> real(0,mapper: mapped path exceeds MaxPath) oracle(0,mapper: mapped path exceeds MaxPath)
op=17 Add(parent=6,src="x_aY-*xZ好xé%",isDir=true) -> real(9,nil) oracle(9,nil)
op=18 Add(parent=9,src="%Abb>%>Y.-y",isDir=true) -> real(0,mapper: mapped path exceeds MaxPath) oracle(0,mapper: mapped path exceeds MaxPath)
op=19 Remove(parent=6,src="Prn.9.txt") -> real(nil) oracle(nil)
op=20 Add(parent=2,src="Aux",isDir=false) -> real(10,nil) oracle(10,nil)
op=21 Add(parent=9,src="Aux.txt",isDir=true) -> real(0,mapper: mapped path exceeds MaxPath) oracle(0,mapper: mapped path exceeds MaxPath)
op=22 Rename(parent=0,"|yC_y-<BzCx*cZzY?" -> ".|YZZBzCa") -> real(nil) oracle(nil)
op=23 Add(parent=0,src="",isDir=true) -> real(0,mapper: invalid name) oracle(0,mapper: invalid name)
op=24 Add(parent=0,src="X?Y*%A>",isDir=false) -> real(11,nil) oracle(11,nil)
op=25 Remove(parent=6,src="x_aY-*xZ好xé%") -> real(nil) oracle(nil)
op=26 Add(parent=9,src="zXy",isDir=false) -> real(0,mapper: parent does not exist or is not a directory) oracle(0,mapper: parent does not exist or is not a directory)
op=27 Add(parent=2,src="*好-x>",isDir=false) -> real(12,nil) oracle(12,nil)
op=28 Rename(parent=2,"..x \\XY好|é\\ xYY?<" -> "CbX\\xBBzz\\*X>|z") -> real(nil) oracle(nil)
op=29 Add(parent=6,src=":Z>:\\c*CyY*%?|cz>\"\\BXZb",isDir=false) -> real(0,mapper: mapped path exceeds MaxPath) oracle(0,mapper: mapped path exceeds MaxPath)
op=30 Rename(parent=9," _:% >.%c%*" -> "z%\"ZyZByXbb é<") -> real(mapper: entry not found) oracle(mapper: entry not found)
op=31 Add(parent=0,src="c.XxAx B?*.",isDir=true) -> real(13,nil) oracle(13,nil)
op=32 Remove(parent=6,src="y|Za:A") -> real(mapper: entry not found) oracle(mapper: entry not found)
op=33 Add(parent=0,src="Aux",isDir=false) -> real(0,mapper: directory is full) oracle(0,mapper: directory is full)
op=34 Rename(parent=9,"-.xA>>y\"::*aX|-cX>ca*A " -> "::|BZC\"") -> real(mapper: entry not found) oracle(mapper: entry not found)
op=35 Remove(parent=2,src="< .zaBc-AZX") -> real(mapper: entry not found) oracle(mapper: entry not found)
op=36 Rename(parent=6,"YAz-Y>_aycB>- " -> ">%|%CY:_ zA.Z::?z%_") -> real(mapper: entry not found) oracle(mapper: entry not found)
op=37 Rename(parent=9,"Abc>y-<-_<.ba-XZ\\:_\\-y" -> ".qqqqqqqqqqqqqqqqqq") -> real(mapper: entry not found) oracle(mapper: entry not found)
op=38 Add(parent=2,src=":yCC\"ax.\"z ",isDir=true) -> real(14,nil) oracle(14,nil)
op=39 Add(parent=6,src="*%Xz._:cy",isDir=false) -> real(15,nil) oracle(15,nil)
op=40 Add(parent=14,src="y好%bb%\":",isDir=true) -> real(16,nil) oracle(16,nil)
op=41 Rename(parent=9,".qqqqqqqqq" -> "a") -> real(mapper: entry not found) oracle(mapper: entry not found)
op=42 Rename(parent=6,"*%Xz._:cy" -> "|c\".X<X\\c%ax\\z?:y.abz?") -> real(mapper: mapped path exceeds MaxPath) oracle(mapper: mapped path exceeds MaxPath)
op=43 Rename(parent=16,"CON" -> "%?zyBcA BX|bcZcXXyb%AZ>|") -> real(mapper: entry not found) oracle(mapper: entry not found)
op=44 Add(parent=0,src="",isDir=false) -> real(0,mapper: invalid name) oracle(0,mapper: invalid name)
op=45 Rename(parent=16,"Z*Y BY:Z.z<" -> "a/b") -> real(mapper: invalid name) oracle(mapper: invalid name)
op=46 Rename(parent=0,"\"YA>B\\YY.< ." -> "%?Z*-zéY\"|.:>*\"") -> real(mapper: entry not found) oracle(mapper: entry not found)
op=47 Remove(parent=6,src="*%Xz._:cy") -> real(nil) oracle(nil)
op=48 Add(parent=13,src="*\"CbZ.%",isDir=true) -> real(17,nil) oracle(17,nil)
op=49 Remove(parent=17,src="Ac>XC-\"ac") -> real(mapper: entry not found) oracle(mapper: entry not found)
## config MaxBytes=38 MaxPath=102 MaxEntries=27
op=0 Remove(parent=0,src="*>Z?bX<a-CBC") -> real(mapper: entry not found) oracle(mapper: entry not found)
op=1 Add(parent=0,src="|zB:cC\"",isDir=false) -> real(1,nil) oracle(1,nil)
op=2 Remove(parent=0,src="|zB:cC\"") -> real(nil) oracle(nil)
op=3 Add(parent=0,src="Cyy.XXy:-bba<*bc.\"Zy",isDir=true) -> real(2,nil) oracle(2,nil)
op=4 Add(parent=0,src=".qqqqqqqqqqqqq",isDir=true) -> real(3,nil) oracle(3,nil)
op=5 Rename(parent=0,"Cyy.XXy:-bba<*bc.\"Zy" -> "\xff\xfe") -> real(mapper: invalid name) oracle(mapper: invalid name)
op=6 Add(parent=0,src=".qqqqqqqqqqqqqqqqqqqqqqqqqqqqqqqqq",isDir=true) -> real(4,nil) oracle(4,nil)
op=7 Remove(parent=0,src=".qqqqqqqqqqqqqqqqqqqqqqqqqqqqqqqqq") -> real(nil) oracle(nil)
op=8 Remove(parent=2,src=" BX?Z\\-y|\"cBcYY|Zya >") -> real(mapper: entry not found) oracle(mapper: entry not found)
op=9 Add(parent=3,src="%",isDir=true) -> real(5,nil) oracle(5,nil)
op=10 Add(parent=5,src="\xff\xfe",isDir=false) -> real(0,mapper: invalid name) oracle(0,mapper: invalid name)
op=11 Add(parent=3,src="Z -\\\\c?|CYx<c|>>",isDir=true) -> real(6,nil) oracle(6,nil)
op=12 Remove(parent=2,src="XA") -> real(mapper: entry not found) oracle(mapper: entry not found)
op=13 Remove(parent=5,src="Prn.9") -> real(mapper: entry not found) oracle(mapper: entry not found)
op=14 Remove(parent=2,src="Xx...\"Ba") -> real(mapper: entry not found) oracle(mapper: entry not found)
op=15 Add(parent=3,src="\"c_\\%*|X>A\": Ya",isDir=false) -> real(7,nil) oracle(7,nil)
op=16 Rename(parent=4,"|?Xxc" -> "->") -> real(mapper: entry not found) oracle(mapper: entry not found)
op=17 Add(parent=6,src="Bc*-?<-b<_?zz%YB->BbA",isDir=true) -> real(8,nil) oracle(8,nil)
op=18 Rename(parent=3,"Z -\\\\c?|CYx<c|>>" -> "*<*X") -> real(nil) oracle(nil)
op=19 Remove(parent=2,src="z>?|") -> real(mapper: entry not found) oracle(mapper: entry not found)
op=20 Rename(parent=8,"z%" -> " BYAx:YxX*Y:z |<") -> real(mapper: entry not found) oracle(mapper: entry not found)
op=21 Add(parent=3,src="",isDir=true) -> real(0,mapper: invalid name) oracle(0,mapper: invalid name)
op=22 Add(parent=5,src="<c?x\\\\:X:",isDir=false) -> real(9,nil) oracle(9,nil)
op=23 Remove(parent=6,src="Bc*-?<-b<_?zz%YB->BbA") -> real(nil) oracle(nil)
op=24 Rename(parent=8,":Bc?*Y.za好%><Y _é" -> "Y|_*.__-<\\? Z-\\cB %>zC*") -> real(mapper: entry not found) oracle(mapper: entry not found)
op=25 Remove(parent=3,src="%") -> real(mapper: directory is not empty) oracle(mapper: directory is not empty)
op=26 Remove(parent=6,src="a\x00b") -> real(mapper: entry not found) oracle(mapper: entry not found)
op=27 Add(parent=8,src="C- X>b%y\"x -<cyB\":",isDir=false) -> real(0,mapper: parent does not exist or is not a directory) oracle(0,mapper: parent does not exist or is not a directory)
op=28 Remove(parent=8,src="\"\"Z*\"a") -> real(mapper: entry not found) oracle(mapper: entry not found)
op=29 Add(parent=5,src="éYcc \\*|zzy.%XB* y\\.好\\%:",isDir=false) -> real(10,nil) oracle(10,nil)
op=30 Remove(parent=2,src="<Yz>*\"?A<Z?c| <X%Z") -> real(mapper: entry not found) oracle(mapper: entry not found)
op=31 Rename(parent=4,".Cx%<好:\\y" -> "_y?>y\\.b|C.|y_?-Y .b|") -> real(mapper: entry not found) oracle(mapper: entry not found)
op=32 Rename(parent=2,"zBz<x好" -> "BA >") -> real(mapper: entry not found) oracle(mapper: entry not found)
op=33 Rename(parent=2,"zACB\\ Bcxx|<Xz- _|\"z" -> "AX_c|*c%.C ") -> real(mapper: entry not found) oracle(mapper: entry not found)
op=34 Rename(parent=2,"éb-cB" -> "XéYZ:YCC") -> real(mapper: entry not found) oracle(mapper: entry not found)
op=35 Remove(parent=4,src=".>Z\\C") -> real(mapper: entry not found) oracle(mapper: entry not found)
op=36 Add(parent=4,src="CON",isDir=false) -> real(0,mapper: parent does not exist or is not a directory) oracle(0,mapper: parent does not exist or is not a directory)
op=37 Add(parent=4,src="C_",isDir=false) -> real(0,mapper: parent does not exist or is not a directory) oracle(0,mapper: parent does not exist or is not a directory)
op=38 Remove(parent=6,src="c:|é\\_-z好y<?ébz_") -> real(mapper: entry not found) oracle(mapper: entry not found)
op=39 Remove(parent=3,src="-Xc|Z?b *A\"") -> real(mapper: entry not found) oracle(mapper: entry not found)
op=40 Add(parent=3,src=" ?c*._\\\"BZbC.b",isDir=false) -> real(11,nil) oracle(11,nil)
op=41 Rename(parent=5,"YBabAC<" -> "YC\\%.ay\\\\\\%c_\"%>\\_") -> real(mapper: entry not found) oracle(mapper: entry not found)
op=42 Add(parent=0,src="|y _%bc<Xbx%Z\\",isDir=false) -> real(12,nil) oracle(12,nil)
op=43 Rename(parent=6,"xz\"|YcyA|B<bbb>\"Z" -> "_Yy") -> real(mapper: entry not found) oracle(mapper: entry not found)
op=44 Add(parent=8,src="\"好>",isDir=true) -> real(0,mapper: parent does not exist or is not a directory) oracle(0,mapper: parent does not exist or is not a directory)
op=45 Rename(parent=8,"\\C::.<" -> "yZx<bA<YCC?<:Z |>?%A") -> real(mapper: entry not found) oracle(mapper: entry not found)
op=46 Rename(parent=0,"|y _%bc<Xbx%Z\\" -> "CON.txt") -> real(nil) oracle(nil)
op=47 Add(parent=3,src="a/b",isDir=true) -> real(0,mapper: invalid name) oracle(0,mapper: invalid name)
op=48 Add(parent=2,src=".qqqqqqqqqqqqqqqqqqqqqqqqq",isDir=true) -> real(13,nil) oracle(13,nil)
op=49 Add(parent=0,src="\"YCz_Xz\" YY.<",isDir=true) -> real(14,nil) oracle(14,nil)
## config MaxBytes=41 MaxPath=49 MaxEntries=22
op=0 Rename(parent=0,"\"_\\xXcY>_" -> "Y%-Zz*") -> real(mapper: entry not found) oracle(mapper: entry not found)
op=1 Remove(parent=0,src="a") -> real(mapper: entry not found) oracle(mapper: entry not found)
op=2 Add(parent=0,src="?Czx\"CZX:A_cXYaX>Y",isDir=true) -> real(1,nil) oracle(1,nil)
op=3 Add(parent=1,src=".qqqqqqqqqqqqqqqqqqqqqqqqqqqqq",isDir=false) -> real(0,mapper: mapped path exceeds MaxPath) oracle(0,mapper: mapped path exceeds MaxPath)
op=4 Add(parent=0,src=".*b-*>-\\_zbaé:_",isDir=true) -> real(2,nil) oracle(2,nil)
op=5 Remove(parent=1,src="a/b") -> real(mapper: entry not found) oracle(mapper: entry not found)
op=6 Rename(parent=0,"?Czx\"CZX:A_cXYaX>Y" -> "Z|\"b<\"c:a\\?cxY\":") -> real(nil) oracle(nil)
op=7 Rename(parent=1,"ZZ*\\Cz ||\"\\?:>|:?Cxy:A<" -> ":") -> real(mapper: entry not found) oracle(mapper: entry not found)
op=8 Add(parent=2,src="<%.*<好cb<\"\" A好?-a",isDir=false) -> real(0,mapper: mapped path exceeds MaxPath) oracle(0,mapper: mapped path exceeds MaxPath)
op=9 Rename(parent=1,".qqqqqqqqqqqqqqqqqqqqqq" -> "C>%xy<aa-|_\\yB_*") -> real(mapper: entry not found) oracle(mapper: entry not found)
op=10 Rename(parent=0,".*b-*>-\\_zbaé:_" -> "|%AA<\">XX>-") -> real(nil) oracle(nil)
op=11 Remove(parent=0,src="Z|\"b<\"c:a\\?cxY\":") -> real(nil) oracle(nil)
op=12 Add(parent=2,src="b|>>:?a好.BY*-y*b",isDir=true) -> real(0,mapper: mapped path exceeds MaxPath) oracle(0,mapper: mapped path exceeds MaxPath)
op=13 Rename(parent=0,"|%AA<\">XX>-" -> "Y") -> real(nil) oracle(nil)
op=14 Rename(parent=0,"CON" -> ":") -> real(mapper: entry not found) oracle(mapper: entry not found)
op=15 Add(parent=1,src=".con",isDir=true) -> real(0,mapper: parent does not exist or is not a directory) oracle(0,mapper: parent does not exist or is not a directory)
op=16 Rename(parent=2,"<\\.?zX%<x>" -> "a\x00b") -> real(mapper: invalid name) oracle(mapper: invalid name)
op=17 Add(parent=1,src="?x.-z-\\CA%",isDir=false) -> real(0,mapper: parent does not exist or is not a directory) oracle(0,mapper: parent does not exist or is not a directory)
op=18 Remove(parent=1,src="\\CA >?ba<.c*x") -> real(mapper: entry not found) oracle(mapper: entry not found)
op=19 Remove(parent=2,src="B:aaZ*<cC<|Y.") -> real(mapper: entry not found) oracle(mapper: entry not found)
op=20 Add(parent=2,src=".qqqqq",isDir=false) -> real(3,nil) oracle(3,nil)
op=21 Rename(parent=0,"Y" -> "\\CZX?:aYCy ") -> real(nil) oracle(nil)
op=22 Rename(parent=0,"\\CZX?:aYCy " -> "aCA:BB zY.b_bZy_.z") -> real(nil) oracle(nil)
op=23 Add(parent=2,src="好*Y:<_",isDir=true) -> real(4,nil) oracle(4,nil)
op=24 Add(parent=2,src="yzzC|",isDir=true) -> real(5,nil) oracle(5,nil)
op=25 Add(parent=2,src="-%:C<%\\%A X",isDir=true) -> real(6,nil) oracle(6,nil)
op=26 Rename(parent=0,"aCA:BB zY.b_bZy_.z" -> "bz<\\X< z%<\"<?zcA %") -> real(mapper: mapped path exceeds MaxPath) oracle(mapper: mapped path exceeds MaxPath)
op=27 Rename(parent=4,"Y*b%zbx\\.aZ\\|cya.-?c" -> "a/b") -> real(mapper: invalid name) oracle(mapper: invalid name)
op=28 Add(parent=4,src="nul",isDir=false) -> real(7,nil) oracle(7,nil)
op=29 Add(parent=1,src="CYc:xazBxzY:",isDir=false) -> real(0,mapper: parent does not exist or is not a directory) oracle(0,mapper: parent does not exist or is not a directory)
op=30 Add(parent=6,src="*a :<",isDir=false) -> real(0,mapper: mapped path exceeds MaxPath) oracle(0,mapper: mapped path exceeds MaxPath)
op=31 Add(parent=5,src="Y|\"bc\"c.-*\" -CC?x",isDir=true) -> real(0,mapper: mapped path exceeds MaxPath) oracle(0,mapper: mapped path exceeds MaxPath)
op=32 Add(parent=4,src="yA\\%b:_: | CXx_ -",isDir=true) -> real(0,mapper: mapped path exceeds MaxPath) oracle(0,mapper: mapped path exceeds MaxPath)
op=33 Remove(parent=0,src="aCA:BB zY.b_bZy_.z") -> real(mapper: directory is not empty) oracle(mapper: directory is not empty)
op=34 Add(parent=1,src="_A好z好zBZZ?-_ x",isDir=false) -> real(0,mapper: parent does not exist or is not a directory) oracle(0,mapper: parent does not exist or is not a directory)
op=35 Add(parent=4,src="\"zz<Za\\ByYC:?A",isDir=false) -> real(0,mapper: mapped path exceeds MaxPath) oracle(0,mapper: mapped path exceeds MaxPath)
op=36 Add(parent=1,src="z|_>abC",isDir=true) -> real(0,mapper: parent does not exist or is not a directory) oracle(0,mapper: parent does not exist or is not a directory)
op=37 Rename(parent=1,"\\C\\-éb* 好AC *Xa" -> "C<z\\Y y.éyZ<By") -> real(mapper: entry not found) oracle(mapper: entry not found)
op=38 Rename(parent=4,"nul" -> "*|.CzZXA:?\\ xyZ?") -> real(mapper: mapped path exceeds MaxPath) oracle(mapper: mapped path exceeds MaxPath)
op=39 Add(parent=4,src="Aux.txt",isDir=true) -> real(8,nil) oracle(8,nil)
op=40 Remove(parent=8,src="Ab") -> real(mapper: entry not found) oracle(mapper: entry not found)
op=41 Rename(parent=2,"yzzC|" -> ".qqqqqqqqqqqqqqqqqqqqqqq") -> real(nil) oracle(nil)
op=42 Remove(parent=5,src="a/b") -> real(mapper: entry not found) oracle(mapper: entry not found)
op=43 Add(parent=2,src="Y\\<",isDir=false) -> real(9,nil) oracle(9,nil)
op=44 Remove(parent=1,src="C\"  C:|YaBBa-:<\"z|bay") -> real(mapper: entry not found) oracle(mapper: entry not found)
op=45 Rename(parent=4,"Aux.txt" -> ":XYB*\"z") -> real(nil) oracle(nil)
op=46 Add(parent=6,src="a/b",isDir=true) -> real(0,mapper: invalid name) oracle(0,mapper: invalid name)
op=47 Add(parent=5,src="-y.%<Z?Y-ZY.>|",isDir=false) -> real(0,mapper: mapped path exceeds MaxPath) oracle(0,mapper: mapped path exceeds MaxPath)
op=48 Rename(parent=6,"y|_C_>*< |b Z:y:" -> "-x%-:ZZ**Zb:XB.z%") -> real(mapper: entry not found) oracle(mapper: entry not found)
op=49 Remove(parent=5,src="z z|<\\x\">zZzyA%\">\\") -> real(mapper: entry not found) oracle(mapper: entry not found)
## config MaxBytes=29 MaxPath=41 MaxEntries=30
op=0 Remove(parent=0,src=".C>Z?x\\a_:zC\"aA>B") -> real(mapper: entry not found) oracle(mapper: entry not found)
op=1 Rename(parent=0,">>:B*||.%\\xBzy-?c_c abB" -> "b|b__Zz") -> real(mapper: entry not found) oracle(mapper: entry not found)
op=2 Rename(parent=0,"*>B...>cB\"_%" -> ".qqqqqqqqqqqqqqqqqqqqqqqqqqqqqqqqqq") -> real(mapper: entry not found) oracle(mapper: entry not found)
op=3 Add(parent=0,src="a/b",isDir=true) -> real(0,mapper: invalid name) oracle(0,mapper: invalid name)
op=4 Add(parent=0,src=":\\<cYCY?AX ",isDir=false) -> real(1,nil) oracle(1,nil)
op=5 Add(parent=0,src="?-.a_|b:Z>_?a>aaA",isDir=true) -> real(2,nil) oracle(2,nil)
op=6 Rename(parent=0,"X*<:Z-Zy:.%Z" -> ":x*X>YY:A:") -> real(mapper: entry not found) oracle(mapper: entry not found)
op=7 Add(parent=0,src="\\>*xzZ?>\"_zb ",isDir=false) -> real(3,nil) oracle(3,nil)
op=8 Rename(parent=0,":\\<cYCY?AX " -> "||xba?*c_B") -> real(nil) oracle(nil)
op=9 Add(parent=2,src="Z?é",isDir=false) -> real(4,nil) oracle(4,nil)
op=10 Rename(parent=0,"||xba?*c_B" -> ".qqqqqqqqqqqqqq") -> real(nil) oracle(nil)
op=11 Add(parent=0,src="|b-é?% ",isDir=true) -> real(5,nil) oracle(5,nil)
op=12 Remove(parent=0,src="|b-é?% ") -> real(nil) oracle(nil)
op=13 Add(parent=2,src="<%Aa",isDir=true) -> real(6,nil) oracle(6,nil)
op=14 Rename(parent=0,".qqqqqqqqqqqqqq" -> "Z") -> real(nil) oracle(nil)
op=15 Add(parent=2,src="",isDir=false) -> real(0,mapper: invalid name) oracle(0,mapper: invalid name)
op=16 Rename(parent=2,"Z?é" -> "Y>?::- \\A>|z*ay?A-?*") -> real(mapper: mapped path exceeds MaxPath) oracle(mapper: mapped path exceeds MaxPath)
op=17 Rename(parent=2,"Z?é" -> "a\x00b") -> real(mapper: invalid name) oracle(mapper: invalid name)
op=18 Rename(parent=6,"BBB-Zé好*BzXc" -> "\\yBZ??>x") -> real(mapper: entry not found) oracle(mapper: entry not found)
op=19 Add(parent=6,src="Bxa|:>ZZ*_ZC<*\">",isDir=true) -> real(0,mapper: mapped path exceeds MaxPath) oracle(0,mapper: mapped path exceeds MaxPath)
op=20 Rename(parent=6,"cx>b_XXzzy YXcB%\"\"\"" -> "|ybY<|xcy") -> real(mapper: entry not found) oracle(mapper: entry not found)
op=21 Add(parent=2,src=" ?-ZA%x.Z>-?b",isDir=false) -> real(0,mapper: mapped path exceeds MaxPath) oracle(0,mapper: mapped path exceeds MaxPath)
op=22 Remove(parent=2,src="Z?é") -> real(nil) oracle(nil)
op=23 Add(parent=2,src=".qqqqqqqqqqqqqqqqqqqqqqqqqqqqqqqqq",isDir=false) -> real(0,mapper: mapped path exceeds MaxPath) oracle(0,mapper: mapped path exceeds MaxPath)
op=24 Add(parent=5,src="Aux.txt",isDir=true) -> real(0,mapper: parent does not exist or is not a directory) oracle(0,mapper: parent does not exist or is not a directory)
op=25 Add(parent=2,src=" Yx _bac- |.\"%xb.cC.X>",isDir=true) -> real(0,mapper: mapped path exceeds MaxPath) oracle(0,mapper: mapped path exceeds MaxPath)
op=26 Add(parent=2,src=".qqqqqqqqqqq",isDir=false) -> real(0,mapper: mapped path exceeds MaxPath) oracle(0,mapper: mapped path exceeds MaxPath)
op=27 Add(parent=6,src="lpt3",isDir=true) -> real(0,mapper: mapped path exceeds MaxPath) oracle(0,mapper: mapped path exceeds MaxPath)
op=28 Add(parent=0,src=" A*",isDir=false) -> real(7,nil) oracle(7,nil)
op=29 Rename(parent=6,"ay: >\" \\" -> " ") -> real(mapper: entry not found) oracle(mapper: entry not found)
op=30 Rename(parent=0,"?-.a_|b:Z>_?a>aaA" -> "nul.txt") -> real(nil) oracle(nil)
op=31 Rename(parent=2,"<%Aa" -> ".B%<cx") -> real(nil) oracle(nil)
op=32 Rename(parent=2,".B%<cx" -> ".con") -> real(nil) oracle(nil)
op=33 Add(parent=6,src="???%zz\"* _.zZ\"B%>\".",isDir=true) -> real(0,mapper: mapped path exceeds MaxPath) oracle(0,mapper: mapped path exceeds MaxPath)
op=34 Rename(parent=5,".qqqqqqqqqqqqqqqqqqqqqqqqqqqqqqqqq" -> "cz.A|YYxy:_*\\>><") -> real(mapper: entry not found) oracle(mapper: entry not found)
op=35 Remove(parent=5,src=".qqqqqqqqqqqqqqqqqqqqq") -> real(mapper: entry not found) oracle(mapper: entry not found)
op=36 Remove(parent=2,src=".con") -> real(nil) oracle(nil)
op=37 Add(parent=0,src="_AYya>_\"||%c?:->Z",isDir=false) -> real(8,nil) oracle(8,nil)
op=38 Add(parent=2,src="a\x00b",isDir=true) -> real(0,mapper: invalid name) oracle(0,mapper: invalid name)
op=39 Rename(parent=2,"ZYcAy:Yc Z-%_zA-.b_ " -> "%Bb.*ZAZZzaZB?_ZXB>") -> real(mapper: entry not found) oracle(mapper: entry not found)
op=40 Add(parent=5,src="Aéz",isDir=true) -> real(0,mapper: parent does not exist or is not a directory) oracle(0,mapper: parent does not exist or is not a directory)
op=41 Add(parent=2,src="\xff\xfe",isDir=true) -> real(0,mapper: invalid name) oracle(0,mapper: invalid name)
op=42 Add(parent=6,src="-<Z---.A*A*.czA",isDir=false) -> real(0,mapper: parent does not exist or is not a directory) oracle(0,mapper: parent does not exist or is not a directory)
op=43 Rename(parent=0,"AAz*Z:\"CZ-B.:_ Y|" -> "<<C好z") -> real(mapper: entry not found) oracle(mapper: entry not found)
op=44 Add(parent=0,src="\\yc * *a%\".>",isDir=true) -> real(9,nil) oracle(9,nil)
op=45 Add(parent=6,src="lpt3",isDir=false) -> real(0,mapper: parent does not exist or is not a directory) oracle(0,mapper: parent does not exist or is not a directory)
op=46 Add(parent=6,src=".qqqqqqqqqqqqqqqqq",isDir=true) -> real(0,mapper: parent does not exist or is not a directory) oracle(0,mapper: parent does not exist or is not a directory)
op=47 Add(parent=2,src=">baBCaz好-<yxé\\>-\\y",isDir=true) -> real(10,nil) oracle(10,nil)
op=48 Rename(parent=6,":x?___b.-" -> "zxy%<a%*c") -> real(mapper: entry not found) oracle(mapper: entry not found)
op=49 Rename(parent=9,">ZB__ZcB%zcZA:" -> "a<BcY:zxy *|:-\\>:x") -> real(mapper: entry not found) oracle(mapper: entry not found)
## config MaxBytes=29 MaxPath=73 MaxEntries=13
op=0 Rename(parent=0,"b\"|ay\\A*<z< cA?Yz-\\" -> ".con") -> real(mapper: entry not found) oracle(mapper: entry not found)
op=1 Rename(parent=0,"好C\"_B\"azZ<Yay|" -> "") -> real(mapper: invalid name) oracle(mapper: invalid name)
op=2 Rename(parent=0,".qqqqqqqqqqqqqqqqqqqqqqqqqqqqqqqqqq" -> "_>X%b") -> real(mapper: entry not found) oracle(mapper: entry not found)
op=3 Rename(parent=0,"a\x00b" -> "%\"Bx") -> real(mapper: entry not found) oracle(mapper: entry not found)
op=4 Add(parent=0,src="lpt3.txt",isDir=true) -> real(1,nil) oracle(1,nil)
op=5 Rename(parent=0,"lpt3.txt" -> "BZzyc<") -> real(nil) oracle(nil)
op=6 Rename(parent=1,"Prn.9.txt" -> "C:") -> real(mapper: entry not found) oracle(mapper: entry not found)
op=7 Remove(parent=1,src="|Bx. cb:X.\"ya__c\"z|B") -> real(mapper: entry not found) oracle(mapper: entry not found)
op=8 Rename(parent=1,"CB|_zz_" -> "lpt3") -> real(mapper: entry not found) oracle(mapper: entry not found)
op=9 Rename(parent=1,"B:" -> ".con") -> real(mapper: entry not found) oracle(mapper: entry not found)
op=10 Add(parent=0,src="\xff\xfe",isDir=false) -> real(0,mapper: invalid name) oracle(0,mapper: invalid name)
op=11 Add(parent=0,src="<a*Xx*a%A|-YbC:-.:B*X",isDir=false) -> real(2,nil) oracle(2,nil)
op=12 Rename(parent=1,"c\">c?c?y?Aabb?>" -> "<%?<\"zéY") -> real(mapper: entry not found) oracle(mapper: entry not found)
op=13 Remove(parent=0,src="BZzyc<") -> real(nil) oracle(nil)
op=14 Add(parent=0,src="<?bZbz c*B.? B?b\"*c",isDir=false) -> real(3,nil) oracle(3,nil)
op=15 Remove(parent=1,src="a/b") -> real(mapper: entry not found) oracle(mapper: entry not found)
op=16 Remove(parent=0,src="<a*Xx*a%A|-YbC:-.:B*X") -> real(nil) oracle(nil)
op=17 Add(parent=1,src="XA -|-_<x<",isDir=true) -> real(0,mapper: parent does not exist or is not a directory) oracle(0,mapper: parent does not exist or is not a directory)
op=18 Remove(parent=1,src="Cy\"Xz:c*ycy") -> real(mapper: entry not found) oracle(mapper: entry not found)
op=19 Remove(parent=1,src="<Z_") -> real(mapper: entry not found) oracle(mapper: entry not found)
op=20 Remove(parent=1,src="\\z_cX>") -> real(mapper: entry not found) oracle(mapper: entry not found)
op=21 Remove(parent=1,src="_. CaXZzCBC<b好\"X*") -> real(mapper: entry not found) oracle(mapper: entry not found)
op=22 Rename(parent=1,"CY:.\" >BbBYbC<<%bb Yx" -> "?xC*<A?\"C\\y%_\\") -> real(mapper: entry not found) oracle(mapper: entry not found)
op=23 Remove(parent=0,src="<?bZbz c*B.? B?b\"*c") -> real(nil) oracle(nil)
op=24 Remove(parent=0,src="-A?_<..xY") -> real(mapper: entry not found) oracle(mapper: entry not found)
op=25 Rename(parent=0," _zyY" -> ".qqqqqqqqqqqqqqqqqqqqqqq") -> real(mapper: entry not found) oracle(mapper: entry not found)
op=26 Rename(parent=0,"b*" -> "<B*XZ*|By.Yx-.<b:\"yYXA.|") -> real(mapper: entry not found) oracle(mapper: entry not found)
op=27 Add(parent=0,src=".qqqqqqqqqqqqqqqqqqqqqqq",isDir=true) -> real(4,nil) oracle(4,nil)
op=28 Rename(parent=4,"Prn.9" -> "-:%好?XzAcYéACé.y:a") -> real(mapper: entry not found) oracle(mapper: entry not found)
op=29 Add(parent=1,src="X\\|\"*b好..?B<yX\\<_.",isDir=false) -> real(0,mapper: parent does not exist or is not a directory) oracle(0,mapper: parent does not exist or is not a directory)
op=30 Add(parent=4,src="<|z|bzcz? Y",isDir=true) -> real(5,nil) oracle(5,nil)
op=31 Add(parent=5,src="好.\\-\"<",isDir=false) -> real(6,nil) oracle(6,nil)
op=32 Add(parent=5,src="a\x00b",isDir=false) -> real(0,mapper: invalid name) oracle(0,mapper: invalid name)
op=33 Rename(parent=0,".qqqqqqqqqqqqqqqqqqqqqqq" -> "_<C:y bé") -> real(nil) oracle(nil)
op=34 Rename(parent=5,"好.\\-\"<" -> "bxBc?") -> real(nil) oracle(nil)
op=35 Add(parent=4,src="B\\A",isDir=true) -> real(7,nil) oracle(7,nil)
op=36 Rename(parent=0,"_<C:y bé" -> "Y: y\\A|C<\\Cc ?Zx_\"\\é") -> real(nil) oracle(nil)
op=37 Remove(parent=5,src="bxBc?") -> real(nil) oracle(nil)
op=38 Add(parent=0,src="b>zyYC.é_好%好\"c><.z",isDir=false) -> real(8,nil) oracle(8,nil)
op=39 Rename(parent=4,"B\\A" -> "éCaC\"-_>?b\">") -> real(nil) oracle(nil)
op=40 Rename(parent=7,"B\"zB>\\y?aCyac_" -> "cY -a") -> real(mapper: entry not found) oracle(mapper: entry not found)
op=41 Add(parent=1,src="*",isDir=true) -> real(0,mapper: parent does not exist or is not a directory) oracle(0,mapper: parent does not exist or is not a directory)
op=42 Add(parent=1,src="Ya*%?CAC:-.>%bYbAY",isDir=false) -> real(0,mapper: parent does not exist or is not a directory) oracle(0,mapper: parent does not exist or is not a directory)
op=43 Add(parent=0,src="aC:\\",isDir=true) -> real(9,nil) oracle(9,nil)
op=44 Rename(parent=0,"Y: y\\A|C<\\Cc ?Zx_\"\\é" -> "-Az:?Z__z\\:-|.* % y") -> real(nil) oracle(nil)
op=45 Remove(parent=0,src="aC:\\") -> real(nil) oracle(nil)
op=46 Add(parent=7,src="aC|*.A.xBxB??%\"-.B\\<\"xz ",isDir=false) -> real(0,mapper: mapped path exceeds MaxPath) oracle(0,mapper: mapped path exceeds MaxPath)
op=47 Remove(parent=9,src=".qqqqqqqqqqqqqqqq") -> real(mapper: entry not found) oracle(mapper: entry not found)
op=48 Remove(parent=5,src="|A") -> real(mapper: entry not found) oracle(mapper: entry not found)
op=49 Remove(parent=4,src="<|z|bzcz? Y") -> real(nil) oracle(nil)
## config MaxBytes=32 MaxPath=81 MaxEntries=31
op=0 Add(parent=0,src="B? z<*BY-AA zb.b> x?",isDir=false) -> real(1,nil) oracle(1,nil)
op=1 Rename(parent=0,"B? z<*BY-AA zb.b> x?" -> "Y*A*:xx XcC|CyZyCa") -> real(nil) oracle(nil)
op=2 Rename(parent=0,"Y*A*:xx XcC|CyZyCa" -> "-bA<Y") -> real(nil) oracle(nil)
op=3 Rename(parent=0,"-bA<Y" -> "zzc\\C? .<c%aBA\\") -> real(nil) oracle(nil)
op=4 Add(parent=0,src=".><a_>B\\ac>Xz|a.? A\\xx-",isDir=false) -> real(2,nil) oracle(2,nil)
op=5 Add(parent=0,src=".?X<x>-z.a<\\BY\"",isDir=false) -> real(3,nil) oracle(3,nil)
op=6 Rename(parent=0,".?X<x>-z.a<\\BY\"" -> "\\x_") -> real(nil) oracle(nil)
op=7 Remove(parent=0,src="zzc\\C? .<c%aBA\\") -> real(nil) oracle(nil)
op=8 Remove(parent=0,src=".><a_>B\\ac>Xz|a.? A\\xx-") -> real(nil) oracle(nil)
op=9 Add(parent=0,src="?",isDir=true) -> real(4,nil) oracle(4,nil)
op=10 Add(parent=0,src="|_c%c>-..<<.zC>Y?",isDir=true) -> real(5,nil) oracle(5,nil)
op=11 Rename(parent=5,"*zA>a<c|BX*aX:z b" -> "<\"yy-yZ?ZYC\\x_z\"-bBZ\"%\\<") -> real(mapper: entry not found) oracle(mapper: entry not found)
op=12 Add(parent=4,src="yZ<|?:.||Xa|%CCBzY好",isDir=false) -> real(6,nil) oracle(6,nil)
op=13 Remove(parent=5,src="b好*\\ZZbc好? xbbB%Bé") -> real(mapper: entry not found) oracle(mapper: entry not found)
op=14 Add(parent=5,src="c..>bZ\\%好x:cc:?好<<?a|b\\\\",isDir=true) -> real(7,nil) oracle(7,nil)
op=15 Add(parent=4,src="XXy?AXC",isDir=true) -> real(8,nil) oracle(8,nil)
op=16 Rename(parent=0,"Prn.9.txt" -> "%\"<Y>bCBcz%c-z") -> real(mapper: entry not found) oracle(mapper: entry not found)
op=17 Add(parent=8,src="y\"",isDir=true) -> real(9,nil) oracle(9,nil)
op=18 Add(parent=0,src="Y.YY<\\",isDir=false) -> real(10,nil) oracle(10,nil)
op=19 Rename(parent=0,"y_éc*>:C:Ac:><z" -> "%c:a:Xz\\:Ay\\ZczZ") -> real(mapper: entry not found) oracle(mapper: entry not found)
op=20 Add(parent=4,src="cB",isDir=false) -> real(11,nil) oracle(11,nil)
op=21 Remove(parent=0,src="_A-a_zZZczX") -> real(mapper: entry not found) oracle(mapper: entry not found)
op=22 Rename(parent=4,"yZ<|?:.||Xa|%CCBzY好" -> "?X\\\\<yX\"_X*xzcC*Zy_\\y") -> real(nil) oracle(nil)
op=23 Rename(parent=5,"c..>bZ\\%好x:cc:?好<<?a|b\\\\" -> "\xff\xfe") -> real(mapper: invalid name) oracle(mapper: invalid name)
op=24 Remove(parent=9,src="-_Xb\"?|a\"") -> real(mapper: entry not found) oracle(mapper: entry not found)
op=25 Remove(parent=4,src="cB") -> real(nil) oracle(nil)
op=26 Add(parent=7,src="Xccb-Y-zy\"-b\"|x_\\%?>",isDir=true) -> real(0,mapper: mapped path exceeds MaxPath) oracle(0,mapper: mapped path exceeds MaxPath)
op=27 Add(parent=0,src="\"ZAC.:* bX-. <*>Cx",isDir=false) -> real(12,nil) oracle(12,nil)
op=28 Add(parent=7,src=":<\"C.*X_a",isDir=false) -> real(0,mapper: mapped path exceeds MaxPath) oracle(0,mapper: mapped path exceeds MaxPath)
op=29 Remove(parent=8,src="y\"") -> real(nil) oracle(nil)
op=30 Rename(parent=7,"lpt3.txt" -> "%%") -> real(mapper: entry not found) oracle(mapper: entry not found)
op=31 Remove(parent=4,src="?X\\\\<yX\"_X*xzcC*Zy_\\y") -> real(nil) oracle(nil)
op=32 Add(parent=4,src="%",isDir=false) -> real(13,nil) oracle(13,nil)
op=33 Rename(parent=0,"Y.YY<\\" -> ".qqqqqqqqqqqqqqqqq") -> real(nil) oracle(nil)
op=34 Add(parent=4,src="nul",isDir=true) -> real(14,nil) oracle(14,nil)
op=35 Rename(parent=4,"%" -> "C\"_Y>ABx") -> real(nil) oracle(nil)
op=36 Add(parent=5,src="x|好\"?>好Ab:A>Y%-éXéZ:<?_",isDir=true) -> real(15,nil) oracle(15,nil)
op=37 Add(parent=7,src="%Zx-BY:BXCX",isDir=true) -> real(16,nil) oracle(16,nil)
op=38 Add(parent=15,src="_ \\*:A*y?zx\\A*y>C--|zy\\",isDir=false) -> real(0,mapper: mapped path exceeds MaxPath) oracle(0,mapper: mapped path exceeds MaxPath)
op=39 Add(parent=4,src="nul",isDir=false) -> real(0,mapper: source name already exists) oracle(0,mapper: source name already exists)
op=40 Add(parent=14,src=".qqqqqqqqqqqqqqqqqqqqqqqq",isDir=false) -> real(17,nil) oracle(17,nil)
op=41 Add(parent=4,src="y>%",isDir=false) -> real(18,nil) oracle(18,nil)
op=42 Remove(parent=9,src=".con.txt") -> real(mapper: entry not found) oracle(mapper: entry not found)
op=43 Add(parent=14,src=".BX: ",isDir=true) -> real(19,nil) oracle(19,nil)
op=44 Rename(parent=0,"YZa\"z-<é\\*<XC" -> ".qqqqqqqqqqqq") -> real(mapper: entry not found) oracle(mapper: entry not found)
op=45 Remove(parent=9,src="\">\\BB>_%c*A_*_Bza.*bZ") -> real(mapper: entry not found) oracle(mapper: entry not found)
op=46 Rename(parent=16,"Y.axC" -> ".qqqqqqqqqqqqqqqqqqqqqqqqqq") -> real(mapper: entry not found) oracle(mapper: entry not found)
op=47 Rename(parent=14,"CON.txt" -> "-ByZ%x\"ZYy") -> real(mapper: entry not found) oracle(mapper: entry not found)
op=48 Add(parent=0,src="-xX z>c *<Xz<zya",isDir=true) -> real(20,nil) oracle(20,nil)
op=49 Add(parent=7,src="a? y>YAz_C*-%_Z",isDir=false) -> real(0,mapper: mapped path exceeds MaxPath) oracle(0,mapper: mapped path exceeds MaxPath)
## config MaxBytes=51 MaxPath=124 MaxEntries=17
op=0 Rename(parent=0,"\"a:YBc*X.%%%%\\a\\>.? -Za" -> "好éCZé") -> real(mapper: entry not found) oracle(mapper: entry not found)
op=1 Add(parent=0,src="\"%_.cXcA::a",isDir=false) -> real(1,nil) oracle(1,nil)
op=2 Add(parent=0,src="C||BC|BXY.%",isDir=true) -> real(2,nil) oracle(2,nil)
op=3 Add(parent=2,src="C|*A<:b_\"cb%%b>cx?_Z",isDir=false) -> real(3,nil) oracle(3,nil)
op=4 Add(parent=2,src="*>é%A-zéB*bZ\"\"好",isDir=false) -> real(4,nil) oracle(4,nil)
op=5 Rename(parent=0,"C||BC|BXY.%" -> "C% X") -> real(nil) oracle(nil)
op=6 Rename(parent=2,"C|*A<:b_\"cb%%b>cx?_Z" -> "-|%B*B|yY .") -> real(nil) oracle(nil)
op=7 Rename(parent=2,"*>é%A-zéB*bZ\"\"好" -> "?-xyAc.a\\\"C") -> real(nil) oracle(nil)
op=8 Add(parent=2,src="cc*z\\Z_\".\"* A*x?_- -Y <",isDir=true) -> real(5,nil) oracle(5,nil)
op=9 Add(parent=5,src="<_ x_c_zC",isDir=true) -> real(6,nil) oracle(6,nil)
op=10 Add(parent=5,src="nul",isDir=true) -> real(7,nil) oracle(7,nil)
op=11 Add(parent=0,src="?:a.%:?<:",isDir=false) -> real(8,nil) oracle(8,nil)
op=12 Remove(parent=2,src="?-xyAc.a\\\"C") -> real(nil) oracle(nil)
op=13 Add(parent=2,src="é\\ ?|>:.好\\\"b>zY_-yXX<-é",isDir=true) -> real(9,nil) oracle(9,nil)
op=14 Rename(parent=5,"nul" -> "Z") -> real(nil) oracle(nil)
op=15 Rename(parent=0,"\"%_.cXcA::a" -> "aC:.?%cb") -> real(nil) oracle(nil)
op=16 Remove(parent=6,src="c*:é<_?b:_好Y%X_Z éy%é>*c") -> real(mapper: entry not found) oracle(mapper: entry not found)
op=17 Add(parent=7,src="CON.txt",isDir=false) -> real(10,nil) oracle(10,nil)
op=18 Add(parent=6,src="<YCx\":Cx*X-X|.<%y*_",isDir=false) -> real(11,nil) oracle(11,nil)
op=19 Rename(parent=9,"*| <- \\CX*Cx% XxxZA" -> "A>?>\\<:\\BbB:\"X ?B\"") -> real(mapper: entry not found) oracle(mapper: entry not found)
op=20 Add(parent=2,src="\"%Z--  ",isDir=false) -> real(12,nil) oracle(12,nil)
op=21 Add(parent=6,src=".qqqqqqqqqqqqqqqqqqqqqqqqqqqqqq",isDir=true) -> real(13,nil) oracle(13,nil)
op=22 Remove(parent=2,src="é\\ ?|>:.好\\\"b>zY_-yXX<-é") -> real(nil) oracle(nil)
op=23 Remove(parent=6,src=".qqqqqqqqqqqqqqqqqqqqqqqqqqqqqq") -> real(nil) oracle(nil)
op=24 Add(parent=0,src="aX>",isDir=true) -> real(14,nil) oracle(14,nil)
op=25 Add(parent=13,src="\"-a-CY?Y \"",isDir=false) -> real(0,mapper: parent does not exist or is not a directory) oracle(0,mapper: parent does not exist or is not a directory)
op=26 Remove(parent=7,src="CON.txt") -> real(nil) oracle(nil)
op=27 Rename(parent=2,"cc*z\\Z_\".\"* A*x?_- -Y <" -> ">Z\\") -> real(nil) oracle(nil)
op=28 Rename(parent=6,"<YCx\":Cx*X-X|.<%y*_" -> "\"cZx") -> real(nil) oracle(nil)
op=29 Rename(parent=0,"C% X" -> "Ay*-:-Yz") -> real(nil) oracle(nil)
op=30 Rename(parent=9,"lpt3.txt" -> ">XyB B\\?<:") -> real(mapper: entry not found) oracle(mapper: entry not found)
op=31 Rename(parent=14,":x_Aa_y:. |Y-%A-aA A" -> "CON") -> real(mapper: entry not found) oracle(mapper: entry not found)
op=32 Add(parent=9,src="CY|X%**%B__cBAz%CbZ\"",isDir=false) -> real(0,mapper: parent does not exist or is not a directory) oracle(0,mapper: parent does not exist or is not a directory)
op=33 Add(parent=2,src="?b%ab-好%x?",isDir=true) -> real(15,nil) oracle(15,nil)
op=34 Add(parent=2,src="\\BY?y :C|_b<",isDir=true) -> real(16,nil) oracle(16,nil)
op=35 Remove(parent=15,src="Aux.txt") -> real(mapper: entry not found) oracle(mapper: entry not found)
op=36 Add(parent=16,src="\"<\"",isDir=true) -> real(17,nil) oracle(17,nil)
op=37 Rename(parent=15,"a/b" -> "B") -> real(mapper: entry not found) oracle(mapper: entry not found)
op=38 Remove(parent=13,src="A%zZ*:_y|bzz\"\\") -> real(mapper: entry not found) oracle(mapper: entry not found)
op=39 Rename(parent=14,"_%a|_C|X*" -> "-Yb_-%bz|> \"yaz") -> real(mapper: entry not found) oracle(mapper: entry not found)
op=40 Add(parent=0,src="*BBb%\\|%Xéz>BC",isDir=false) -> real(18,nil) oracle(18,nil)
op=41 Remove(parent=13,src="a/b") -> real(mapper: entry not found) oracle(mapper: entry not found)
op=42 Add(parent=9,src="zZAAByZcA 好\"",isDir=true) -> real(0,mapper: parent does not exist or is not a directory) oracle(0,mapper: parent does not exist or is not a directory)
op=43 Rename(parent=13,"a\x00b" -> "*_\\*z<|_bX>Cc:Zc") -> real(mapper: entry not found) oracle(mapper: entry not found)
op=44 Add(parent=9,src="X>好é%*::cxy",isDir=false) -> real(0,mapper: parent does not exist or is not a directory) oracle(0,mapper: parent does not exist or is not a directory)
op=45 Add(parent=6,src="cA?xxz-%Bz>-ZcXyZY?AzA<",isDir=false) -> real(19,nil) oracle(19,nil)
op=46 Rename(parent=5,"<_ x_c_zC" -> ":z_ <.<| %z?é|c.?好\\:") -> real(nil) oracle(nil)
op=47 Remove(parent=5,src="x?>B|?|X>%\\Yxa. b") -> real(mapper: entry not found) oracle(mapper: entry not found)
op=48 Add(parent=2,src="z--%.%b",isDir=false) -> real(20,nil) oracle(20,nil)
op=49 Rename(parent=0,"aX>" -> "é| c*") -> real(nil) oracle(nil)
## config MaxBytes=41 MaxPath=112 MaxEntries=17
op=0 Add(parent=0,src="-cy-:Y|",isDir=true) -> real(1,nil) oracle(1,nil)
op=1 Add(parent=0,src="yY%:_Xc",isDir=false) -> real(2,nil) oracle(2,nil)
op=2 Remove(parent=0,src="-cy-:Y|") -> real(nil) oracle(nil)
op=3 Add(parent=1,src=":a?\\_x?b|z",isDir=true) -> real(0,mapper: parent does not exist or is not a directory) oracle(0,mapper: parent does not exist or is not a directory)
op=4 Rename(parent=1,"\xff\xfe" -> ".qqqqqq") -> real(mapper: entry not found) oracle(mapper: entry not found)
op=5 Rename(parent=0,"yY%:_Xc" -> "A_y_") -> real(nil) oracle(nil)
op=6 Rename(parent=1,"|:>C*-A\"ZAbb_y\\* :y" -> "<A :-y|XcYy\\y*%-*y\"") -> real(mapper: entry not found) oracle(mapper: entry not found)
op=7 Remove(parent=0,src="A_y_") -> real(nil) oracle(nil)
op=8 Add(parent=0,src=".\"B%BxXB:_X_z%a>\\<.<",isDir=false) -> real(3,nil) oracle(3,nil)
op=9 Remove(parent=1,src="*:bcC\\bxzy_y%\\cz") -> real(mapper: entry not found) oracle(mapper: entry not found)
op=10 Add(parent=1,src="A",isDir=true) -> real(0,mapper: parent does not exist or is not a directory) oracle(0,mapper: parent does not exist or is not a directory)
op=11 Rename(parent=0,".\"B%BxXB:_X_z%a>\\<.<" -> "-bbY|éX\\%>X-zé*") -> real(nil) oracle(nil)
op=12 Rename(parent=0,"-bbY|éX\\%>X-zé*" -> ".qqqqqqqqqqqqqqq") -> real(nil) oracle(nil)
op=13 Rename(parent=0,".qqqqqqqqqqqqqqq" -> ".qqqqqqqqqqqqq") -> real(nil) oracle(nil)
op=14 Add(parent=1,src="\xff\xfe",isDir=true) -> real(0,mapper: invalid name) oracle(0,mapper: invalid name)
op=15 Add(parent=0,src="",isDir=false) -> real(0,mapper: invalid name) oracle(0,mapper: invalid name)
op=16 Add(parent=1,src="?A",isDir=false) -> real(0,mapper: parent does not exist or is not a directory) oracle(0,mapper: parent does not exist or is not a directory)
op=17 Add(parent=0,src="c?a>Z?:za.\".Y %\"c|BaAcbA",isDir=false) -> real(4,nil) oracle(4,nil)
op=18 Remove(parent=1,src="\"*\"cy\">xy?x\\Yz\"") -> real(mapper: entry not found) oracle(mapper: entry not found)
op=19 Add(parent=1,src="x-yZ",isDir=false) -> real(0,mapper: parent does not exist or is not a directory) oracle(0,mapper: parent does not exist or is not a directory)
op=20 Add(parent=1,src=".qqqqqqqqqqqqqqqqqqqqqqqqqqqqqq",isDir=true) -> real(0,mapper: parent does not exist or is not a directory) oracle(0,mapper: parent does not exist or is not a directory)
op=21 Add(parent=1,src="xAzxé",isDir=true) -> real(0,mapper: parent does not exist or is not a directory) oracle(0,mapper: parent does not exist or is not a directory)
op=22 Rename(parent=0,".qqqqqqqqqqqqq" -> "\\*y|") -> real(nil) oracle(nil)
op=23 Add(parent=1,src="nul",isDir=true) -> real(0,mapper: parent does not exist or is not a directory) oracle(0,mapper: parent does not exist or is not a directory)
op=24 Remove(parent=0,src="c?a>Z?:za.\".Y %\"c|BaAcbA") -> real(nil) oracle(nil)
op=25 Rename(parent=1,"z<c" -> " ?B") -> real(mapper: entry not found) oracle(mapper: entry not found)
op=26 Remove(parent=1,src="\xff\xfe") -> real(mapper: entry not found) oracle(mapper: entry not found)
op=27 Rename(parent=0,".qqqqqqqqqqqqqqqqqq" -> "-\"x..a|.<<\"C.%X_ZC") -> real(mapper: entry not found) oracle(mapper: entry not found)
op=28 Remove(parent=1,src="XzyA") -> real(mapper: entry not found) oracle(mapper: entry not found)
op=29 Rename(parent=0,"\\*y|" -> "bb|AB") -> real(nil) oracle(nil)
op=30 Add(parent=0,src="*C_?",isDir=false) -> real(5,nil) oracle(5,nil)
op=31 Add(parent=1,src="BBB%好CaZ\\% <cXé\"好.好",isDir=false) -> real(0,mapper: parent does not exist or is not a directory) oracle(0,mapper: parent does not exist or is not a directory)
op=32 Rename(parent=0,"B*x-a\"B" -> ":ZAz..By%Ac\"?_-") -> real(mapper: entry not found) oracle(mapper: entry not found)
op=33 Add(parent=0,src="Aux.txt",isDir=false) -> real(6,nil) oracle(6,nil)
op=34 Rename(parent=0,"*C_?" -> "CON.txt") -> real(nil) oracle(nil)
op=35 Rename(parent=1,".|C<b.zZBC>*-.<b><_%Ca" -> "lpt3") -> real(mapper: entry not found) oracle(mapper: entry not found)
op=36 Add(parent=1,src="YC.-\"zcz_*A",isDir=true) -> real(0,mapper: parent does not exist or is not a directory) oracle(0,mapper: parent does not exist or is not a directory)
op=37 Rename(parent=0,"Aux.txt" -> ".qqqqqqqqqqqqqqq") -> real(nil) oracle(nil)
op=38 Rename(parent=0,"bb|AB" -> "cZB-") -> real(nil) oracle(nil)
op=39 Rename(parent=0,"CON.txt" -> "Xb_ %BX") -> real(nil) oracle(nil)
op=40 Rename(parent=0,".qqqqqqqqqqqqqqq" -> "Prn.9.txt") -> real(nil) oracle(nil)
op=41 Rename(parent=1,":*c%A .b<x-_Z.-X|ay" -> "a\x00b") -> real(mapper: invalid name) oracle(mapper: invalid name)
op=42 Add(parent=1,src="A\"\\?x%*:y-",isDir=false) -> real(0,mapper: parent does not exist or is not a directory) oracle(0,mapper: parent does not exist or is not a directory)
op=43 Add(parent=1,src="?-好Aé好.-ba\\_B好",isDir=true) -> real(0,mapper: parent does not exist or is not a directory) oracle(0,mapper: parent does not exist or is not a directory)
op=44 Add(parent=1,src="\\Y好 >|Ax X:>c*",isDir=true) -> real(0,mapper: parent does not exist or is not a directory) oracle(0,mapper: parent does not exist or is not a directory)
op=45 Add(parent=1,src="c?%CB",isDir=false) -> real(0,mapper: parent does not exist or is not a directory) oracle(0,mapper: parent does not exist or is not a directory)
op=46 Remove(parent=1,src="*Zb.%<Xa . \\X\\:Z*:A\\->yA") -> real(mapper: entry not found) oracle(mapper: entry not found)
op=47 Rename(parent=1,"a|%-Caa%>é>X|" -> "\\.%ZéY.a\"*x\\éy:_xx*Y-Z>C") -> real(mapper: entry not found) oracle(mapper: entry not found)
op=48 Add(parent=1,src="X|*XCc Z*A?%z",isDir=false) -> real(0,mapper: parent does not exist or is not a directory) oracle(0,mapper: parent does not exist or is not a directory)
op=49 Add(parent=0,src="a/b",isDir=false) -> real(0,mapper: invalid name) oracle(0,mapper: invalid name)
## config MaxBytes=17 MaxPath=32 MaxEntries=37
op=0 Add(parent=0,src="|zA?%\"_\"xYC-*?xZc:_",isDir=true) -> real(1,nil) oracle(1,nil)
op=1 Remove(parent=1,src="\"yYB") -> real(mapper: entry not found) oracle(mapper: entry not found)
op=2 Rename(parent=0,"|zA?%\"_\"xYC-*?xZc:_" -> "a?y_>*<Yxx|") -> real(nil) oracle(nil)
op=3 Rename(parent=0,"a?y_>*<Yxx|" -> "b_cb:>b-\\?Ab.:zxc<") -> real(nil) oracle(nil)
op=4 Remove(parent=1,src=".qqqqqqqqqqqqqqqqqqqqqqqqqqqqq") -> real(mapper: entry not found) oracle(mapper: entry not found)
op=5 Remove(parent=1,src="a/b") -> real(mapper: entry not found) oracle(mapper: entry not found)
op=6 Add(parent=0,src=".qqqqqqqqqqqqqqqqqqqqqq",isDir=true) -> real(2,nil) oracle(2,nil)
op=7 Add(parent=1,src="a/b",isDir=false) -> real(0,mapper: invalid name) oracle(0,mapper: invalid name)
op=8 Remove(parent=1,src="XaAa\"Cc?") -> real(mapper: entry not found) oracle(mapper: entry not found)
op=9 Rename(parent=2,"\".AabA|-" -> ".qqqqqqqqqqqqqqqqqqqqqqqqqqqqqq") -> real(mapper: entry not found) oracle(mapper: entry not found)
op=10 Add(parent=1,src=":bY? _x*b_%?:z?x\\<Yc%.%z",isDir=false) -> real(0,mapper: mapped path exceeds MaxPath) oracle(0,mapper: mapped path exceeds MaxPath)
op=11 Add(parent=2,src="Prn.9",isDir=false) -> real(3,nil) oracle(3,nil)
op=12 Remove(parent=2,src="Prn.9") -> real(nil) oracle(nil)
op=13 Add(parent=2,src="az|yy?%._%y\"CaX>|.",isDir=false) -> real(0,mapper: mapped path exceeds MaxPath) oracle(0,mapper: mapped path exceeds MaxPath)
op=14 Rename(parent=2,"c\"y?X<\\|X:AX:<*B _." -> "yx") -> real(mapper: entry not found) oracle(mapper: entry not found)
op=15 Rename(parent=0,".qqqqqqqqqqqqqqqqqqqqqq" -> "\":B<:z%\\") -> real(nil) oracle(nil)
op=16 Remove(parent=1,src="_Z%:A z:") -> real(mapper: entry not found) oracle(mapper: entry not found)
op=17 Add(parent=2,src="a\x00b",isDir=false) -> real(0,mapper: invalid name) oracle(0,mapper: invalid name)
op=18 Remove(parent=2,src="") -> real(mapper: entry not found) oracle(mapper: entry not found)
op=19 Rename(parent=1,".qqqqqqqqqqqqqqqqqqqqqqqqqqqqq" -> "X*a\\Y?|x%_X:c<x|BX?Y_.") -> real(mapper: entry not found) oracle(mapper: entry not found)
op=20 Remove(parent=0,src="\":B<:z%\\") -> real(nil) oracle(nil)
op=21 Add(parent=2,src=">Y??*-XZx <B\"|Y\"<><:-c",isDir=false) -> real(0,mapper: parent does not exist or is not a directory) oracle(0,mapper: parent does not exist or is not a directory)
op=22 Rename(parent=0,"b_cb:>b-\\?Ab.:zxc<" -> "<?Z*|B") -> real(nil) oracle(nil)
op=23 Add(parent=1,src="",isDir=false) -> real(0,mapper: invalid name) oracle(0,mapper: invalid name)
op=24 Rename(parent=2,"c?x_>.>>\"Y\\-.\\-:" -> "z? Yya|y a\"%%bz:XZ>Y<:*") -> real(mapper: entry not found) oracle(mapper: entry not found)
op=25 Add(parent=1,src="a/b",isDir=false) -> real(0,mapper: invalid name) oracle(0,mapper: invalid name)
op=26 Add(parent=2,src="\xff\xfe",isDir=true) -> real(0,mapper: invalid name) oracle(0,mapper: invalid name)
op=27 Add(parent=1,src=".-%:yBAy.\"b\\",isDir=true) -> real(4,nil) oracle(4,nil)
op=28 Add(parent=0,src="a/b",isDir=false) -> real(0,mapper: invalid name) oracle(0,mapper: invalid name)
op=29 Rename(parent=4,"CON" -> "zYACa \"%.\\?zZ.aC|") -> real(mapper: entry not found) oracle(mapper: entry not found)
op=30 Rename(parent=1,".-%:yBAy.\"b\\" -> ".con.txt") -> real(nil) oracle(nil)
op=31 Add(parent=1,src="|éz:XY*zy>",isDir=false) -> real(5,nil) oracle(5,nil)
op=32 Rename(parent=4,".qqqqqqqqqqqqqqqq" -> ".zZ|>%Y-:bxx::\\\"|.xb") -> real(mapper: entry not found) oracle(mapper: entry not found)
op=33 Rename(parent=1,".con.txt" -> "lpt3") -> real(nil) oracle(nil)
op=34 Add(parent=4,src="AxAza<\"\\-\\*X",isDir=true) -> real(0,mapper: mapped path exceeds MaxPath) oracle(0,mapper: mapped path exceeds MaxPath)
op=35 Rename(parent=1,"|éz:XY*zy>" -> "*X.:a|\\?Bcya <XYX?ZCc") -> real(nil) oracle(nil)
op=36 Add(parent=2,src="Y*ZX| X_\"|a_|",isDir=false) -> real(0,mapper: parent does not exist or is not a directory) oracle(0,mapper: parent does not exist or is not a directory)
op=37 Add(parent=1,src=".con",isDir=false) -> real(6,nil) oracle(6,nil)
op=38 Add(parent=2,src="Z>?X%<c>.Z\">xYY<",isDir=true) -> real(0,mapper: parent does not exist or is not a directory) oracle(0,mapper: parent does not exist or is not a directory)
op=39 Remove(parent=4,src="|BX_Z->\\bB\"_Aay>\":%\"") -> real(mapper: entry not found) oracle(mapper: entry not found)
op=40 Add(parent=4,src="<<>",isDir=true) -> real(7,nil) oracle(7,nil)
op=41 Add(parent=0,src="<CXx\"_C_C*->\"zbaYaC-?",isDir=true) -> real(8,nil) oracle(8,nil)
op=42 Add(parent=2,src="x<*?aZ?__b<%",isDir=true) -> real(0,mapper: parent does not exist or is not a directory) oracle(0,mapper: parent does not exist or is not a directory)
op=43 Add(parent=0,src="a.cxyc%?.b?bz\"z?-.*_<y\\",isDir=false) -> real(9,nil) oracle(9,nil)
op=44 Add(parent=0,src="c?|.>B|ZxBC->.zB?",isDir=true) -> real(10,nil) oracle(10,nil)
op=45 Add(parent=7,src=">%<>CbA",isDir=false) -> real(0,mapper: mapped path exceeds MaxPath) oracle(0,mapper: mapped path exceeds MaxPath)
op=46 Rename(parent=0,"a.cxyc%?.b?bz\"z?-.*_<y\\" -> ".qqqqq") -> real(nil) oracle(nil)
op=47 Remove(parent=4,src="*\\-..z>B>y>-A:>_|xA x ") -> real(mapper: entry not found) oracle(mapper: entry not found)
op=48 Rename(parent=10,"z\"x\"x%" -> "Z>ZZ|") -> real(mapper: entry not found) oracle(mapper: entry not found)
op=49 Rename(parent=0,"<CXx\"_C_C*->\"zbaYaC-?" -> ".qqqqqq") -> real(nil) oracle(nil)
## config MaxBytes=53 MaxPath=87 MaxEntries=37
op=0 Add(parent=0,src="*",isDir=true) -> real(1,nil) oracle(1,nil)
op=1 Add(parent=0,src="Xc%>\\b.>A%B\\c好--B_ \"%<",isDir=false) -> real(2,nil) oracle(2,nil)
op=2 Remove(parent=0,src="*") -> real(nil) oracle(nil)
op=3 Remove(parent=0,src="Xc%>\\b.>A%B\\c好--B_ \"%<") -> real(nil) oracle(nil)
op=4 Rename(parent=0,"%?YAC:\\ZXy" -> "C|Yb*?好ca:%<") -> real(mapper: entry not found) oracle(mapper: entry not found)
op=5 Rename(parent=0,">CCABéxZ_" -> ".") -> real(mapper: entry not found) oracle(mapper: entry not found)
op=6 Add(parent=0,src="c_XA  zBC\"",isDir=true) -> real(3,nil) oracle(3,nil)
op=7 Add(parent=1,src="a\x00b",isDir=false) -> real(0,mapper: invalid name) oracle(0,mapper: invalid name)
op=8 Rename(parent=1,"?" -> "\">zY \\") -> real(mapper: entry not found) oracle(mapper: entry not found)
op=9 Remove(parent=3,src="*XBA\"bC.YbzcxXA") -> real(mapper: entry not found) oracle(mapper: entry not found)
op=10 Add(parent=0,src="Zx\">:\\yAX|.zY.Bbcx",isDir=false) -> real(4,nil) oracle(4,nil)
op=11 Add(parent=0,src=".qqqqqqqqqqqqqqqqqqqqqqqqqqq",isDir=false) -> real(5,nil) oracle(5,nil)
op=12 Add(parent=1,src="?% C|yb%?*",isDir=false) -> real(0,mapper: parent does not exist or is not a directory) oracle(0,mapper: parent does not exist or is not a directory)
op=13 Remove(parent=0,src="Zx\">:\\yAX|.zY.Bbcx") -> real(nil) oracle(nil)
op=14 Add(parent=3,src="lpt3.txt",isDir=true) -> real(6,nil) oracle(6,nil)
op=15 Add(parent=6,src="Z|ZY|",isDir=false) -> real(7,nil) oracle(7,nil)
op=16 Add(parent=6,src="Za* Z .b? b>Z:",isDir=false) -> real(8,nil) oracle(8,nil)
op=17 Add(parent=0,src="A Z:.>c_A:\"-_",isDir=true) -> real(9,nil) oracle(9,nil)
op=18 Add(parent=9,src="a?Yx|><X*Z",isDir=false) -> real(10,nil) oracle(10,nil)
op=19 Add(parent=0,src="\\X好ZAx\\c*\\_a-zZ<好Z:Aé__",isDir=false) -> real(11,nil) oracle(11,nil)
op=20 Remove(parent=0,src="c_XA  zBC\"") -> real(mapper: directory is not empty) oracle(mapper: directory is not empty)
op=21 Add(parent=0,src="a<zba b",isDir=false) -> real(12,nil) oracle(12,nil)
op=22 Rename(parent=0,"c_XA  zBC\"" -> "\xff\xfe") -> real(mapper: invalid name) oracle(mapper: invalid name)
op=23 Add(parent=1,src=":.a%\".\\ z:",isDir=true) -> real(0,mapper: parent does not exist or is not a directory) oracle(0,mapper: parent does not exist or is not a directory)
op=24 Rename(parent=3,"lpt3.txt" -> "<x好") -> real(nil) oracle(nil)
op=25 Add(parent=9,src="Ca\\bzZy>:Z %:C-C.X.Z\"",isDir=false) -> real(13,nil) oracle(13,nil)
op=26 Add(parent=0,src="zY:axYBBY AZ|bZ",isDir=true) -> real(14,nil) oracle(14,nil)
op=27 Add(parent=0,src="YBA_X好_好B\\bx.<.|é好>",isDir=true) -> real(15,nil) oracle(15,nil)
op=28 Rename(parent=1,">a" -> ":aa:Y_|\\|\\:-b.y-->%x%z:|") -> real(mapper: entry not found) oracle(mapper: entry not found)
op=29 Add(parent=15,src="\\",isDir=true) -> real(16,nil) oracle(16,nil)
op=30 Add(parent=15,src="a\x00b",isDir=false) -> real(0,mapper: invalid name) oracle(0,mapper: invalid name)
op=31 Remove(parent=3,src="<x好") -> real(mapper: directory is not empty) oracle(mapper: directory is not empty)
op=32 Remove(parent=1,src=".qqqqqqqqqqqqqqqqqqqqqqqqqqq") -> real(mapper: entry not found) oracle(mapper: entry not found)
op=33 Rename(parent=14,".con.txt" -> ":<") -> real(mapper: entry not found) oracle(mapper: entry not found)
op=34 Rename(parent=3,"<x好" -> "") -> real(mapper: invalid name) oracle(mapper: invalid name)
op=35 Add(parent=6,src="<Z%cZ zXxz<",isDir=false) -> real(17,nil) oracle(17,nil)
op=36 Rename(parent=1,".con.txt" -> "bX|C Xyb\"bZ>a:z%") -> real(mapper: entry not found) oracle(mapper: entry not found)
op=37 Add(parent=16,src="cA? A",isDir=true) -> real(18,nil) oracle(18,nil)
op=38 Add(parent=1,src="z\\X\"Y%C> % Yy.?Yaé",isDir=false) -> real(0,mapper: parent does not exist or is not a directory) oracle(0,mapper: parent does not exist or is not a directory)
op=39 Remove(parent=9,src="a?Yx|><X*Z") -> real(nil) oracle(nil)
op=40 Add(parent=18,src="é.<B|xA ?a_X.b好\"abB|?a",isDir=false) -> real(19,nil) oracle(19,nil)
op=41 Add(parent=14,src="a|B_%B \"",isDir=false) -> real(20,nil) oracle(20,nil)
op=42 Add(parent=15,src="a/b",isDir=false) -> real(0,mapper: invalid name) oracle(0,mapper: invalid name)
op=43 Remove(parent=0,src="c_XA  zBC\"") -> real(mapper: directory is not empty) oracle(mapper: directory is not empty)
op=44 Rename(parent=15,"\\" -> "X|好x<bY_aCY-x") -> real(mapper: mapped path exceeds MaxPath) oracle(mapper: mapped path exceeds MaxPath)
op=45 Remove(parent=3,src="<x好") -> real(mapper: directory is not empty) oracle(mapper: directory is not empty)
op=46 Add(parent=3,src="<?B|b%b>%b\\azCZ",isDir=true) -> real(21,nil) oracle(21,nil)
op=47 Remove(parent=6,src="Z|ZY|") -> real(nil) oracle(nil)
op=48 Rename(parent=21,"aby._aAyZY_zZ" -> "bA\"AA.A% a:A:bxx:|-za") -> real(mapper: entry not found) oracle(mapper: entry not found)
op=49 Rename(parent=14,"a|B_%B \"" -> "\xff\xfe") -> real(mapper: invalid name) oracle(mapper: invalid name)
## config MaxBytes=37 MaxPath=105 MaxEntries=4
op=0 Add(parent=0,src="**.a- ZCaX:ccZ",isDir=true) -> real(1,nil) oracle(1,nil)
op=1 Add(parent=0,src="?_|Xby %YbY\"|yZY_.Y_<B",isDir=false) -> real(2,nil) oracle(2,nil)
op=2 Add(parent=0,src=".qqqqqqqqqqqqqqqqqqqqqqqqqqqq",isDir=false) -> real(3,nil) oracle(3,nil)
op=3 Add(parent=0,src="lpt3",isDir=true) -> real(4,nil) oracle(4,nil)
op=4 Add(parent=1,src="C\\b<Y<\"yY-\"-c%%_ BX\\%b-",isDir=true) -> real(5,nil) oracle(5,nil)
op=5 Add(parent=0,src="-Y:\".Z y:<z>zy:\" >:Za",isDir=false) -> real(0,mapper: directory is full) oracle(0,mapper: directory is full)
op=6 Rename(parent=4,"x" -> ".qqqqqqqqqqqqqqqqqqqqqqqqqq") -> real(mapper: entry not found) oracle(mapper: entry not found)
op=7 Rename(parent=0,".qqqqqqqqqqqqqqqqqqqqqqqqqqqq" -> "ZC\\好x>y*A*BC<:Xxa\\") -> real(nil) oracle(nil)
op=8 Rename(parent=1,"C\\b<Y<\"yY-\"-c%%_ BX\\%b-" -> "|c-.z|ZCBb :<<_?ézCC<\\") -> real(nil) oracle(nil)
op=9 Rename(parent=5,"\\x_:_b\">C%\"<" -> "Ba%| <:x%zzzAxxC.z%cXba") -> real(mapper: entry not found) oracle(mapper: entry not found)
op=10 Add(parent=0,src="\"%A\\x\\",isDir=false) -> real(0,mapper: directory is full) oracle(0,mapper: directory is full)
op=11 Rename(parent=4,"b*zy.*CX:<z|<..ya.\\b<c" -> "Z%bx ?Xy*") -> real(mapper: entry not found) oracle(mapper: entry not found)
op=12 Add(parent=0,src="yBXAabbb\"c%\\x\"ay好*:\\\\B?Y",isDir=false) -> real(0,mapper: directory is full) oracle(0,mapper: directory is full)
op=13 Remove(parent=5,src="CON.txt") -> real(mapper: entry not found) oracle(mapper: entry not found)
op=14 Add(parent=5,src="z  B|B*.c_a \"*>x>**AcZ",isDir=false) -> real(6,nil) oracle(6,nil)
op=15 Add(parent=1,src="X_<||.>%||<",isDir=true) -> real(7,nil) oracle(7,nil)
op=16 Rename(parent=5,"z  B|B*.c_a \"*>x>**AcZ" -> ".con") -> real(nil) oracle(nil)
op=17 Add(parent=4,src="Zy|.* YZzy>>A:-%Z*y zy",isDir=false) -> real(8,nil) oracle(8,nil)
op=18 Add(parent=0,src="Aux",isDir=true) -> real(0,mapper: directory is full) oracle(0,mapper: directory is full)
op=19 Add(parent=5,src=".qqqqqqqqqqqqqqqqqqqqqqqqqq",isDir=true) -> real(9,nil) oracle(9,nil)
op=20 Remove(parent=9,src="_Z><\"\"|Abx_:. -<") -> real(mapper: entry not found) oracle(mapper: entry not found)
op=21 Add(parent=4,src=".con",isDir=true) -> real(10,nil) oracle(10,nil)
op=22 Rename(parent=9,"b%ZZAC:.<ayY b_y" -> "|z|zAXY<a%A<.b%") -> real(mapper: entry not found) oracle(mapper: entry not found)
op=23 Remove(parent=7,src=":%|ZbzAZbzZ\\-<|%<_ ?X>") -> real(mapper: entry not found) oracle(mapper: entry not found)
op=24 Add(parent=7,src="*:%>\\Z",isDir=true) -> real(11,nil) oracle(11,nil)
op=25 Rename(parent=1,"X_<||.>%||<" -> "_y ?AZyZ\"ccxéba") -> real(nil) oracle(nil)
op=26 Add(parent=7,src="-YaY->z<>Z _\"|<*_<Z|:abz",isDir=false) -> real(12,nil) oracle(12,nil)
op=27 Remove(parent=4,src="cAA *X>好") -> real(mapper: entry not found) oracle(mapper: entry not found)
op=28 Remove(parent=1,src="|c-.z|ZCBb :<<_?ézCC<\\") -> real(mapper: directory is not empty) oracle(mapper: directory is not empty)
op=29 Add(parent=7,src="|%c\\YB\"-y",isDir=true) -> real(13,nil) oracle(13,nil)
op=30 Remove(parent=13,src="Z%Xxbb%Yy C") -> real(mapper: entry not found) oracle(mapper: entry not found)
op=31 Rename(parent=5,".qqqqqqqqqqqqqqqqqqqqqqqqqq" -> "<") -> real(nil) oracle(nil)
op=32 Remove(parent=11,src="bZ\\%z:|:Zy") -> real(mapper: entry not found) oracle(mapper: entry not found)
op=33 Add(parent=0,src=".con.txt",isDir=false) -> real(0,mapper: directory is full) oracle(0,mapper: directory is full)
op=34 Add(parent=4,src="c:bCYbZ*<CxBy.C\".",isDir=true) -> real(14,nil) oracle(14,nil)
op=35 Add(parent=14,src="a/b",isDir=true) -> real(0,mapper: invalid name) oracle(0,mapper: invalid name)
op=36 Add(parent=4,src=":_:ax .c\"bZ_\"AcCxx._y\"|",isDir=false) -> real(15,nil) oracle(15,nil)
op=37 Rename(parent=7,"-b?.%a<*>Ca: xc%\\\\<<c" -> "Prn.9.txt") -> real(mapper: entry not found) oracle(mapper: entry not found)
op=38 Add(parent=1,src="b",isDir=true) -> real(16,nil) oracle(16,nil)
op=39 Add(parent=16,src="b|.\":XzXZ好",isDir=true) -> real(17,nil) oracle(17,nil)
op=40 Remove(parent=13,src="\xff\xfe") -> real(mapper: entry not found) oracle(mapper: entry not found)
op=41 Add(parent=5,src=".:x>yX<c\\AXC",isDir=true) -> real(18,nil) oracle(18,nil)
op=42 Add(parent=17,src="z>baxzaCA%b",isDir=true) -> real(19,nil) oracle(19,nil)
op=43 Add(parent=18,src="\\.%z\\A.?%-",isDir=false) -> real(20,nil) oracle(20,nil)
op=44 Add(parent=10,src="a/b",isDir=false) -> real(0,mapper: invalid name) oracle(0,mapper: invalid name)
op=45 Add(parent=19,src=" ",isDir=true) -> real(21,nil) oracle(21,nil)
op=46 Rename(parent=13,"\"CcaXAy" -> "c%*y|-\"\"-Xa?Z\"X|BB<?:") -> real(mapper: entry not found) oracle(mapper: entry not found)
op=47 Add(parent=13,src=":bCA bc?>Y*:",isDir=false) -> real(22,nil) oracle(22,nil)
op=48 Rename(parent=11,"lpt3" -> "_|cA>aZéCééA><\"Xzb%<<C:") -> real(mapper: entry not found) oracle(mapper: entry not found)
op=49 Add(parent=14,src="a/b",isDir=true) -> real(0,mapper: invalid name) oracle(0,mapper: invalid name)
## config MaxBytes=38 MaxPath=96 MaxEntries=27
op=0 Remove(parent=0,src="-ybY>: B-zC__Z%AxZ_?c\\<Z") -> real(mapper: entry not found) oracle(mapper: entry not found)
op=1 Rename(parent=0,">-X.AX*A|XA\"X.%:CyC%*zBY" -> "A_X\"Z好yYcBZ>XCb") -> real(mapper: entry not found) oracle(mapper: entry not found)
op=2 Add(parent=0,src="é-x*%  \"B",isDir=false) -> real(1,nil) oracle(1,nil)
op=3 Add(parent=0,src="b.__<\\\\_<:",isDir=false) -> real(2,nil) oracle(2,nil)
op=4 Remove(parent=0,src="b.__<\\\\_<:") -> real(nil) oracle(nil)
op=5 Add(parent=0,src=".qqqqqqqqqqqqqqqqq",isDir=true) -> real(3,nil) oracle(3,nil)
op=6 Remove(parent=3,src="Y<ZX\\a") -> real(mapper: entry not found) oracle(mapper: entry not found)
op=7 Add(parent=3,src=".con",isDir=false) -> real(4,nil) oracle(4,nil)
op=8 Add(parent=0,src="好é?><écbc:zxz_z好b好c",isDir=true) -> real(5,nil) oracle(5,nil)
op=9 Add(parent=3,src="Y|b x\"",isDir=false) -> real(6,nil) oracle(6,nil)
op=10 Add(parent=3,src="XZé?*<\"b -Zc?:a*yyy<X",isDir=true) -> real(7,nil) oracle(7,nil)
op=11 Remove(parent=0,src="好é?><écbc:zxz_z好b好c") -> real(nil) oracle(nil)
op=12 Add(parent=0,src="\xff\xfe",isDir=true) -> real(0,mapper: invalid name) oracle(0,mapper: invalid name)
op=13 Rename(parent=3,"XZé?*<\"b -Zc?:a*yyy<X" -> "") -> real(mapper: invalid name) oracle(mapper: invalid name)
op=14 Add(parent=7,src="\xff\xfe",isDir=true) -> real(0,mapper: invalid name) oracle(0,mapper: invalid name)
op=15 Rename(parent=3,"Y|b x\"" -> "\\\\<CyzA_>") -> real(nil) oracle(nil)
op=16 Add(parent=0,src="\\_C?C\\ _ \\",isDir=true) -> real(8,nil) oracle(8,nil)
op=17 Rename(parent=7,"nul.txt" -> "*?A:B>.xz") -> real(mapper: entry not found) oracle(mapper: entry not found)
op=18 Remove(parent=7,src="accc\"YZ好:好-Z:-A\\CC_?好a<z") -> real(mapper: entry not found) oracle(mapper: entry not found)
op=19 Rename(parent=8,"CON.txt" -> "Xz_cCXZ:? azY_%Yx<?C") -> real(mapper: entry not found) oracle(mapper: entry not found)
op=20 Remove(parent=5,src=" z\\c*B<") -> real(mapper: entry not found) oracle(mapper: entry not found)
op=21 Remove(parent=8,src="好|||%*.b<b_BaXy\" c>y_B好") -> real(mapper: entry not found) oracle(mapper: entry not found)
op=22 Remove(parent=5,src="\xff\xfe") -> real(mapper: entry not found) oracle(mapper: entry not found)
op=23 Rename(parent=5,"_a-ybb\\Z<x >Bzy%|**éBY" -> "\xff\xfe") -> real(mapper: invalid name) oracle(mapper: invalid name)
op=24 Add(parent=0,src="* Y*\\ZXx\"Zac|*YxBb",isDir=false) -> real(9,nil) oracle(9,nil)
op=25 Add(parent=3,src=": -%yba>.\\<ZXYB>",isDir=false) -> real(10,nil) oracle(10,nil)
op=26 Remove(parent=3,src="c<%*yZ :?>aYB\\_") -> real(mapper: entry not found) oracle(mapper: entry not found)
op=27 Rename(parent=0,"X%< ?_%<AB*Z \"ZYZc:.:?" -> "*:<-?%\"b>:*.z*Y") -> real(mapper: entry not found) oracle(mapper: entry not found)
op=28 Add(parent=7,src="a/b",isDir=false) -> real(0,mapper: invalid name) oracle(0,mapper: invalid name)
op=29 Add(parent=8,src="|Za%>bxB*yC\\XB",isDir=false) -> real(11,nil) oracle(11,nil)
op=30 Rename(parent=0," %zx\\%%b:%xyz-.x*y?bA| " -> ".*b?%?BZ<cxc%A") -> real(mapper: entry not found) oracle(mapper: entry not found)
op=31 Add(parent=5,src=".qqqqqqqqqqqqqqqqqqqqqqqqqqqqqqqqq",isDir=false) -> real(0,mapper: parent does not exist or is not a directory) oracle(0,mapper: parent does not exist or is not a directory)
op=32 Remove(parent=3,src=": -%yba>.\\<ZXYB>") -> real(nil) oracle(nil)
op=33 Add(parent=7,src="Prn.9.txt",isDir=true) -> real(12,nil) oracle(12,nil)
op=34 Add(parent=8,src="Z>x",isDir=true) -> real(13,nil) oracle(13,nil)
op=35 Add(parent=0,src="aZ\">->b",isDir=false) -> real(14,nil) oracle(14,nil)
op=36 Add(parent=0,src="Y CCy%%?C-",isDir=true) -> real(15,nil) oracle(15,nil)
op=37 Rename(parent=15,"?x\\y-\\%ZAb X|Ax*A??aZZc" -> "%:C%b_AbA%Cc<_.A") -> real(mapper: entry not found) oracle(mapper: entry not found)
op=38 Add(parent=15,src="*YéA\"é好Bz <:\"<y%ab|>>é.",isDir=true) -> real(16,nil) oracle(16,nil)
op=39 Add(parent=5,src="*yx",isDir=false) -> real(0,mapper: parent does not exist or is not a directory) oracle(0,mapper: parent does not exist or is not a directory)
op=40 Remove(parent=0,src="* Y*\\ZXx\"Zac|*YxBb") -> real(nil) oracle(nil)
op=41 Remove(parent=7,src="a*\\>|%a") -> real(mapper: entry not found) oracle(mapper: entry not found)
op=42 Add(parent=0,src="X*:??: \"XA:X\\",isDir=false) -> real(17,nil) oracle(17,nil)
op=43 Add(parent=5,src="_|\\*",isDir=true) -> real(0,mapper: parent does not exist or is not a directory) oracle(0,mapper: parent does not exist or is not a directory)
op=44 Add(parent=8,src="Za",isDir=true) -> real(18,nil) oracle(18,nil)
op=45 Rename(parent=12," x--a\"c%" -> "%_>z*ABAZx|zZ<Cy::Z<*  ") -> real(mapper: entry not found) oracle(mapper: entry not found)
op=46 Rename(parent=0," ycbxyBY好:好Y好\\*\\*C" -> "* XBY<Aé") -> real(mapper: entry not found) oracle(mapper: entry not found)
op=47 Add(parent=13,src="\xff\xfe",isDir=true) -> real(0,mapper: invalid name) oracle(0,mapper: invalid name)
op=48 Add(parent=7,src=" 好<Y",isDir=false) -> real(19,nil) oracle(19,nil)
op=49 Rename(parent=0,"a>|_ZBcéA .xa" -> "*-\" <z-*%?bYC") -> real(mapper: entry not found) oracle(mapper: entry not found)
## config MaxBytes=40 MaxPath=75 MaxEntries=9
op=0 Rename(parent=0,"A?AC\\Z>b._|%-CbC" -> "") -> real(mapper: invalid name) oracle(mapper: invalid name)
op=1 Rename(parent=0,"z->X\"\"AaY.C..<é" -> "C_AB_<c-\\|Y_zYY*A\\\"bXY") -> real(mapper: entry not found) oracle(mapper: entry not found)
op=2 Add(parent=0,src="<:好>\\  Y>yXYY%",isDir=false) -> real(1,nil) oracle(1,nil)
op=3 Add(parent=0,src="Aux",isDir=true) -> real(2,nil) oracle(2,nil)
op=4 Add(parent=2,src=" caAc?czby XBbx|Zz<.:",isDir=false) -> real(3,nil) oracle(3,nil)
op=5 Add(parent=2,src="b",isDir=true) -> real(4,nil) oracle(4,nil)
op=6 Add(parent=2,src=" .|xbB ",isDir=true) -> real(5,nil) oracle(5,nil)
op=7 Add(parent=4,src="<X_%CzC%C<%b-% ",isDir=false) -> real(6,nil) oracle(6,nil)
op=8 Remove(parent=2,src="b") -> real(mapper: directory is not empty) oracle(mapper: directory is not empty)
op=9 Add(parent=4,src="\"xX<CZ:B : %\"\\\"*c<C:\\?\"z",isDir=true) -> real(7,nil) oracle(7,nil)
op=10 Add(parent=4,src="",isDir=false) -> real(0,mapper: invalid name) oracle(0,mapper: invalid name)
op=11 Add(parent=4,src="%-cbbz|<",isDir=false) -> real(8,nil) oracle(8,nil)
op=12 Add(parent=4,src="bzcZ*>.CY_b.-",isDir=false) -> real(9,nil) oracle(9,nil)
op=13 Remove(parent=2,src=" caAc?czby XBbx|Zz<.:") -> real(nil) oracle(nil)
op=14 Add(parent=4,src="-<\\*a_-zAY?by*%x 好\\\\\"bC",isDir=true) -> real(10,nil) oracle(10,nil)
op=15 Remove(parent=4,src="bzcZ*>.CY_b.-") -> real(nil) oracle(nil)
op=16 Remove(parent=0,src="<:好>\\  Y>yXYY%") -> real(nil) oracle(nil)
op=17 Rename(parent=0,"Aux" -> ".con") -> real(nil) oracle(nil)
op=18 Add(parent=0,src=".ya:|",isDir=false) -> real(11,nil) oracle(11,nil)
op=19 Rename(parent=2," .|xbB " -> "bbZA:-Z \\ZX-? z-é?AZ") -> real(nil) oracle(nil)
op=20 Remove(parent=2,src="b") -> real(mapper: directory is not empty) oracle(mapper: directory is not empty)
op=21 Add(parent=2,src="aZ:_a\"A%z.BBaBX.",isDir=false) -> real(12,nil) oracle(12,nil)
op=22 Add(parent=4,src="<",isDir=true) -> real(13,nil) oracle(13,nil)
op=23 Rename(parent=10,"? >" -> "y:.by\\xAx*z好x< Z>éXébx") -> real(mapper: entry not found) oracle(mapper: entry not found)
op=24 Rename(parent=4,"|<" -> "xZ\\C") -> real(mapper: entry not found) oracle(mapper: entry not found)
op=25 Add(parent=13,src="Xyzc*zx.?y好c-a_éz bxAX",isDir=true) -> real(14,nil) oracle(14,nil)
op=26 Add(parent=4,src="é>-\"Y*aé<Y Xz",isDir=false) -> real(15,nil) oracle(15,nil)
op=27 Rename(parent=14,"b|xXb>Z-_zc:_a" -> ".qqqqqqqqqqqqqqqqqqqqqqqqqqqqqqq") -> real(mapper: entry not found) oracle(mapper: entry not found)
op=28 Add(parent=13,src=".con.txt",isDir=false) -> real(16,nil) oracle(16,nil)
op=29 Remove(parent=10,src="BX:.\"\\%-?Z a?") -> real(mapper: entry not found) oracle(mapper: entry not found)
op=30 Add(parent=7,src="\xff\xfe",isDir=true) -> real(0,mapper: invalid name) oracle(0,mapper: invalid name)
op=31 Remove(parent=0,src=".ya:|") -> real(nil) oracle(nil)
op=32 Rename(parent=0,".con" -> "?_") -> real(nil) oracle(nil)
op=33 Rename(parent=14,"a/b" -> "c<Y _aaz*BY") -> real(mapper: entry not found) oracle(mapper: entry not found)
op=34 Remove(parent=10,src=".") -> real(mapper: entry not found) oracle(mapper: entry not found)
op=35 Add(parent=2,src="aA>\\z-c*Xxz \"Zx%?B?.\\\"<",isDir=false) -> real(17,nil) oracle(17,nil)
op=36 Add(parent=5,src="Prn.9.txt",isDir=true) -> real(18,nil) oracle(18,nil)
op=37 Add(parent=0,src=".qqqqqqqqqqqq",isDir=true) -> real(19,nil) oracle(19,nil)
op=38 Add(parent=5,src="Ba<b :**AzzY.ACZ?",isDir=false) -> real(20,nil) oracle(20,nil)
op=39 Rename(parent=10,"-|é*" -> " z\\z:Ycb\\:y") -> real(mapper: entry not found) oracle(mapper: entry not found)
op=40 Remove(parent=4,src="%-cbbz|<") -> real(nil) oracle(nil)
op=41 Rename(parent=13,".con.txt" -> "%<Y\"*b>zz\"x?z") -> real(nil) oracle(nil)
op=42 Add(parent=14,src="zcyX-ycBC",isDir=false) -> real(21,nil) oracle(21,nil)
op=43 Add(parent=2,src=">|cY*",isDir=true) -> real(22,nil) oracle(22,nil)
op=44 Remove(parent=2,src="\xff\xfe") -> real(mapper: entry not found) oracle(mapper: entry not found)
op=45 Rename(parent=2,".%-*a>By%_cb>\\A>>%|" -> "| \\*\\<") -> real(mapper: entry not found) oracle(mapper: entry not found)
op=46 Add(parent=14,src="|:._Z|é :Z",isDir=true) -> real(23,nil) oracle(23,nil)
op=47 Remove(parent=13,src="%<Y\"*b>zz\"x?z") -> real(nil) oracle(nil)
op=48 Add(parent=0,src="|C_CA_xaCééy_B好a",isDir=false) -> real(24,nil) oracle(24,nil)
op=49 Add(parent=19,src="XxAXCc%-x.||cX",isDir=true) -> real(25,nil) oracle(25,nil)
## config MaxBytes=50 MaxPath=67 MaxEntries=31
op=0 Add(parent=0,src="\xff\xfe",isDir=false) -> real(0,mapper: invalid name) oracle(0,mapper: invalid name)
op=1 Add(parent=0,src=".qqqqqqqqqqqq",isDir=true) -> real(1,nil) oracle(1,nil)
op=2 Rename(parent=1,"" -> "z*X|c\\A") -> real(mapper: entry not found) oracle(mapper: entry not found)
op=3 Rename(parent=1,">.aAzbc-:*bA *A<_X%\"" -> ".con.txt") -> real(mapper: entry not found) oracle(mapper: entry not found)
op=4 Add(parent=1,src=" b?",isDir=true) -> real(2,nil) oracle(2,nil)
op=5 Add(parent=1,src="<?\"c|>.a%ZY\"Y<c_<>a|",isDir=false) -> real(3,nil) oracle(3,nil)
op=6 Add(parent=1,src="AZ.A-\\%<cA>zXyC",isDir=true) -> real(4,nil) oracle(4,nil)
op=7 Add(parent=1,src="_é-é<XYC_ac.Xa|é_:>",isDir=false) -> real(5,nil) oracle(5,nil)
op=8 Rename(parent=2,"x<*BBA好* Z" -> "lpt3") -> real(mapper: entry not found) oracle(mapper: entry not found)
op=9 Rename(parent=4,".好b|xzB|x?c" -> "\xff\xfe") -> real(mapper: invalid name) oracle(mapper: invalid name)
op=10 Add(parent=1,src="CON.txt",isDir=true) -> real(6,nil) oracle(6,nil)
op=11 Remove(parent=6,src="\\ ay>") -> real(mapper: entry not found) oracle(mapper: entry not found)
op=12 Rename(parent=6,"<*y?\\Y%Zx<:-xzc|A:ycaXb_" -> "z") -> real(mapper: entry not found) oracle(mapper: entry not found)
op=13 Add(parent=2,src="|_%好\\zC A?zC.- ||a好z:é",isDir=false) -> real(7,nil) oracle(7,nil)
op=14 Rename(parent=2,"|_%好\\zC A?zC.- ||a好z:é" -> "<X\\Y..cA") -> real(nil) oracle(nil)
op=15 Remove(parent=2,src="<X\\Y..cA") -> real(nil) oracle(nil)
op=16 Rename(parent=0,".qqqqqqqqqqqq" -> "?.Ybx<zyzy??-Zb") -> real(nil) oracle(nil)
op=17 Add(parent=6,src="_|xZ>?zb|z>|:",isDir=false) -> real(8,nil) oracle(8,nil)
op=18 Remove(parent=2,src="b_XX>YB.") -> real(mapper: entry not found) oracle(mapper: entry not found)
op=19 Add(parent=2,src="a/b",isDir=false) -> real(0,mapper: invalid name) oracle(0,mapper: invalid name)
op=20 Rename(parent=4,":ybZC" -> "") -> real(mapper: invalid name) oracle(mapper: invalid name)
op=21 Remove(parent=1,src="_é-é<XYC_ac.Xa|é_:>") -> real(nil) oracle(nil)
op=22 Add(parent=4,src="nul.txt",isDir=true) -> real(9,nil) oracle(9,nil)
op=23 Rename(parent=1,"AZ.A-\\%<cA>zXyC" -> ".qqqqqqqqqqqqqqqqqqqqqqqqqqqqqqq") -> real(nil) oracle(nil)
op=24 Add(parent=2,src=">yB*:XZ?z A|好zY.\"<B",isDir=false) -> real(10,nil) oracle(10,nil)
op=25 Add(parent=9,src="CON.txt",isDir=true) -> real(0,mapper: mapped path exceeds MaxPath) oracle(0,mapper: mapped path exceeds MaxPath)
op=26 Rename(parent=9,"X好b_zazYa\\>Cz" -> "X>\">.ZZbB_\\x") -> real(mapper: entry not found) oracle(mapper: entry not found)
op=27 Add(parent=6,src="a%\"?>>-YA",isDir=false) -> real(11,nil) oracle(11,nil)
op=28 Add(parent=1,src="  YX>z.:a好Z_\"Bx\"<a|>C好a",isDir=false) -> real(12,nil) oracle(12,nil)
op=29 Add(parent=4,src="Ya\"é好X\\AXZ",isDir=true) -> real(0,mapper: mapped path exceeds MaxPath) oracle(0,mapper: mapped path exceeds MaxPath)
op=30 Add(parent=4,src="c%>",isDir=true) -> real(13,nil) oracle(13,nil)
op=31 Remove(parent=13,src="*<\">c-\\*c.") -> real(mapper: entry not found) oracle(mapper: entry not found)
op=32 Rename(parent=13,"|" -> ".con.txt") -> real(mapper: entry not found) oracle(mapper: entry not found)
op=33 Rename(parent=13,"_a>C<XB-zc_z*|*x" -> ".qqqqqqqqqqqqqqqqqqqqqqqqqqqq") -> real(mapper: entry not found) oracle(mapper: entry not found)
op=34 Remove(parent=2,src=">yB*:XZ?z A|好zY.\"<B") -> real(nil) oracle(nil)
op=35 Rename(parent=2,"**A>.C" -> "AX:|C好好x%%c") -> real(mapper: entry not found) oracle(mapper: entry not found)
op=36 Rename(parent=0,"?.Ybx<zyzy??-Zb" -> "|Z?A") -> real(nil) oracle(nil)
op=37 Rename(parent=9,"xx<:X< bcA?b.b|YxB.\"" -> "BA\"?c") -> real(mapper: entry not found) oracle(mapper: entry not found)
op=38 Add(parent=0,src=">zY好zY<.Y<",isDir=false) -> real(14,nil) oracle(14,nil)
op=39 Remove(parent=0,src="|Z?A") -> real(mapper: directory is not empty) oracle(mapper: directory is not empty)
op=40 Add(parent=0,src="<c",isDir=false) -> real(15,nil) oracle(15,nil)
op=41 Rename(parent=2,"%" -> "?<|cZ") -> real(mapper: entry not found) oracle(mapper: entry not found)
op=42 Rename(parent=1,"<?\"c|>.a%ZY\"Y<c_<>a|" -> "a/b") -> real(mapper: invalid name) oracle(mapper: invalid name)
op=43 Add(parent=1,src="a/b",isDir=false) -> real(0,mapper: invalid name) oracle(0,mapper: invalid name)
op=44 Add(parent=0,src="Aux.txt",isDir=false) -> real(16,nil) oracle(16,nil)
op=45 Rename(parent=2,"é%好y " -> "\".% B\\xx") -> real(mapper: entry not found) oracle(mapper: entry not found)
op=46 Add(parent=4,src="\\-?zc<Z:\\_bxZ.:C\\x<X",isDir=true) -> real(0,mapper: mapped path exceeds MaxPath) oracle(0,mapper: mapped path exceeds MaxPath)
op=47 Add(parent=13,src="< C*a. :b.X%_C y|.Z",isDir=true) -> real(0,mapper: mapped path exceeds MaxPath) oracle(0,mapper: mapped path exceeds MaxPath)
op=48 Rename(parent=4,"c%>" -> "Ba\\*\\\\%") -> real(nil) oracle(nil)
op=49 Add(parent=0,src=":_CCbZ\"X>ZXY< %azx:>\\",isDir=true) -> real(17,nil) oracle(17,nil)
## config MaxBytes=45 MaxPath=51 MaxEntries=16
op=0 Rename(parent=0,"yY%\\Ay.zcCc*é\\?zY\\>**" -> "Prn.9") -> real(mapper: entry not found) oracle(mapper: entry not found)
op=1 Remove(parent=0,src=".qqqqqqqqqqqqqqqqqqqqqqqqqqqqqq") -> real(mapper: entry not found) oracle(mapper: entry not found)
op=2 Add(parent=0,src="YzaZ.%\"\"BxB*>AYZ|",isDir=true) -> real(1,nil) oracle(1,nil)
op=3 Add(parent=1,src="CyB|\"-%Ccx\"\\%Z_\"%.axz\\",isDir=false) -> real(0,mapper: mapped path exceeds MaxPath) oracle(0,mapper: mapped path exceeds MaxPath)
op=4 Rename(parent=1,":Bé\\*:%\\ZxYY<c" -> ".qqqqqqqqqqqqqqqqqqqqqqqqqq") -> real(mapper: entry not found) oracle(mapper: entry not found)
op=5 Add(parent=0,src="y>\"BZ",isDir=true) -> real(2,nil) oracle(2,nil)
op=6 Add(parent=2,src=".con",isDir=false) -> real(3,nil) oracle(3,nil)
op=7 Remove(parent=0,src="YzaZ.%\"\"BxB*>AYZ|") -> real(nil) oracle(nil)
op=8 Add(parent=1,src="Z\" A\\\\ é_*",isDir=false) -> real(0,mapper: parent does not exist or is not a directory) oracle(0,mapper: parent does not exist or is not a directory)
op=9 Rename(parent=0,"AZYy>b<aAb." -> "|bBB%Z_zz%cB|CB:|.Z\\\".?Z") -> real(mapper: entry not found) oracle(mapper: entry not found)
op=10 Remove(parent=1,src=".con") -> real(mapper: entry not found) oracle(mapper: entry not found)
op=11 Remove(parent=0,src="好\"\"%.> |zBxYA:|X> _\\X好Y") -> real(mapper: entry not found) oracle(mapper: entry not found)
op=12 Add(parent=2,src="YxZ|%-b\\>?>X",isDir=false) -> real(4,nil) oracle(4,nil)
op=13 Add(parent=1,src="-<",isDir=true) -> real(0,mapper: parent does not exist or is not a directory) oracle(0,mapper: parent does not exist or is not a directory)
op=14 Add(parent=0,src=".qqqqqqqqqqqqqqqqqqqqqqq",isDir=true) -> real(5,nil) oracle(5,nil)
op=15 Remove(parent=1,src="aX__?X%%.<\\>BC<Xx.-a_.Y") -> real(mapper: entry not found) oracle(mapper: entry not found)
op=16 Rename(parent=2,"YxZ|%-b\\>?>X" -> "\xff\xfe") -> real(mapper: invalid name) oracle(mapper: invalid name)
op=17 Add(parent=0,src="\xff\xfe",isDir=false) -> real(0,mapper: invalid name) oracle(0,mapper: invalid name)
op=18 Rename(parent=5,"_C_?*>?y:ZCC\\*.-y%." -> "?:Y") -> real(mapper: entry not found) oracle(mapper: entry not found)
op=19 Rename(parent=2,"YxZ|%-b\\>?>X" -> "-bczy>\\c:A>C|") -> real(nil) oracle(nil)
op=20 Add(parent=2,src="z|>c?:Ba\\X\":AY>CZ",isDir=false) -> real(6,nil) oracle(6,nil)
op=21 Add(parent=0,src="Cax_Z|>Z?y\"\"c.ay",isDir=true) -> real(7,nil) oracle(7,nil)
op=22 Remove(parent=0,src=".qqqqqqqqqqqqqqqqqqqqqqq") -> real(nil) oracle(nil)
op=23 Add(parent=1,src=" Y好_:yX",isDir=false) -> real(0,mapper: parent does not exist or is not a directory) oracle(0,mapper: parent does not exist or is not a directory)
op=24 Remove(parent=0,src="y>\"BZ") -> real(mapper: directory is not empty) oracle(mapper: directory is not empty)
op=25 Add(parent=0,src="yxaXa%ZX?",isDir=true) -> real(8,nil) oracle(8,nil)
op=26 Add(parent=0,src="c_\\_",isDir=true) -> real(9,nil) oracle(9,nil)
op=27 Remove(parent=7,src="Prn.9.txt") -> real(mapper: entry not found) oracle(mapper: entry not found)
op=28 Rename(parent=9,"|-ya |:Z-c" -> "c\"| \"x") -> real(mapper: entry not found) oracle(mapper: entry not found)
op=29 Rename(parent=2,"-bczy>\\c:A>C|" -> "YzBZAaAC Cyz>x*Cc|?_y|") -> real(nil) oracle(nil)
op=30 Add(parent=1,src="céXcc\"_<*CC ZaBZBBZ?.|",isDir=false) -> real(0,mapper: parent does not exist or is not a directory) oracle(0,mapper: parent does not exist or is not a directory)
op=31 Rename(parent=5,"\"C xc:?z" -> " *A\"YZé") -> real(mapper: entry not found) oracle(mapper: entry not found)
op=32 Add(parent=1,src="a\x00b",isDir=false) -> real(0,mapper: invalid name) oracle(0,mapper: invalid name)
op=33 Add(parent=1,src="y",isDir=false) -> real(0,mapper: parent does not exist or is not a directory) oracle(0,mapper: parent does not exist or is not a directory)
op=34 Remove(parent=5,src="a") -> real(mapper: entry not found) oracle(mapper: entry not found)
op=35 Rename(parent=8,"nul" -> "*CyxZYA%bZ*ca*?:") -> real(mapper: entry not found) oracle(mapper: entry not found)
op=36 Add(parent=1,src="éAbAZ\\A*\\_Ya|好",isDir=false) -> real(0,mapper: parent does not exist or is not a directory) oracle(0,mapper: parent does not exist or is not a directory)
op=37 Add(parent=9,src="*|.:\"C..\\-\\C_C?||ayC ",isDir=false) -> real(10,nil) oracle(10,nil)
op=38 Add(parent=2,src="y%*",isDir=true) -> real(11,nil) oracle(11,nil)
op=39 Remove(parent=7,src="") -> real(mapper: entry not found) oracle(mapper: entry not found)
op=40 Remove(parent=2,src="y%*") -> real(nil) oracle(nil)
op=41 Add(parent=11,src="\xff\xfe",isDir=false) -> real(0,mapper: invalid name) oracle(0,mapper: invalid name)
op=42 Rename(parent=11,"" -> "x*X\"*:%\\byéA>\\-%") -> real(mapper: entry not found) oracle(mapper: entry not found)
op=43 Remove(parent=7,src="") -> real(mapper: entry not found) oracle(mapper: entry not found)
op=44 Rename(parent=1,"-B\\cc ycaYA:|AC<_" -> ".b% Bc%*%\"?B") -> real(mapper: entry not found) oracle(mapper: entry not found)
op=45 Add(parent=8,src="X?_X*Y",isDir=false) -> real(12,nil) oracle(12,nil)
op=46 Rename(parent=2,"YzBZAaAC Cyz>x*Cc|?_y|" -> "x?bB") -> real(nil) oracle(nil)
op=47 Add(parent=9,src=" %Y<x\"__<Y<BCC< b<|?bz",isDir=false) -> real(13,nil) oracle(13,nil)
op=48 Add(parent=2,src="ZYY_A: é.Y好B",isDir=false) -> real(14,nil) oracle(14,nil)
op=49 Remove(parent=11,src="bCz\"\\A ZAXBA<_") -> real(mapper: entry not found) oracle(mapper: entry not found)
## config MaxBytes=26 MaxPath=103 MaxEntries=19
op=0 Add(parent=0,src="xBX-:xb%\"",isDir=false) -> real(1,nil) oracle(1,nil)
op=1 Remove(parent=0,src="xBX-:xb%\"") -> real(nil) oracle(nil)
op=2 Add(parent=0,src="好.Yé<-\"*_\"XC_? |A:y_Cz_",isDir=false) -> real(2,nil) oracle(2,nil)
op=3 Remove(parent=0,src="\xff\xfe") -> real(mapper: entry not found) oracle(mapper: entry not found)
op=4 Rename(parent=0,"好.Yé<-\"*_\"XC_? |A:y_Cz_" -> "<zz%a|?YC%:XZaaAcZ|>-\"b") -> real(nil) oracle(nil)
op=5 Add(parent=0,src="%C|*Z%AaaBb-cB%Z",isDir=false) -> real(3,nil) oracle(3,nil)
op=6 Add(parent=0,src="lpt3.txt",isDir=true) -> real(4,nil) oracle(4,nil)
op=7 Add(parent=0,src="y.BZé*",isDir=true) -> real(5,nil) oracle(5,nil)
op=8 Rename(parent=5,"*x<" -> "") -> real(mapper: invalid name) oracle(mapper: invalid name)
op=9 Rename(parent=0,"%C|*Z%AaaBb-cB%Z" -> "zz>bCB?ébAA-y>:") -> real(nil) oracle(nil)
op=10 Rename(parent=0,"y.BZé*" -> "") -> real(mapper: invalid name) oracle(mapper: invalid name)
op=11 Add(parent=0,src="Yb%BA: \"X\"bYx<-\">zZ.",isDir=true) -> real(6,nil) oracle(6,nil)
op=12 Rename(parent=0,"zz>bCB?ébAA-y>:" -> "<好 >\\:-*cé*\\YXccxAé:X-x") -> real(nil) oracle(nil)
op=13 Add(parent=4,src="BBc%C Zzb%\\-Cc bXcX",isDir=false) -> real(7,nil) oracle(7,nil)
op=14 Remove(parent=4,src="BBc%C Zzb%\\-Cc bXcX") -> real(nil) oracle(nil)
op=15 Add(parent=5,src="a%<é",isDir=false) -> real(8,nil) oracle(8,nil)
op=16 Add(parent=6,src="Prn.9",isDir=true) -> real(9,nil) oracle(9,nil)
op=17 Add(parent=5,src=".qqqqqqqqqqqqqqqq",isDir=true) -> real(10,nil) oracle(10,nil)
op=18 Remove(parent=9,src="B*:>-xx\\>cc-A-*") -> real(mapper: entry not found) oracle(mapper: entry not found)
op=19 Add(parent=10,src=":%..*\\",isDir=false) -> real(11,nil) oracle(11,nil)
op=20 Add(parent=6,src="\xff\xfe",isDir=false) -> real(0,mapper: invalid name) oracle(0,mapper: invalid name)
op=21 Add(parent=9,src="..?:c_C-zAz:?yZA\\C",isDir=true) -> real(12,nil) oracle(12,nil)
op=22 Add(parent=5,src=".qqqqqqqqqqqqqqqqqqqqqqqqq",isDir=false) -> real(13,nil) oracle(13,nil)
op=23 Rename(parent=12,">" -> "éé>Y*|\"é-éz") -> real(mapper: entry not found) oracle(mapper: entry not found)
op=24 Add(parent=6,src=".qqqqqqqqqqqqqqqqqqq",isDir=true) -> real(14,nil) oracle(14,nil)
op=25 Add(parent=14,src="%aY*",isDir=true) -> real(15,nil) oracle(15,nil)
op=26 Rename(parent=15,"XX Z" -> ".qqqqqqqqqqqqqqqqqqqqq") -> real(mapper: entry not found) oracle(mapper: entry not found)
op=27 Rename(parent=0,"y.BZé*" -> "Y%b_A-zxAX C") -> real(nil) oracle(nil)
op=28 Add(parent=9,src="好B 好éZy\"a",isDir=true) -> real(16,nil) oracle(16,nil)
op=29 Rename(parent=5,".qqqqqqqqqqqqqqqq" -> "a/b") -> real(mapper: invalid name) oracle(mapper: invalid name)
op=30 Remove(parent=14,src="%aY*") -> real(nil) oracle(nil)
op=31 Rename(parent=0,"lpt3.txt" -> "\xff\xfe") -> real(mapper: invalid name) oracle(mapper: invalid name)
op=32 Remove(parent=14,src="Prn.9.txt") -> real(mapper: entry not found) oracle(mapper: entry not found)
op=33 Add(parent=14,src="A:y",isDir=false) -> real(17,nil) oracle(17,nil)
op=34 Rename(parent=9,"..?:c_C-zAz:?yZA\\C" -> "Z|xc <bZ<z\\_ _*<zcAZz_%") -> real(nil) oracle(nil)
op=35 Add(parent=9,src="zYy  ",isDir=false) -> real(18,nil) oracle(18,nil)
op=36 Add(parent=14,src=".qqqqqqqqqqqqqqqqqqqqqqqqqqqqqqqqqq",isDir=true) -> real(19,nil) oracle(19,nil)
op=37 Add(parent=4,src="Ba__a",isDir=true) -> real(20,nil) oracle(20,nil)
op=38 Add(parent=19,src=".A:|\\ _Cb:<\"x:",isDir=true) -> real(21,nil) oracle(21,nil)
op=39 Rename(parent=15,"AZ%zyc*%b:" -> "<zY|a%..b>a") -> real(mapper: entry not found) oracle(mapper: entry not found)
op=40 Add(parent=20,src="Zz?*\\.*ZaAZY\\*",isDir=true) -> real(22,nil) oracle(22,nil)
op=41 Add(parent=19,src="nul.txt",isDir=false) -> real(23,nil) oracle(23,nil)
op=42 Rename(parent=20,"Zz?*\\.*ZaAZY\\*" -> "好:yéxZ<好X A%") -> real(nil) oracle(nil)
op=43 Add(parent=15,src="_\\x<\"*%B",isDir=true) -> real(0,mapper: parent does not exist or is not a directory) oracle(0,mapper: parent does not exist or is not a directory)
op=44 Add(parent=5,src="zZz|cAa?",isDir=false) -> real(24,nil) oracle(24,nil)
op=45 Add(parent=14,src=">Y__ B >AY\"éZ%>Zé%>>_ _<",isDir=false) -> real(25,nil) oracle(25,nil)
op=46 Add(parent=21,src="*Cz*a\"ZX\\",isDir=true) -> real(0,mapper: mapped path exceeds MaxPath) oracle(0,mapper: mapped path exceeds MaxPath)
op=47 Remove(parent=10,src=":%..*\\") -> real(nil) oracle(nil)
op=48 Add(parent=16,src=" :",isDir=false) -> real(26,nil) oracle(26,nil)
op=49 Add(parent=9,src=" ",isDir=false) -> real(27,nil) oracle(27,nil)
## config MaxBytes=33 MaxPath=41 MaxEntries=17
op=0 Rename(parent=0,".qqqqqqqqqqqqqqqqqqqqq" -> "a/b") -> real(mapper: invalid name) oracle(mapper: invalid name)
op=1 Add(parent=0,src="*Baa?\\<Ay",isDir=false) -> real(1,nil) oracle(1,nil)
op=2 Rename(parent=0,"*Baa?\\<Ay" -> "\"\"-a-*|czZ*-%") -> real(nil) oracle(nil)
op=3 Add(parent=0,src=".qqqqqqqqqqqqqqqqqqqqqqqqqqqqq",isDir=true) -> real(2,nil) oracle(2,nil)
op=4 Rename(parent=2,"Zc% Za\"z|baa%c" -> "\xff\xfe") -> real(mapper: invalid name) oracle(mapper: invalid name)
op=5 Add(parent=2,src="bzb?_-czz? %好X_>\\\"\\<YC**",isDir=false) -> real(0,mapper: mapped path exceeds MaxPath) oracle(0,mapper: mapped path exceeds MaxPath)
op=6 Add(parent=0,src="ZcY? y_%好?|-",isDir=false) -> real(3,nil) oracle(3,nil)
op=7 Rename(parent=2,"%ZAx>" -> "a/b") -> real(mapper: invalid name) oracle(mapper: invalid name)
op=8 Add(parent=2,src=".qqqqqqqqqqqqqqqqqqqqqqqqq",isDir=false) -> real(0,mapper: mapped path exceeds MaxPath) oracle(0,mapper: mapped path exceeds MaxPath)
op=9 Rename(parent=0,"CON" -> "%Y.cBZz*A\\?baYZ**:%xBX") -> real(mapper: entry not found) oracle(mapper: entry not found)
op=10 Rename(parent=2,".qqqqqqqqqqqqqqqqqqqqqqqqqqqqqqqqqq" -> "cza|<") -> real(mapper: entry not found) oracle(mapper: entry not found)
op=11 Add(parent=2,src="lpt3",isDir=true) -> real(4,nil) oracle(4,nil)
op=12 Rename(parent=0,"ZcY? y_%好?|-" -> "ZA:") -> real(nil) oracle(nil)
op=13 Remove(parent=0,src=".qqqqqqqqqqqqqqqqqqqqqqqqqqqqq") -> real(mapper: directory is not empty) oracle(mapper: directory is not empty)
op=14 Remove(parent=4,src=" 好-") -> real(mapper: entry not found) oracle(mapper: entry not found)
op=15 Rename(parent=0,".qqqqqqqqqqqqqqqqqqqqqqqqqqqqq" -> "nul") -> real(nil) oracle(nil)
op=16 Rename(parent=2,"Prn.9" -> "c-ABYCy*>x\"X*z") -> real(mapper: entry not found) oracle(mapper: entry not found)
op=17 Rename(parent=2,"lpt3" -> "|x\">z:Xzx%:>\"  A:YA%") -> real(nil) oracle(nil)
op=18 Add(parent=0,src="Y-|C\"\"Ab\"A:Azx_B \\\\",isDir=true) -> real(5,nil) oracle(5,nil)
op=19 Remove(parent=5,src="b%YB|a\\AC") -> real(mapper: entry not found) oracle(mapper: entry not found)
op=20 Rename(parent=2,"Zz\\xx?c_|xBéz-yA>|zé" -> "Y.|X*?Z*\"*z_|a_\"-<aAb") -> real(mapper: entry not found) oracle(mapper: entry not found)
op=21 Add(parent=0,src="",isDir=false) -> real(0,mapper: invalid name) oracle(0,mapper: invalid name)
op=22 Add(parent=0,src="|ac-Ybc",isDir=false) -> real(6,nil) oracle(6,nil)
op=23 Add(parent=5,src="<Z\".b_X|z?BY>BZ<:>cB\"-AC",isDir=true) -> real(0,mapper: mapped path exceeds MaxPath) oracle(0,mapper: mapped path exceeds MaxPath)
op=24 Remove(parent=5,src=" %*A?<y>%? :Yz.X_C*_z.|") -> real(mapper: entry not found) oracle(mapper: entry not found)
op=25 Add(parent=0,src="Yc-:",isDir=false) -> real(7,nil) oracle(7,nil)
op=26 Rename(parent=5,"AYXy>-aC<?|\".Z" -> "a/b") -> real(mapper: invalid name) oracle(mapper: invalid name)
op=27 Remove(parent=5,src="CON.txt") -> real(mapper: entry not found) oracle(mapper: entry not found)
op=28 Add(parent=0,src="x?aAY\\_<\\C?CzyZ<BéC好-x",isDir=true) -> real(8,nil) oracle(8,nil)
op=29 Rename(parent=2,"|x\">z:Xzx%:>\"  A:YA%" -> "a/b") -> real(mapper: invalid name) oracle(mapper: invalid name)
op=30 Remove(parent=8,src=".qqqqqqqqqqqqq") -> real(mapper: entry not found) oracle(mapper: entry not found)
op=31 Rename(parent=2,"|x\">z:Xzx%:>\"  A:YA%" -> "") -> real(mapper: invalid name) oracle(mapper: invalid name)
op=32 Remove(parent=4,src="\\?X") -> real(mapper: entry not found) oracle(mapper: entry not found)
op=33 Remove(parent=8,src="a/b") -> real(mapper: entry not found) oracle(mapper: entry not found)
op=34 Add(parent=0,src="Y_C<bcb?好y好",isDir=false) -> real(9,nil) oracle(9,nil)
op=35 Remove(parent=2,src="|x\">z:Xzx%:>\"  A:YA%") -> real(nil) oracle(nil)
op=36 Remove(parent=2,src="CON.txt") -> real(mapper: entry not found) oracle(mapper: entry not found)
op=37 Rename(parent=2,"*\"%A|C好a\\ZaX" -> "*BX.\"YC-\"B>") -> real(mapper: entry not found) oracle(mapper: entry not found)
op=38 Remove(parent=0,src="Y_C<bcb?好y好") -> real(nil) oracle(nil)
op=39 Add(parent=0,src="z.*\\xcz-A\"\\AXY",isDir=false) -> real(10,nil) oracle(10,nil)
op=40 Add(parent=2,src="|:?\"",isDir=false) -> real(11,nil) oracle(11,nil)
op=41 Add(parent=2,src="-<By%Y >_>X%",isDir=true) -> real(12,nil) oracle(12,nil)
op=42 Rename(parent=0,"nul" -> "By_Z|%\\x|>-:x") -> real(mapper: mapped path exceeds MaxPath) oracle(mapper: mapped path exceeds MaxPath)
op=43 Remove(parent=4,src="..?C:y b%-*YXAz?. ") -> real(mapper: entry not found) oracle(mapper: entry not found)
op=44 Add(parent=2,src="b<x|:X-\"%é.b> *xcéZC.>:\\",isDir=false) -> real(13,nil) oracle(13,nil)
op=45 Rename(parent=0,"x?aAY\\_<\\C?CzyZ<BéC好-x" -> "nul.txt") -> real(nil) oracle(nil)
op=46 Rename(parent=4,"**XA_Yy_ xXza" -> "C>>B% -\\?b:\"CA*?") -> real(mapper: entry not found) oracle(mapper: entry not found)
op=47 Rename(parent=2,"-<By%Y >_>X%" -> "CCY_a:*.Ba?cY_ B:>Y\\*C ") -> real(nil) oracle(nil)
op=48 Remove(parent=2,src="CCY_a:*.Ba?cY_ B:>Y\\*C ") -> real(nil) oracle(nil)
op=49 Rename(parent=8,"\xff\xfe" -> "Y好|By-\\*z*é>. 好Cé\\\\") -> real(mapper: entry not found) oracle(mapper: entry not found)
## config MaxBytes=38 MaxPath=53 MaxEntries=2
op=0 Add(parent=0,src="ZC>\"_\"_<X\" zA\"\"A|",isDir=false) -> real(1,nil) oracle(1,nil)
op=1 Add(parent=0,src="?é%b? .\"xzBBéc%Z-x",isDir=false) -> real(2,nil) oracle(2,nil)
op=2 Remove(parent=0,src="ZC>\"_\"_<X\" zA\"\"A|") -> real(nil) oracle(nil)
op=3 Rename(parent=0,"?é%b? .\"xzBBéc%Z-x" -> "\xff\xfe") -> real(mapper: invalid name) oracle(mapper: invalid name)
op=4 Remove(parent=0,src="Cx.:xa*<? ZC<zB|_-") -> real(mapper: entry not found) oracle(mapper: entry not found)
op=5 Add(parent=0,src=".qqqqqqqqqqqqqqqqqqq",isDir=true) -> real(3,nil) oracle(3,nil)
op=6 Rename(parent=0,"?é%b? .\"xzBBéc%Z-x" -> "<zaBy.b:_") -> real(nil) oracle(nil)
op=7 Add(parent=3,src="a cY|B|??%|-A<cYz\" a._",isDir=true) -> real(0,mapper: mapped path exceeds MaxPath) oracle(0,mapper: mapped path exceeds MaxPath)
op=8 Rename(parent=0,".qqqqqqqqqqqqqqqqqqq" -> "ccAA\\>") -> real(nil) oracle(nil)
op=9 Add(parent=3,src="c*|%",isDir=true) -> real(4,nil) oracle(4,nil)
op=10 Add(parent=3,src="|:a",isDir=true) -> real(5,nil) oracle(5,nil)
op=11 Rename(parent=4,"ax-|yxCCbY%\"B**>*\"Z|" -> "a|>%?Z|cy") -> real(mapper: entry not found) oracle(mapper: entry not found)
op=12 Add(parent=5,src="<zXyAyX-ax>*xcZ<a?Z<B C",isDir=true) -> real(0,mapper: mapped path exceeds MaxPath) oracle(0,mapper: mapped path exceeds MaxPath)
op=13 Remove(parent=3,src="|:a") -> real(nil) oracle(nil)
op=14 Remove(parent=4,src="<Z>*b-XC>>A%cz.|<c*_-cx") -> real(mapper: entry not found) oracle(mapper: entry not found)
op=15 Rename(parent=0,"ccAA\\>" -> ".|bBA\"Z>_ ") -> real(nil) oracle(nil)
op=16 Add(parent=5,src="\xff\xfe",isDir=true) -> real(0,mapper: invalid name) oracle(0,mapper: invalid name)
op=17 Rename(parent=4,".qqqqqqqqqqqqqqqqq" -> "\"好X>ZZZ_cc<>") -> real(mapper: entry not found) oracle(mapper: entry not found)
op=18 Add(parent=0,src=".|Bc .*-A<",isDir=true) -> real(0,mapper: directory is full) oracle(0,mapper: directory is full)
op=19 Remove(parent=0,src="<zaBy.b:_") -> real(nil) oracle(nil)
op=20 Rename(parent=4,"|>_\" <._*:y>BaZZ" -> "ccX:.\".z\"Czz?*BzCc-x?>") -> real(mapper: entry not found) oracle(mapper: entry not found)
op=21 Remove(parent=4,src=".Yx_<yyé|\\A*-X") -> real(mapper: entry not found) oracle(mapper: entry not found)
op=22 Rename(parent=5,"\xff\xfe" -> "AAxx\\BB%*x*Ba>Z") -> real(mapper: entry not found) oracle(mapper: entry not found)
op=23 Remove(parent=4,src="cx|é-*%Bb\\") -> real(mapper: entry not found) oracle(mapper: entry not found)
op=24 Add(parent=5,src="bAX<Z.*CéX><>*\\*",isDir=true) -> real(0,mapper: parent does not exist or is not a directory) oracle(0,mapper: parent does not exist or is not a directory)
op=25 Remove(parent=5,src="a\x00b") -> real(mapper: entry not found) oracle(mapper: entry not found)
op=26 Add(parent=4,src="\xff\xfe",isDir=false) -> real(0,mapper: invalid name) oracle(0,mapper: invalid name)
op=27 Rename(parent=3,"c*|%" -> ".qqqqqqqqqqqqqqqqqqqqqqqqqqqqqqqqq") -> real(nil) oracle(nil)
op=28 Add(parent=4,src="好?x|éX",isDir=true) -> real(0,mapper: mapped path exceeds MaxPath) oracle(0,mapper: mapped path exceeds MaxPath)
op=29 Remove(parent=4,src=":<bxY:z::bc") -> real(mapper: entry not found) oracle(mapper: entry not found)
op=30 Add(parent=3,src=">zZ",isDir=false) -> real(6,nil) oracle(6,nil)
op=31 Rename(parent=5,"a/b" -> "Aux") -> real(mapper: entry not found) oracle(mapper: entry not found)
op=32 Add(parent=3,src=".ZB\"\\.-x\\\\B>\"Cy::YzzcX",isDir=false) -> real(0,mapper: directory is full) oracle(0,mapper: directory is full)
op=33 Add(parent=5,src="A:好->\"c\"C-:-:>Ax_B<xB",isDir=false) -> real(0,mapper: parent does not exist or is not a directory) oracle(0,mapper: parent does not exist or is not a directory)
op=34 Remove(parent=5,src="A%cczy%Z <<*_?Czx") -> real(mapper: entry not found) oracle(mapper: entry not found)
op=35 Add(parent=0,src="_ |x_bA< |B%Xzcba\\",isDir=true) -> real(7,nil) oracle(7,nil)
op=36 Rename(parent=3,".qqqqqqqqqqqqqqqqqqqqqqqqqqqqqqqqq" -> ">b-aC?>A|") -> real(nil) oracle(nil)
op=37 Add(parent=5,src="CcC. >_zB<C\"\"<.:>|?A",isDir=false) -> real(0,mapper: parent does not exist or is not a directory) oracle(0,mapper: parent does not exist or is not a directory)
op=38 Remove(parent=5,src=".y%\"<z<>:xZ\\Czc%a ?yYx") -> real(mapper: entry not found) oracle(mapper: entry not found)
op=39 Add(parent=4,src=".Acb>_*aA *",isDir=false) -> real(0,mapper: mapped path exceeds MaxPath) oracle(0,mapper: mapped path exceeds MaxPath)
op=40 Add(parent=4,src="<B-a\\a",isDir=false) -> real(8,nil) oracle(8,nil)
op=41 Rename(parent=0,"_ |x_bA< |B%Xzcba\\" -> "Y%") -> real(nil) oracle(nil)
op=42 Rename(parent=5,"X c\"<Z>yCA**z\"Y" -> "Z yXY%?y %x>Aa<Z \\z.bx>y") -> real(mapper: entry not found) oracle(mapper: entry not found)
op=43 Rename(parent=7,"x" -> "a\x00b") -> real(mapper: invalid name) oracle(mapper: invalid name)
op=44 Rename(parent=7,"-_C" -> "Aux") -> real(mapper: entry not found) oracle(mapper: entry not found)
op=45 Add(parent=7,src="a/b",isDir=true) -> real(0,mapper: invalid name) oracle(0,mapper: invalid name)
op=46 Rename(parent=7,"_>X>\\B_?ZAyY|" -> ".qqqqqqqqqqqqqqqqq") -> real(mapper: entry not found) oracle(mapper: entry not found)
op=47 Remove(parent=7,src="Prn.9.txt") -> real(mapper: entry not found) oracle(mapper: entry not found)
op=48 Remove(parent=7,src=".? cb>:Z?|A%*") -> real(mapper: entry not found) oracle(mapper: entry not found)
op=49 Add(parent=5,src="ccBbZ",isDir=false) -> real(0,mapper: parent does not exist or is not a directory) oracle(0,mapper: parent does not exist or is not a directory)
## config MaxBytes=26 MaxPath=82 MaxEntries=23
op=0 Add(parent=0,src=".con",isDir=false) -> real(1,nil) oracle(1,nil)
op=1 Add(parent=0,src="ccA  b_X|A?Yy>. y*YbAY",isDir=false) -> real(2,nil) oracle(2,nil)
op=2 Rename(parent=0,"ccA  b_X|A?Yy>. y*YbAY" -> "_Y.?Zb y.B") -> real(nil) oracle(nil)
op=3 Add(parent=0,src="?C*\"Z",isDir=false) -> real(3,nil) oracle(3,nil)
op=4 Add(parent=0,src="Y-xZ%B:?.>\\Z?bCB <cb\"",isDir=true) -> real(4,nil) oracle(4,nil)
op=5 Add(parent=0,src="\"yY>-b_",isDir=true) -> real(5,nil) oracle(5,nil)
op=6 Add(parent=4,src="Bz|>-><",isDir=false) -> real(6,nil) oracle(6,nil)
op=7 Add(parent=0,src="",isDir=true) -> real(0,mapper: invalid name) oracle(0,mapper: invalid name)
op=8 Add(parent=0,src=".qqqqqqqqqqqqqqq",isDir=false) -> real(7,nil) oracle(7,nil)
op=9 Rename(parent=4,"C?c<c.\"%Ca?\"Z._" -> ":?ZY|\"b") -> real(mapper: entry not found) oracle(mapper: entry not found)
op=10 Add(parent=4,src="Y",isDir=true) -> real(8,nil) oracle(8,nil)
op=11 Rename(parent=5,"A\\y|aca\"?b?.B>*z" -> "*\"c._\"B>XcY|%_<.Ax.") -> real(mapper: entry not found) oracle(mapper: entry not found)
op=12 Add(parent=0,src="|CXb*A_Y.:|A-.",isDir=true) -> real(9,nil) oracle(9,nil)
op=13 Rename(parent=4,"Y" -> "A\\C*%\"b|-b xz") -> real(nil) oracle(nil)
op=14 Add(parent=0,src=">好bc\"cb?z:.|Z?YA好b_Azz?",isDir=false) -> real(10,nil) oracle(10,nil)
op=15 Rename(parent=0,"*:- b.\"xCz?A" -> "C:_y-_*Xy<_CZz.") -> real(mapper: entry not found) oracle(mapper: entry not found)
op=16 Add(parent=8,src="-c?Cc.%<好\\_bY%\\b%z:YZ<",isDir=false) -> real(11,nil) oracle(11,nil)
op=17 Add(parent=5,src="cé%a A\"-*:A",isDir=true) -> real(12,nil) oracle(12,nil)
op=18 Add(parent=5,src="lpt3.txt",isDir=false) -> real(13,nil) oracle(13,nil)
op=19 Add(parent=0,src="_bY%",isDir=false) -> real(14,nil) oracle(14,nil)
op=20 Rename(parent=8,"-c?Cc.%<好\\_bY%\\b%z:YZ<" -> " :x|c**%") -> real(nil) oracle(nil)
op=21 Add(parent=12,src="b|?YCa\\<% x ",isDir=true) -> real(15,nil) oracle(15,nil)
op=22 Remove(parent=0,src="x.ZééY好Zéx??c") -> real(mapper: entry not found) oracle(mapper: entry not found)
op=23 Remove(parent=4,src="A\\C*%\"b|-b xz") -> real(mapper: directory is not empty) oracle(mapper: directory is not empty)
op=24 Rename(parent=8," :x|c**%" -> "|:B<-Ac|b\\>x") -> real(nil) oracle(nil)
op=25 Remove(parent=15,src="\xff\xfe") -> real(mapper: entry not found) oracle(mapper: entry not found)
op=26 Add(parent=12,src="*x.?",isDir=false) -> real(16,nil) oracle(16,nil)
op=27 Rename(parent=8,"|:B<-Ac|b\\>x" -> "aXxb") -> real(nil) oracle(nil)
op=28 Rename(parent=5,"-%c|yZZazb?|Z:<%\\<>c\"" -> "% %\"Ay-XX|B|") -> real(mapper: entry not found) oracle(mapper: entry not found)
op=29 Remove(parent=4,src="A\\C*%\"b|-b xz") -> real(mapper: directory is not empty) oracle(mapper: directory is not empty)
op=30 Add(parent=0,src="%: _ycy.xXZ|",isDir=false) -> real(17,nil) oracle(17,nil)
op=31 Rename(parent=9,"\"%C-X cZ" -> "cyy>ZA?*A.Y") -> real(mapper: entry not found) oracle(mapper: entry not found)
op=32 Rename(parent=9,"AB\\c_A?|Yxx_\"<<A-|Z" -> "\"*>?") -> real(mapper: entry not found) oracle(mapper: entry not found)
op=33 Remove(parent=12,src="*x.?") -> real(nil) oracle(nil)
op=34 Rename(parent=15,"B.-Aa>>x Y\\\"XZB" -> "x\\.") -> real(mapper: entry not found) oracle(mapper: entry not found)
op=35 Add(parent=9,src="c_\\z>|c_y->X%Y",isDir=true) -> real(18,nil) oracle(18,nil)
op=36 Rename(parent=9,"c_\\z>|c_y->X%Y" -> "a\x00b") -> real(mapper: invalid name) oracle(mapper: invalid name)
op=37 Remove(parent=18,src="nul") -> real(mapper: entry not found) oracle(mapper: entry not found)
op=38 Add(parent=5,src=">>",isDir=true) -> real(19,nil) oracle(19,nil)
op=39 Remove(parent=8,src="aXxb") -> real(nil) oracle(nil)
op=40 Remove(parent=8,src="zCY:%>好>B\"b:é<C>Za?b") -> real(mapper: entry not found) oracle(mapper: entry not found)
op=41 Remove(parent=9,src="c_\\z>|c_y->X%Y") -> real(nil) oracle(nil)
op=42 Rename(parent=15,"bz.xYxA\\< bAB\\Y" -> "B::y-C_X aC\\?Y") -> real(mapper: entry not found) oracle(mapper: entry not found)
op=43 Add(parent=8,src="c-",isDir=true) -> real(20,nil) oracle(20,nil)
op=44 Remove(parent=15,src="Yb\":_*X<>.B *") -> real(mapper: entry not found) oracle(mapper: entry not found)
op=45 Add(parent=15,src=".qqqqqqqqqqqqqqqqqqqqqqqqqqqqqqqq",isDir=true) -> real(0,mapper: mapped path exceeds MaxPath) oracle(0,mapper: mapped path exceeds MaxPath)
op=46 Rename(parent=0,"\xff\xfe" -> ": bB-X?好?%y*:Ax|CC>%") -> real(mapper: entry not found) oracle(mapper: entry not found)
op=47 Add(parent=12,src=".con",isDir=true) -> real(21,nil) oracle(21,nil)
op=48 Add(parent=0,src=".qqqqqq",isDir=true) -> real(22,nil) oracle(22,nil)
op=49 Remove(parent=21,src=".qqqqqqqqqqq") -> real(mapper: entry not found) oracle(mapper: entry not found)
## config MaxBytes=53 MaxPath=118 MaxEntries=1
op=0 Rename(parent=0,"?CaYa:.a:zBZbbab\"" -> "-zb>> <Bb%y?*") -> real(mapper: entry not found) oracle(mapper: entry not found)
op=1 Add(parent=0,src="CON.txt",isDir=false) -> real(1,nil) oracle(1,nil)
op=2 Remove(parent=0,src="<-Z>好.:y*") -> real(mapper: entry not found) oracle(mapper: entry not found)
op=3 Rename(parent=0,"CON.txt" -> "%") -> real(nil) oracle(nil)
op=4 Rename(parent=0,"Xc.Ay:cxy_X>cZZ?" -> "C?\\>*xYZY-z") -> real(mapper: entry not found) oracle(mapper: entry not found)
op=5 Rename(parent=0,"%" -> "\xff\xfe") -> real(mapper: invalid name) oracle(mapper: invalid name)
op=6 Remove(parent=0,src="\xff\xfe") -> real(mapper: entry not found) oracle(mapper: entry not found)
op=7 Rename(parent=0,"Prn.9.txt" -> ">YC_zb..XBBz:b") -> real(mapper: entry not found) oracle(mapper: entry not found)
op=8 Add(parent=0,src=".qqqqqqqqqqqqqqqqqqqqqqqqqqqqqqqq",isDir=true) -> real(0,mapper: directory is full) oracle(0,mapper: directory is full)
op=9 Remove(parent=0,src="%") -> real(nil) oracle(nil)
op=10 Add(parent=0,src="a/b",isDir=true) -> real(0,mapper: invalid name) oracle(0,mapper: invalid name)
op=11 Rename(parent=0,"yy%-%éC.:é" -> "lpt3") -> real(mapper: entry not found) oracle(mapper: entry not found)
op=12 Rename(parent=0,"<y-zZ|yc?_b\".?yZC.<?*:>" -> ".qqqqqqqqqqqqqqqqqqqqqqqqqqqqqqqqq") -> real(mapper: entry not found) oracle(mapper: entry not found)
op=13 Rename(parent=0,"-b>ZY>\\Yx:éa:y\\" -> "  好?|?b:|") -> real(mapper: entry not found) oracle(mapper: entry not found)
op=14 Rename(parent=0,"?c xcb%?\\\"<>X" -> "%AC\"X\\") -> real(mapper: entry not found) oracle(mapper: entry not found)
op=15 Add(parent=0,src="",isDir=false) -> real(0,mapper: invalid name) oracle(0,mapper: invalid name)
op=16 Add(parent=0,src="\\ax:-B-\\:Y:c a",isDir=false) -> real(2,nil) oracle(2,nil)
op=17 Remove(parent=0,src="\\ax:-B-\\:Y:c a") -> real(nil) oracle(nil)
op=18 Remove(parent=0,src="\".BY%-Yc>xBc") -> real(mapper: entry not found) oracle(mapper: entry not found)
op=19 Remove(parent=0,src="?>c|x:|- |yaz-") -> real(mapper: entry not found) oracle(mapper: entry not found)
op=20 Remove(parent=0,src="\xff\xfe") -> real(mapper: entry not found) oracle(mapper: entry not found)
op=21 Add(parent=0,src="*_A\\>y% *_:Xz:|_a><bA<",isDir=false) -> real(3,nil) oracle(3,nil)
op=22 Add(parent=0,src=">",isDir=false) -> real(0,mapper: directory is full) oracle(0,mapper: directory is full)
op=23 Add(parent=0,src="B-xxZ",isDir=false) -> real(0,mapper: directory is full) oracle(0,mapper: directory is full)
op=24 Rename(parent=0,"*_A\\>y% *_:Xz:|_a><bA<" -> ".con.txt") -> real(nil) oracle(nil)
op=25 Rename(parent=0,".con.txt" -> "xBBZyCy.yX:c:") -> real(nil) oracle(nil)
op=26 Remove(parent=0,src="xBBZyCy.yX:c:") -> real(nil) oracle(nil)
op=27 Remove(parent=0,src="YcB|\\??cB a.ybb%bc\"") -> real(mapper: entry not found) oracle(mapper: entry not found)
op=28 Add(parent=0,src="bb%:..>c\\:|%a%z\\xaA :|_",isDir=false) -> real(4,nil) oracle(4,nil)
op=29 Add(parent=0,src="X.xx>xx|*BYz<z:>Z",isDir=false) -> real(0,mapper: directory is full) oracle(0,mapper: directory is full)
op=30 Rename(parent=0,"bb%:..>c\\:|%a%z\\xaA :|_" -> "\\|.:-?") -> real(nil) oracle(nil)
op=31 Add(parent=0,src="b",isDir=true) -> real(0,mapper: directory is full) oracle(0,mapper: directory is full)
op=32 Rename(parent=0,"\\|.:-?" -> "\"bcA|Bé.Z好Xx") -> real(nil) oracle(nil)
op=33 Add(parent=0,src="",isDir=false) -> real(0,mapper: invalid name) oracle(0,mapper: invalid name)
op=34 Remove(parent=0,src="\"bcA|Bé.Z好Xx") -> real(nil) oracle(nil)
op=35 Add(parent=0,src="y\\*zz*好xaéC.",isDir=true) -> real(5,nil) oracle(5,nil)
op=36 Rename(parent=0,"y\\*zz*好xaéC." -> ".qqqqqqqqqqqqqqqqqqqqqqqqq") -> real(nil) oracle(nil)
op=37 Add(parent=5,src="nul.txt",isDir=false) -> real(6,nil) oracle(6,nil)
op=38 Add(parent=0,src="zzx Z>>\\y<-%a\\%X_:%?|:",isDir=true) -> real(0,mapper: directory is full) oracle(0,mapper: directory is full)
op=39 Remove(parent=0,src=".qqqqqqqqqqqqqqqqqqqqqqqqq") -> real(mapper: directory is not empty) oracle(mapper: directory is not empty)
op=40 Add(parent=0,src="a/b",isDir=false) -> real(0,mapper: invalid name) oracle(0,mapper: invalid name)
op=41 Rename(parent=0,".qqqqqqqqqqqqqqqqqqqqqqqqq" -> ".con") -> real(nil) oracle(nil)
op=42 Rename(parent=5,"nul.txt" -> ".qqqqqqq") -> real(nil) oracle(nil)
op=43 Remove(parent=0,src=".con") -> real(mapper: directory is not empty) oracle(mapper: directory is not empty)
op=44 Rename(parent=5,".qqqqqqq" -> ".qqqqqqqqq") -> real(nil) oracle(nil)
op=45 Remove(parent=0,src=".con") -> real(mapper: directory is not empty) oracle(mapper: directory is not empty)
op=46 Add(parent=0,src="< cCA?A\"\\*yB\"a:BA%cC",isDir=false) -> real(0,mapper: directory is full) oracle(0,mapper: directory is full)
op=47 Remove(parent=0,src=".con") -> real(mapper: directory is not empty) oracle(mapper: directory is not empty)
op=48 Rename(parent=5,".qqqqqqqqq" -> "lpt3.txt") -> real(nil) oracle(nil)
op=49 Add(parent=5,src=".con.txt",isDir=false) -> real(0,mapper: directory is full) oracle(0,mapper: directory is full)
## config MaxBytes=54 MaxPath=102 MaxEntries=6
op=0 Remove(parent=0,src="|X好Z") -> real(mapper: entry not found) oracle(mapper: entry not found)
op=1 Add(parent=0,src=".qqqqqqqqqqqqq",isDir=true) -> real(1,nil) oracle(1,nil)
op=2 Rename(parent=1,"nul" -> "<<") -> real(mapper: entry not found) oracle(mapper: entry not found)
op=3 Remove(parent=0,src=".qqqqqqqqqqqqq") -> real(nil) oracle(nil)
op=4 Add(parent=0,src=".. <\\X",isDir=true) -> real(2,nil) oracle(2,nil)
op=5 Add(parent=1,src="C >. X  :A.x-B.ZcA",isDir=false) -> real(0,mapper: parent does not exist or is not a directory) oracle(0,mapper: parent does not exist or is not a directory)
op=6 Add(parent=0,src=".qqqqqqqqqqqqqqqqqq",isDir=false) -> real(3,nil) oracle(3,nil)
op=7 Add(parent=2,src="C%a",isDir=false) -> real(4,nil) oracle(4,nil)
op=8 Add(parent=1,src="\\<ZB>y%\".b%\"\"|",isDir=false) -> real(0,mapper: parent does not exist or is not a directory) oracle(0,mapper: parent does not exist or is not a directory)
op=9 Rename(parent=0,"X?.<BX%Yb\"B" -> "C?") -> real(mapper: entry not found) oracle(mapper: entry not found)
op=10 Rename(parent=1,"\xff\xfe" -> ">_") -> real(mapper: entry not found) oracle(mapper: entry not found)
op=11 Rename(parent=2,"C%a" -> "%By*-%<\\\\y*ca_") -> real(nil) oracle(nil)
op=12 Rename(parent=2,".qqqqqqqqqqqqqqqqqqqqqq" -> "zx好<\\\"c>\\|:*c**y*?zB<\"b") -> real(mapper: entry not found) oracle(mapper: entry not found)
op=13 Remove(parent=0,src=".qqqqqqqqqqqqqqqqqq") -> real(nil) oracle(nil)
op=14 Add(parent=2,src="yc好A.:好é.a <\\-y.c y>xxY",isDir=true) -> real(5,nil) oracle(5,nil)
op=15 Rename(parent=0,".. <\\X" -> "C \"*Y Ba-\"<:z?aC-") -> real(nil) oracle(nil)
op=16 Add(parent=2,src="",isDir=true) -> real(0,mapper: invalid name) oracle(0,mapper: invalid name)
op=17 Remove(parent=0,src="C \"*Y Ba-\"<:z?aC-") -> real(mapper: directory is not empty) oracle(mapper: directory is not empty)
op=18 Add(parent=1,src="a*%_CYb",isDir=true) -> real(0,mapper: parent does not exist or is not a directory) oracle(0,mapper: parent does not exist or is not a directory)
op=19 Rename(parent=0,"C \"*Y Ba-\"<:z?aC-" -> "\\") -> real(nil) oracle(nil)
op=20 Rename(parent=2,"yc好A.:好é.a <\\-y.c y>xxY" -> "C") -> real(nil) oracle(nil)
op=21 Add(parent=0,src="y-x<<y",isDir=false) -> real(6,nil) oracle(6,nil)
op=22 Rename(parent=1,"_\".zX" -> ":>BAyB\"??BA c \\c>\\C%cC|") -> real(mapper: entry not found) oracle(mapper: entry not found)
op=23 Rename(parent=5,"B" -> "%X?:y<ZaC:C\"Ac_<b") -> real(mapper: entry not found) oracle(mapper: entry not found)
op=24 Remove(parent=1,src="Aux") -> real(mapper: entry not found) oracle(mapper: entry not found)
op=25 Remove(parent=0,src="y-x<<y") -> real(nil) oracle(nil)
op=26 Add(parent=2,src="Z_*Y%c",isDir=false) -> real(7,nil) oracle(7,nil)
op=27 Rename(parent=2,"C" -> ">>A\"?ZzY:ZyAYcx\"%") -> real(nil) oracle(nil)
op=28 Rename(parent=1,"%y *A* _:-z" -> ".?.ééc>好?**") -> real(mapper: entry not found) oracle(mapper: entry not found)
op=29 Rename(parent=1,".YZ-ybC?c>.\\Y ZzZ<\"?X\"A" -> "CZ A:?**%-%y*C\"aA.bB\"ab") -> real(mapper: entry not found) oracle(mapper: entry not found)
op=30 Add(parent=2,src="\\AACyBCy:z\\<_|\"",isDir=false) -> real(8,nil) oracle(8,nil)
op=31 Rename(parent=5,"CON" -> ".qqqqqqqqqqqqqqqqqqqqqqqqqqqqqqqq") -> real(mapper: entry not found) oracle(mapper: entry not found)
op=32 Add(parent=5,src="\xff\xfe",isDir=true) -> real(0,mapper: invalid name) oracle(0,mapper: invalid name)
op=33 Rename(parent=5,"-.好aC>好|zCC%<? aX%<cA" -> "好 cb*:>CAxCc.AXa\\X") -> real(mapper: entry not found) oracle(mapper: entry not found)
op=34 Rename(parent=5,".qqqqqqqqqqqqqqqqqqqqqqqqqqqqqqq" -> "?a*\"aC*a") -> real(mapper: entry not found) oracle(mapper: entry not found)
op=35 Add(parent=2,src="a\x00b",isDir=false) -> real(0,mapper: invalid name) oracle(0,mapper: invalid name)
op=36 Add(parent=5,src="a\x00b",isDir=false) -> real(0,mapper: invalid name) oracle(0,mapper: invalid name)
op=37 Add(parent=1,src="B:bBY--Z:%cY:\"B-Za",isDir=true) -> real(0,mapper: parent does not exist or is not a directory) oracle(0,mapper: parent does not exist or is not a directory)
op=38 Add(parent=0,src="x",isDir=true) -> real(9,nil) oracle(9,nil)
op=39 Add(parent=2,src="lpt3.txt",isDir=true) -> real(10,nil) oracle(10,nil)
op=40 Add(parent=1,src="Y\"ACc%Y.|X %C\"Ayx<C",isDir=true) -> real(0,mapper: parent does not exist or is not a directory) oracle(0,mapper: parent does not exist or is not a directory)
op=41 Add(parent=2,src="*A-b\"éZ|z.zY ",isDir=false) -> real(11,nil) oracle(11,nil)
op=42 Remove(parent=1,src="\xff\xfe") -> real(mapper: entry not found) oracle(mapper: entry not found)
op=43 Add(parent=9,src=".qqqqqqqqqqq",isDir=false) -> real(12,nil) oracle(12,nil)
op=44 Add(parent=1,src="",isDir=true) -> real(0,mapper: invalid name) oracle(0,mapper: invalid name)
op=45 Rename(parent=0,">-cAa%aY_x c :Bzb%bc\\*z" -> "_zb_:zC\"*_") -> real(mapper: entry not found) oracle(mapper: entry not found)
op=46 Add(parent=5,src="xc|?\\y.bXa< -YCY_%:xy",isDir=true) -> real(13,nil) oracle(13,nil)
op=47 Remove(parent=0,src="x") -> real(mapper: directory is not empty) oracle(mapper: directory is not empty)
op=48 Add(parent=13,src="|x :",isDir=false) -> real(14,nil) oracle(14,nil)
op=49 Add(parent=0,src="",isDir=true) -> real(0,mapper: invalid name) oracle(0,mapper: invalid name)
## config MaxBytes=55 MaxPath=96 MaxEntries=2
op=0 Remove(parent=0,src="CyY\"\\é-zAb>zx\">X好_c") -> real(mapper: entry not found) oracle(mapper: entry not found)
op=1 Rename(parent=0,"aCAyx\"__|B<B>\"C_\":XB%zXZ" -> "z>xX?") -> real(mapper: entry not found) oracle(mapper: entry not found)
op=2 Remove(parent=0,src="?Y?\\:\"%>Bbxy\\X\\ :X> ") -> real(mapper: entry not found) oracle(mapper: entry not found)
op=3 Remove(parent=0,src="A %Y C-cY:B>") -> real(mapper: entry not found) oracle(mapper: entry not found)
op=4 Add(parent=0,src="a/b",isDir=true) -> real(0,mapper: invalid name) oracle(0,mapper: invalid name)
op=5 Add(parent=0,src=".con.txt",isDir=true) -> real(1,nil) oracle(1,nil)
op=6 Add(parent=0,src="Z\\>",isDir=true) -> real(2,nil) oracle(2,nil)
op=7 Rename(parent=2,"B><ca?\".\"->.YyaAA" -> "AAAA\"BA>%\\:_|c-|A ") -> real(mapper: entry not found) oracle(mapper: entry not found)
op=8 Add(parent=2,src="?Xy",isDir=true) -> real(3,nil) oracle(3,nil)
op=9 Remove(parent=1,src="a\x00b") -> real(mapper: entry not found) oracle(mapper: entry not found)
op=10 Rename(parent=0,"||x A\"YaAa\\a*X\\xc>Y" -> "*") -> real(mapper: entry not found) oracle(mapper: entry not found)
op=11 Remove(parent=0,src="Z\\>") -> real(mapper: directory is not empty) oracle(mapper: directory is not empty)
op=12 Rename(parent=0,".con.txt" -> " ") -> real(nil) oracle(nil)
op=13 Rename(parent=2,"?Xy" -> "B*x好:é|") -> real(nil) oracle(nil)
op=14 Remove(parent=1,src=".con.txt") -> real(mapper: entry not found) oracle(mapper: entry not found)
op=15 Add(parent=0,src="*aAAaxz",isDir=true) -> real(0,mapper: directory is full) oracle(0,mapper: directory is full)
op=16 Rename(parent=2,"B*x好:é|" -> "X|\\a") -> real(nil) oracle(nil)
op=17 Add(parent=3,src=".qqqqqqqqqqqqqqqqqqqqq",isDir=true) -> real(4,nil) oracle(4,nil)
op=18 Rename(parent=0,".con" -> "\\") -> real(mapper: entry not found) oracle(mapper: entry not found)
op=19 Rename(parent=0," " -> "CZ|\":-Z-<\\_:") -> real(nil) oracle(nil)
op=20 Remove(parent=1,src=".qqqqqqq") -> real(mapper: entry not found) oracle(mapper: entry not found)
op=21 Remove(parent=4,src=".con") -> real(mapper: entry not found) oracle(mapper: entry not found)
op=22 Add(parent=0,src="Y好 \\\"B好ZX",isDir=true) -> real(0,mapper: directory is full) oracle(0,mapper: directory is full)
op=23 Add(parent=1,src="\"zCY**\\xA:",isDir=true) -> real(5,nil) oracle(5,nil)
op=24 Rename(parent=5,"Y>bb\"\"*z" -> ".qqqqqqqqqqqq") -> real(mapper: entry not found) oracle(mapper: entry not found)
op=25 Rename(parent=3,".qqqqqqqqqqqqqqqqqqqqq" -> "Y_") -> real(nil) oracle(nil)
op=26 Add(parent=0,src="y x>",isDir=false) -> real(0,mapper: directory is full) oracle(0,mapper: directory is full)
op=27 Add(parent=1,src="nul",isDir=true) -> real(6,nil) oracle(6,nil)
op=28 Rename(parent=2,"X|\\a" -> "<xX|a-") -> real(nil) oracle(nil)
op=29 Add(parent=1,src="<éZ*<BbéAx:*-",isDir=true) -> real(0,mapper: directory is full) oracle(0,mapper: directory is full)
op=30 Rename(parent=3,"Y_" -> "\"aA") -> real(nil) oracle(nil)
op=31 Add(parent=2,src="",isDir=true) -> real(0,mapper: invalid name) oracle(0,mapper: invalid name)
op=32 Add(parent=0,src="A:X%xA:**ACZ-*.aZZ?xBY\"",isDir=false) -> real(0,mapper: directory is full) oracle(0,mapper: directory is full)
op=33 Rename(parent=4,"|xB|yZ?b.x:\"A-zbY >%Bz*?" -> "|BBBby|zy_? \\ZByA:") -> real(mapper: entry not found) oracle(mapper: entry not found)
op=34 Add(parent=2,src="\\:A|\\yX.好>A<By||X:A",isDir=true) -> real(7,nil) oracle(7,nil)
op=35 Rename(parent=0,"a/b" -> " x*Y_é?::xZ__\"") -> real(mapper: entry not found) oracle(mapper: entry not found)
op=36 Remove(parent=6,src="") -> real(mapper: entry not found) oracle(mapper: entry not found)
op=37 Remove(parent=1,src=">-C") -> real(mapper: entry not found) oracle(mapper: entry not found)
op=38 Add(parent=6,src="%C\"éxX Z<zY?\\.*B>\\",isDir=true) -> real(8,nil) oracle(8,nil)
op=39 Rename(parent=8,"Y YA.>_Yxc_" -> "?y<|-ay  abbA<\\A_yc|<By") -> real(mapper: entry not found) oracle(mapper: entry not found)
op=40 Add(parent=0,src=".con.txt",isDir=false) -> real(0,mapper: directory is full) oracle(0,mapper: directory is full)
op=41 Add(parent=5,src=".B>Bc%_cbzb",isDir=true) -> real(9,nil) oracle(9,nil)
op=42 Add(parent=4,src="lpt3",isDir=false) -> real(10,nil) oracle(10,nil)
op=43 Add(parent=2,src="AzB:Yxx_xC*>Z%<|:\"C|",isDir=true) -> real(0,mapper: directory is full) oracle(0,mapper: directory is full)
op=44 Remove(parent=7,src="<<A\\>|?BXCY-<\\:xbz\"- yCA") -> real(mapper: entry not found) oracle(mapper: entry not found)
op=45 Add(parent=6,src="-*\"-Cb>b.z\\xb_<.Z>aY|>.Z",isDir=false) -> real(11,nil) oracle(11,nil)
op=46 Remove(parent=6,src="%C\"éxX Z<zY?\\.*B>\\") -> real(nil) oracle(nil)
op=47 Rename(parent=8,"YC%" -> "Aux") -> real(mapper: entry not found) oracle(mapper: entry not found)
op=48 Add(parent=0,src="\xff\xfe",isDir=true) -> real(0,mapper: invalid name) oracle(0,mapper: invalid name)
op=49 Add(parent=8,src="*Z a|A",isDir=true) -> real(0,mapper: parent does not exist or is not a directory) oracle(0,mapper: parent does not exist or is not a directory)
## config MaxBytes=41 MaxPath=50 MaxEntries=29
op=0 Remove(parent=0,src="-<%x<:zB%.ABx| yza||.Y") -> real(mapper: entry not found) oracle(mapper: entry not found)
op=1 Rename(parent=0,"C_%c-cyz\"-" -> "ZA|Ac\\A*Z\"XY CYab<C*C") -> real(mapper: entry not found) oracle(mapper: entry not found)
op=2 Rename(parent=0,"nul.txt" -> "\xff\xfe") -> real(mapper: invalid name) oracle(mapper: invalid name)
op=3 Remove(parent=0,src="y_AzZ>\\.Y.c-YAb?C Y%X\"") -> real(mapper: entry not found) oracle(mapper: entry not found)
op=4 Add(parent=0,src="c\"\"x| X<",isDir=false) -> real(1,nil) oracle(1,nil)
op=5 Rename(parent=0,"c\"\"x| X<" -> "lpt3") -> real(nil) oracle(nil)
op=6 Add(parent=0,src="b*\".CcB|yX\"B<A<.c",isDir=false) -> real(2,nil) oracle(2,nil)
op=7 Add(parent=0,src="c-:\"z<%B",isDir=true) -> real(3,nil) oracle(3,nil)
op=8 Add(parent=0,src="zYé>好?>_>?b<<>:-",isDir=false) -> real(4,nil) oracle(4,nil)
op=9 Add(parent=0,src=" é",isDir=true) -> real(5,nil) oracle(5,nil)
op=10 Add(parent=3,src="\xff\xfe",isDir=true) -> real(0,mapper: invalid name) oracle(0,mapper: invalid name)
op=11 Rename(parent=3,"xczC\"Y axZ%_%:?z%?A x" -> ":\\") -> real(mapper: entry not found) oracle(mapper: entry not found)
op=12 Add(parent=3,src="CON.txt",isDir=true) -> real(6,nil) oracle(6,nil)
op=13 Rename(parent=0,"c-:\"z<%B" -> "CON.txt") -> real(nil) oracle(nil)
op=14 Remove(parent=0,src="CON.txt") -> real(mapper: directory is not empty) oracle(mapper: directory is not empty)
op=15 Remove(parent=6,src="Prn.9") -> real(mapper: entry not found) oracle(mapper: entry not found)
op=16 Rename(parent=0,"b*\".CcB|yX\"B<A<.c" -> "YCC<.b:|xzbB:\\<") -> real(nil) oracle(nil)
op=17 Add(parent=6,src="aAC",isDir=true) -> real(7,nil) oracle(7,nil)
op=18 Rename(parent=6,"CON.txt" -> "ac*>- |->-?\"z\"ZcBa%") -> real(mapper: entry not found) oracle(mapper: entry not found)
op=19 Rename(parent=6,"aAC" -> ">?:*\\yaBBAéz") -> real(nil) oracle(nil)
op=20 Add(parent=7,src="By.y? \\Y\"y",isDir=false) -> real(0,mapper: mapped path exceeds MaxPath) oracle(0,mapper: mapped path exceeds MaxPath)
op=21 Remove(parent=3,src="CON.txt") -> real(mapper: directory is not empty) oracle(mapper: directory is not empty)
op=22 Remove(parent=6,src=">?:*\\yaBBAéz") -> real(nil) oracle(nil)
op=23 Add(parent=3,src="*a\\ *\"B%\\Za_ZA>A>YxcC*C*",isDir=true) -> real(8,nil) oracle(8,nil)
op=24 Rename(parent=0,"YCC<.b:|xzbB:\\<" -> "Z.\"Y?>Z|a_X") -> real(nil) oracle(nil)
op=25 Add(parent=7,src="?<%A\\ aZA>X",isDir=true) -> real(0,mapper: parent does not exist or is not a directory) oracle(0,mapper: parent does not exist or is not a directory)
op=26 Remove(parent=7,src="*Z_\\\\C") -> real(mapper: entry not found) oracle(mapper: entry not found)
op=27 Remove(parent=6,src="nul") -> real(mapper: entry not found) oracle(mapper: entry not found)
op=28 Rename(parent=0,"Z.\"Y?>Z|a_X" -> ">>\\b") -> real(nil) oracle(nil)
op=29 Rename(parent=7,"c<C:" -> "|-::.a好") -> real(mapper: entry not found) oracle(mapper: entry not found)
op=30 Rename(parent=7,"\\Y*Yy" -> ".A\"Z|%Zy\\CBX.cy?||a:Ac-") -> real(mapper: entry not found) oracle(mapper: entry not found)
op=31 Add(parent=0,src=">A?\\ZYCb:c\\b%B?Y-%Z",isDir=true) -> real(9,nil) oracle(9,nil)
op=32 Add(parent=9,src="c.cA .x?>AY?BzAyxXb",isDir=false) -> real(0,mapper: mapped path exceeds MaxPath) oracle(0,mapper: mapped path exceeds MaxPath)
op=33 Rename(parent=9,"_.b*_ayX|Cc:x:.\\%z." -> "%aAXBx>Zy-zy-好cA_*c  :") -> real(mapper: entry not found) oracle(mapper: entry not found)
op=34 Rename(parent=3,"CON.txt" -> "a\x00b") -> real(mapper: invalid name) oracle(mapper: invalid name)
op=35 Add(parent=0,src="a/b",isDir=true) -> real(0,mapper: invalid name) oracle(0,mapper: invalid name)
op=36 Rename(parent=8,"Prn.9.txt" -> "\\>:Xz Yc>") -> real(mapper: entry not found) oracle(mapper: entry not found)
op=37 Rename(parent=7,"Aux" -> "Aux") -> real(mapper: entry not found) oracle(mapper: entry not found)
op=38 Rename(parent=9,".qqqqqqqqqqqqqqqqqqqqqqq" -> ".qqqqqqqqqqqqqqqqqqqqqqqqqqqqqqqq") -> real(mapper: entry not found) oracle(mapper: entry not found)
op=39 Rename(parent=0,">>\\b" -> ".好") -> real(nil) oracle(nil)
op=40 Add(parent=7,src="nul",isDir=false) -> real(0,mapper: parent does not exist or is not a directory) oracle(0,mapper: parent does not exist or is not a directory)
op=41 Rename(parent=9,".con.txt" -> ":bB<_X?%.b\"Aa|Y%Z%?\"") -> real(mapper: entry not found) oracle(mapper: entry not found)
op=42 Rename(parent=7,"xéXY" -> "X_A\\xy:\\x:") -> real(mapper: entry not found) oracle(mapper: entry not found)
op=43 Rename(parent=9," A\"a?-:XBcc\\.*<C" -> "B_x->B?Y \"C\\.") -> real(mapper: entry not found) oracle(mapper: entry not found)
op=44 Add(parent=0,src="c.*ZA\"A_",isDir=false) -> real(10,nil) oracle(10,nil)
op=45 Add(parent=9,src="\\%xc\\\\?A",isDir=true) -> real(0,mapper: mapped path exceeds MaxPath) oracle(0,mapper: mapped path exceeds MaxPath)
op=46 Rename(parent=0,">A?\\ZYCb:c\\b%B?Y-%Z" -> "\xff\xfe") -> real(mapper: invalid name) oracle(mapper: invalid name)
op=47 Rename(parent=7,"%:xX% czz" -> "a") -> real(mapper: entry not found) oracle(mapper: entry not found)
op=48 Add(parent=8,src="yC?Z?Cbby<AZyAz .cA%.:<|",isDir=false) -> real(0,mapper: mapped path exceeds MaxPath) oracle(0,mapper: mapped path exceeds MaxPath)
op=49 Rename(parent=9,"_*| _zYBZa*%*>%\\_X:" -> ">cX|z**y\":.|\\c>cCb>y<a") -> real(mapper: entry not found) oracle(mapper: entry not found)
## config MaxBytes=17 MaxPath=34 MaxEntries=17
op=0 Add(parent=0,src="Y.|YbBc*.éx-A>yYx-y%",isDir=true) -> real(1,nil) oracle(1,nil)
op=1 Rename(parent=0,"Y.|YbBc*.éx-A>yYx-y%" -> "Bc<ZXCy:.") -> real(nil) oracle(nil)
op=2 Rename(parent=1,"\xff\xfe" -> "Prn.9") -> real(mapper: entry not found) oracle(mapper: entry not found)
op=3 Remove(parent=1,src=".qqqqqqqqqqqqqqqqqqqqqqqqqq") -> real(mapper: entry not found) oracle(mapper: entry not found)
op=4 Rename(parent=0,"Bc<ZXCy:." -> ".qqqqqqqqqqqqqqqqqqqqqqqqqqqqqq") -> real(nil) oracle(nil)
op=5 Add(parent=0,src="\xff\xfe",isDir=true) -> real(0,mapper: invalid name) oracle(0,mapper: invalid name)
op=6 Remove(parent=0,src=".qqqqqqqqqqqqqqqqqqqqqqqqqqqqqq") -> real(nil) oracle(nil)
op=7 Rename(parent=1,"c|y-Zy " -> "|\"-Yc") -> real(mapper: entry not found) oracle(mapper: entry not found)
op=8 Rename(parent=0,".B>\"zbx\"A_C*.Z.-x:?%:*B" -> "_*axZx:CZacxx%C|A?") -> real(mapper: entry not found) oracle(mapper: entry not found)
op=9 Rename(parent=0," |<" -> ".|b\\A _\\_\"*_B *") -> real(mapper: entry not found) oracle(mapper: entry not found)
op=10 Add(parent=0,src="zB-*>?x *>-A??yA-.B",isDir=false) -> real(2,nil) oracle(2,nil)
op=11 Rename(parent=1,"CON.txt" -> "a/b") -> real(mapper: invalid name) oracle(mapper: invalid name)
op=12 Rename(parent=0,">Xxza:x. c-XcAXy" -> "\"Ycc<<") -> real(mapper: entry not found) oracle(mapper: entry not found)
op=13 Remove(parent=1,src="Y\\\\y\\A?x<baz\\|-B?::b%") -> real(mapper: entry not found) oracle(mapper: entry not found)
op=14 Add(parent=0,src="cCb<X",isDir=true) -> real(3,nil) oracle(3,nil)
op=15 Remove(parent=1,src="") -> real(mapper: entry not found) oracle(mapper: entry not found)
op=16 Remove(parent=0,src="zB-*>?x *>-A??yA-.B") -> real(nil) oracle(nil)
op=17 Rename(parent=1,".qqqqqqqqqqqqqqqqq" -> ":|YxbZA <. *\"Y.:") -> real(mapper: entry not found) oracle(mapper: entry not found)
op=18 Add(parent=1,src="c*|- X_AzzBC| bX_",isDir=true) -> real(0,mapper: parent does not exist or is not a directory) oracle(0,mapper: parent does not exist or is not a directory)
op=19 Add(parent=1,src="Z :\\.z-B<.:zzB|cb",isDir=true) -> real(0,mapper: parent does not exist or is not a directory) oracle(0,mapper: parent does not exist or is not a directory)
op=20 Rename(parent=3,"\\|b" -> "cay\"BY") -> real(mapper: entry not found) oracle(mapper: entry not found)
op=21 Add(parent=0,src="..-",isDir=false) -> real(4,nil) oracle(4,nil)
op=22 Add(parent=1,src="Zx?\\*|%a_X\"ac",isDir=false) -> real(0,mapper: parent does not exist or is not a directory) oracle(0,mapper: parent does not exist or is not a directory)
op=23 Add(parent=1,src="Z-\" a>>.c|\"好ayXyc*_:",isDir=false) -> real(0,mapper: parent does not exist or is not a directory) oracle(0,mapper: parent does not exist or is not a directory)
op=24 Rename(parent=1,":%:|Y\"_.yB.B" -> "\xff\xfe") -> real(mapper: invalid name) oracle(mapper: invalid name)
op=25 Remove(parent=3,src="") -> real(mapper: entry not found) oracle(mapper: entry not found)
op=26 Add(parent=1,src="cXyzY:->CBBYb  xyX-",isDir=true) -> real(0,mapper: parent does not exist or is not a directory) oracle(0,mapper: parent does not exist or is not a directory)
op=27 Remove(parent=0,src="nul") -> real(mapper: entry not found) oracle(mapper: entry not found)
op=28 Rename(parent=1,"\\Z.|YyA.A-*BZz<:BcBa\\_?Z" -> ".qqqqqqqqqqqqqqqqqqqqqqqqqqqqqqq") -> real(mapper: entry not found) oracle(mapper: entry not found)
op=29 Add(parent=3,src=">xB.yx:a*_% *c<xXybZ_x_\"",isDir=true) -> real(5,nil) oracle(5,nil)
op=30 Rename(parent=3,"C|" -> "\"zY.z|YB*y_<") -> real(mapper: entry not found) oracle(mapper: entry not found)
op=31 Add(parent=3,src=".qqqqqqqqqqqqqqqqqqqq",isDir=false) -> real(6,nil) oracle(6,nil)
op=32 Remove(parent=5,src="z") -> real(mapper: entry not found) oracle(mapper: entry not found)
op=33 Add(parent=3,src="bA\"zCCXx?x*A>z%:aZaa?_%<",isDir=false) -> real(7,nil) oracle(7,nil)
op=34 Add(parent=3,src="a\x00b",isDir=true) -> real(0,mapper: invalid name) oracle(0,mapper: invalid name)
op=35 Add(parent=3,src="aBc _A_zX%",isDir=false) -> real(8,nil) oracle(8,nil)
op=36 Rename(parent=0,"..-" -> "Prn.9.txt") -> real(nil) oracle(nil)
op=37 Rename(parent=1,"xZxaByA?bZ>\"xxy:%Y.X-\\|Y" -> ".con") -> real(mapper: entry not found) oracle(mapper: entry not found)
op=38 Rename(parent=1,"nul.txt" -> "lpt3.txt") -> real(mapper: entry not found) oracle(mapper: entry not found)
op=39 Add(parent=3,src="bBA|>:\\>B-C?<*b_>\\%",isDir=false) -> real(9,nil) oracle(9,nil)
op=40 Add(parent=1,src=".aZé<ABY\\-CC",isDir=true) -> real(0,mapper: parent does not exist or is not a directory) oracle(0,mapper: parent does not exist or is not a directory)
op=41 Remove(parent=1,src="b:b-\\*a|z") -> real(mapper: entry not found) oracle(mapper: entry not found)
op=42 Add(parent=0,src="BxY.x\\yx_a.:>x_Y \"%a",isDir=false) -> real(10,nil) oracle(10,nil)
op=43 Remove(parent=5,src="YX--aZ \\\"x< _\\bX|ba\\") -> real(mapper: entry not found) oracle(mapper: entry not found)
op=44 Rename(parent=0,"-" -> "cy|?Ba*Z-") -> real(mapper: entry not found) oracle(mapper: entry not found)
op=45 Add(parent=5,src="\"Ba-C\\\"AY-.-A\\b:b_<Z",isDir=false) -> real(0,mapper: mapped path exceeds MaxPath) oracle(0,mapper: mapped path exceeds MaxPath)
op=46 Add(parent=0,src="B:",isDir=false) -> real(11,nil) oracle(11,nil)
op=47 Remove(parent=5,src="CON.txt") -> real(mapper: entry not found) oracle(mapper: entry not found)
op=48 Add(parent=3,src="aA>*Z",isDir=false) -> real(12,nil) oracle(12,nil)
op=49 Add(parent=1,src="BB>B\"<<?AC>|Yz",isDir=false) -> real(0,mapper: parent does not exist or is not a directory) oracle(0,mapper: parent does not exist or is not a directory)
## config MaxBytes=55 MaxPath=124 MaxEntries=27
op=0 Rename(parent=0,"A>x?:CYZx%\\X\"ba\"b\\\" C%<" -> ":Ba*yZ<X") -> real(mapper: entry not found) oracle(mapper: entry not found)
op=1 Add(parent=0,src="aA",isDir=false) -> real(1,nil) oracle(1,nil)
op=2 Add(parent=0,src="_YZZ%",isDir=true) -> real(2,nil) oracle(2,nil)
op=3 Add(parent=0,src=".qqqqqqqqqqqqqqqqqqqqqqqqqqqqqq",isDir=true) -> real(3,nil) oracle(3,nil)
op=4 Rename(parent=0,".qqqqqqqqqqqqqqqqqqqqqqqqqqqqqq" -> "z*|<c|?Z%%Y%z% .") -> real(nil) oracle(nil)
op=5 Add(parent=0,src="a/b",isDir=false) -> real(0,mapper: invalid name) oracle(0,mapper: invalid name)
op=6 Remove(parent=2,src="bbB<yZCYz_?%.*z?Bx><a") -> real(mapper: entry not found) oracle(mapper: entry not found)
op=7 Add(parent=0,src="Yx%cy?Ax",isDir=true) -> real(4,nil) oracle(4,nil)
op=8 Add(parent=3,src="?bAz>:-CBZ|*BA?\">A\"Z",isDir=false) -> real(5,nil) oracle(5,nil)
op=9 Add(parent=0,src="a\x00b",isDir=false) -> real(0,mapper: invalid name) oracle(0,mapper: invalid name)
op=10 Rename(parent=4,"|  " -> "bc<z%-%好y") -> real(mapper: entry not found) oracle(mapper: entry not found)
op=11 Add(parent=4,src="-z?a|ZcB?x",isDir=false) -> real(6,nil) oracle(6,nil)
op=12 Add(parent=0,src="bAa-",isDir=false) -> real(7,nil) oracle(7,nil)
op=13 Add(parent=0,src="Bb|",isDir=true) -> real(8,nil) oracle(8,nil)
op=14 Rename(parent=3,"?bAz>:-CBZ|*BA?\">A\"Z" -> "Y\\b\\z*y>_z?zz<XY*:x?") -> real(nil) oracle(nil)
op=15 Remove(parent=0,src="aA") -> real(nil) oracle(nil)
op=16 Add(parent=3,src="_C<_X_b好|",isDir=true) -> real(9,nil) oracle(9,nil)
op=17 Remove(parent=3,src="_C<_X_b好|") -> real(nil) oracle(nil)
op=18 Add(parent=3,src=".qqqqqqqqqqqqqqqqqq",isDir=true) -> real(10,nil) oracle(10,nil)
op=19 Add(parent=2,src="lpt3.txt",isDir=false) -> real(11,nil) oracle(11,nil)
op=20 Add(parent=4,src="Z:c<xcx%C.X_>?-z-?<%",isDir=true) -> real(12,nil) oracle(12,nil)
op=21 Rename(parent=4,"-z?a|ZcB?x" -> "YA ") -> real(nil) oracle(nil)
op=22 Rename(parent=12,"a\x00b" -> "C.B*C\\?-\"_.B:.|-yazX") -> real(mapper: entry not found) oracle(mapper: entry not found)
op=23 Add(parent=10,src="<Ax<z\"\"%%z:?yé",isDir=false) -> real(13,nil) oracle(13,nil)
op=24 Add(parent=2,src="A*.Z< ZB_y%c:Yxacyca",isDir=false) -> real(14,nil) oracle(14,nil)
op=25 Add(parent=12,src="y",isDir=false) -> real(15,nil) oracle(15,nil)
op=26 Rename(parent=8,"xy z\\" -> "a\x00b") -> real(mapper: invalid name) oracle(mapper: invalid name)
op=27 Remove(parent=9,src="CON.txt") -> real(mapper: entry not found) oracle(mapper: entry not found)
op=28 Add(parent=2,src="Az:CCxy ?>a?YY-|Z?yAzcB",isDir=false) -> real(16,nil) oracle(16,nil)
op=29 Rename(parent=4,"cY%:." -> "a/b") -> real(mapper: invalid name) oracle(mapper: invalid name)
op=30 Add(parent=10,src="nul.txt",isDir=false) -> real(17,nil) oracle(17,nil)
op=31 Add(parent=0,src="\"-CYx>好 éB <y",isDir=true) -> real(18,nil) oracle(18,nil)
op=32 Add(parent=0,src="_:|>CXC\\-c-\"bx",isDir=true) -> real(19,nil) oracle(19,nil)
op=33 Add(parent=12,src="cy?<*%z_B\"*x Zy<zx:*Zz-",isDir=false) -> real(20,nil) oracle(20,nil)
op=34 Add(parent=4,src="Prn.9",isDir=true) -> real(21,nil) oracle(21,nil)
op=35 Rename(parent=19,"\xff\xfe" -> " ZX*ayx*?x|_-_Y<") -> real(mapper: entry not found) oracle(mapper: entry not found)
op=36 Add(parent=0,src=" \"|>_:\\|bB?|>-",isDir=false) -> real(22,nil) oracle(22,nil)
op=37 Rename(parent=10,"nul.txt" -> "a\x00b") -> real(mapper: invalid name) oracle(mapper: invalid name)
op=38 Remove(parent=10,src="nul.txt") -> real(nil) oracle(nil)
op=39 Add(parent=4,src="z_a",isDir=false) -> real(23,nil) oracle(23,nil)
op=40 Add(parent=0,src="b>?\\*xA",isDir=true) -> real(24,nil) oracle(24,nil)
op=41 Add(parent=3,src="X",isDir=false) -> real(25,nil) oracle(25,nil)
op=42 Rename(parent=10,"<Ax<z\"\"%%z:?yé" -> "X:%_Ba_xBb\\ \" a.:.cY\"") -> real(nil) oracle(nil)
op=43 Add(parent=19,src=">yb>cC%Y >*\"bx\\<z*>X|",isDir=true) -> real(26,nil) oracle(26,nil)
op=44 Rename(parent=12,"cy?<*%z_B\"*x Zy<zx:*Zz-" -> "") -> real(mapper: invalid name) oracle(mapper: invalid name)
op=45 Add(parent=21,src="A_ _Zc|",isDir=true) -> real(27,nil) oracle(27,nil)
op=46 Add(parent=12,src="lpt3",isDir=false) -> real(28,nil) oracle(28,nil)
op=47 Remove(parent=8,src="-?:x\\") -> real(mapper: entry not found) oracle(mapper: entry not found)
op=48 Remove(parent=9,src="?ZaxAy|<%?y.B") -> real(mapper: entry not found) oracle(mapper: entry not found)
op=49 Add(parent=0,src="->*好:ZA",isDir=false) -> real(29,nil) oracle(29,nil)
## config MaxBytes=37 MaxPath=110 MaxEntries=14
op=0 Add(parent=0,src="*C*\"? Y| ",isDir=true) -> real(1,nil) oracle(1,nil)
op=1 Add(parent=0,src="\xff\xfe",isDir=true) -> real(0,mapper: invalid name) oracle(0,mapper: invalid name)
op=2 Rename(parent=0,"*C*\"? Y| " -> "Aux.txt") -> real(nil) oracle(nil)
op=3 Remove(parent=1,src="\\-X|cYB%x<a|*aXC>") -> real(mapper: entry not found) oracle(mapper: entry not found)
op=4 Rename(parent=0,"Aux.txt" -> "\xff\xfe") -> real(mapper: invalid name) oracle(mapper: invalid name)
op=5 Remove(parent=0,src="Aux.txt") -> real(nil) oracle(nil)
op=6 Add(parent=1,src="nul",isDir=false) -> real(0,mapper: parent does not exist or is not a directory) oracle(0,mapper: parent does not exist or is not a directory)
op=7 Remove(parent=1,src="aa\"b xA<B::*_") -> real(mapper: entry not found) oracle(mapper: entry not found)
op=8 Remove(parent=0,src=">") -> real(mapper: entry not found) oracle(mapper: entry not found)
op=9 Add(parent=0,src="_C|\"cc -A<CyY-\"A? B",isDir=true) -> real(2,nil) oracle(2,nil)
op=10 Add(parent=1,src="Y-<-cAX  BY\".c\" B",isDir=false) -> real(0,mapper: parent does not exist or is not a directory) oracle(0,mapper: parent does not exist or is not a directory)
op=11 Rename(parent=1,".qqqqqqqqqqqqqqqqqqqqqqqqqqqq" -> "*:Y:C%*c\\%bc") -> real(mapper: entry not found) oracle(mapper: entry not found)
op=12 Remove(parent=2,src="\\x.cy*aAya\"") -> real(mapper: entry not found) oracle(mapper: entry not found)
op=13 Add(parent=0,src="Prn.9",isDir=true) -> real(3,nil) oracle(3,nil)
op=14 Remove(parent=2,src="z%A<XB|:.\"|z X*y->_yBc") -> real(mapper: entry not found) oracle(mapper: entry not found)
op=15 Rename(parent=1,"?好XC>\\Bz.a_yc*B:-" -> "") -> real(mapper: invalid name) oracle(mapper: invalid name)
op=16 Add(parent=3,src="Aux.txt",isDir=true) -> real(4,nil) oracle(4,nil)
op=17 Rename(parent=1,">" -> "b>.") -> real(mapper: entry not found) oracle(mapper: entry not found)
op=18 Rename(parent=2,"-b%<C\\c*ZYb%-BC" -> "nul.txt") -> real(mapper: entry not found) oracle(mapper: entry not found)
op=19 Rename(parent=3,"Aux.txt" -> ".qqqqqqqqqqqqqqqqqqqqqqqqqqqq") -> real(nil) oracle(nil)
op=20 Rename(parent=1,"B" -> "Z*ZY?\\-ZéA<a_好z") -> real(mapper: entry not found) oracle(mapper: entry not found)
op=21 Rename(parent=4,":-z%<cxxYx|>z:" -> ".qqqqqqqqqqqqqqqqqqqqqqqqqqq") -> real(mapper: entry not found) oracle(mapper: entry not found)
op=22 Add(parent=3,src="Yy?",isDir=true) -> real(5,nil) oracle(5,nil)
op=23 Add(parent=1,src="*y-X-",isDir=true) -> real(0,mapper: parent does not exist or is not a directory) oracle(0,mapper: parent does not exist or is not a directory)
op=24 Add(parent=1,src="XB \"%.*_Ab<*b- %",isDir=false) -> real(0,mapper: parent does not exist or is not a directory) oracle(0,mapper: parent does not exist or is not a directory)
op=25 Remove(parent=2,src="好Ax\".\"xb|cAXy好bzZ\\") -> real(mapper: entry not found) oracle(mapper: entry not found)
op=26 Add(parent=4,src="_: |<  >?x?_*",isDir=true) -> real(6,nil) oracle(6,nil)
op=27 Rename(parent=0,">-_%%zC-" -> "?Z|") -> real(mapper: entry not found) oracle(mapper: entry not found)
op=28 Rename(parent=1," -" -> "CON") -> real(mapper: entry not found) oracle(mapper: entry not found)
op=29 Add(parent=1,src="\\zCB<Axz?X bZ",isDir=false) -> real(0,mapper: parent does not exist or is not a directory) oracle(0,mapper: parent does not exist or is not a directory)
op=30 Add(parent=3,src="zcyzY<zxa?\\z",isDir=true) -> real(7,nil) oracle(7,nil)
op=31 Add(parent=6,src="z%?Czx",isDir=true) -> real(8,nil) oracle(8,nil)
op=32 Rename(parent=0,"Prn.9" -> "Aux.txt") -> real(nil) oracle(nil)
op=33 Add(parent=1,src="\xff\xfe",isDir=true) -> real(0,mapper: invalid name) oracle(0,mapper: invalid name)
op=34 Add(parent=1,src="c z y_",isDir=true) -> real(0,mapper: parent does not exist or is not a directory) oracle(0,mapper: parent does not exist or is not a directory)
op=35 Remove(parent=1,src="z\"c<_XY:AzcyBXXC.") -> real(mapper: entry not found) oracle(mapper: entry not found)
op=36 Add(parent=4,src="|Xac.ax Y<*",isDir=true) -> real(9,nil) oracle(9,nil)
op=37 Remove(parent=3,src=".XXY>%B\"Z\\zc_yzy") -> real(mapper: entry not found) oracle(mapper: entry not found)
op=38 Add(parent=1,src="a",isDir=true) -> real(0,mapper: parent does not exist or is not a directory) oracle(0,mapper: parent does not exist or is not a directory)
op=39 Remove(parent=7,src="c%") -> real(mapper: entry not found) oracle(mapper: entry not found)
op=40 Remove(parent=1,src=".|X_\"><Zc.X>X*") -> real(mapper: entry not found) oracle(mapper: entry not found)
op=41 Rename(parent=5,"Z-_*cz.b-<\\%:.z<" -> "B") -> real(mapper: entry not found) oracle(mapper: entry not found)
op=42 Rename(parent=2,"\xff\xfe" -> "|_x-%CzY<Y\\% cz <") -> real(mapper: entry not found) oracle(mapper: entry not found)
op=43 Add(parent=1,src="CON.txt",isDir=false) -> real(0,mapper: parent does not exist or is not a directory) oracle(0,mapper: parent does not exist or is not a directory)
op=44 Rename(parent=5,"?: -Y<Y" -> "\"") -> real(mapper: entry not found) oracle(mapper: entry not found)
op=45 Add(parent=3,src="|>a.Y好b_ yy.__CC:Aabx*Z",isDir=false) -> real(10,nil) oracle(10,nil)
op=46 Add(parent=4,src="<*CY好éy \"Z>AY",isDir=false) -> real(11,nil) oracle(11,nil)
op=47 Rename(parent=3,"Yy?" -> "B|\"z*\\ ?") -> real(nil) oracle(nil)
op=48 Add(parent=8,src="<\\ \"X %z%*_zCz>x<.?-y<",isDir=false) -> real(0,mapper: mapped path exceeds MaxPath) oracle(0,mapper: mapped path exceeds MaxPath)
op=49 Add(parent=0,src="y_cbyY?y-好éxBZx",isDir=true) -> real(12,nil) oracle(12,nil)
## config MaxBytes=27 MaxPath=75 MaxEntries=12
op=0 Add(parent=0,src="B|z\\AAyC?CX",isDir=false) -> real(1,nil) oracle(1,nil)
op=1 Add(parent=0,src="zc >X?a\"Y:",isDir=false) -> real(2,nil) oracle(2,nil)
op=2 Rename(parent=0,"B|z\\AAyC?CX" -> "a\x00b") -> real(mapper: invalid name) oracle(mapper: invalid name)
op=3 Add(parent=0,src="a\x00b",isDir=false) -> real(0,mapper: invalid name) oracle(0,mapper: invalid name)
op=4 Add(parent=0,src="CON.txt",isDir=false) -> real(3,nil) oracle(3,nil)
op=5 Add(parent=0,src="a\x00b",isDir=true) -> real(0,mapper: invalid name) oracle(0,mapper: invalid name)
op=6 Rename(parent=0,"y\\%*|c>x?.%::bc Ccx" -> "%<X|cB-Az* X:") -> real(mapper: entry not found) oracle(mapper: entry not found)
op=7 Add(parent=0,src="XACcaC.aC\\:Ab?.-",isDir=false) -> real(4,nil) oracle(4,nil)
op=8 Remove(parent=0,src="B|z\\AAyC?CX") -> real(nil) oracle(nil)
op=9 Add(parent=0,src="%cA.a*\\A ",isDir=true) -> real(5,nil) oracle(5,nil)
op=10 Add(parent=5,src="B",isDir=true) -> real(6,nil) oracle(6,nil)
op=11 Remove(parent=0,src="<:Xx-CyaZ\"-") -> real(mapper: entry not found) oracle(mapper: entry not found)
op=12 Remove(parent=6,src=">xc-\\c好*\"") -> real(mapper: entry not found) oracle(mapper: entry not found)
op=13 Rename(parent=0,"CON.txt" -> ">- \"BzzCX") -> real(nil) oracle(nil)
op=14 Rename(parent=0,"XACcaC.aC\\:Ab?.-" -> "y:b>_:B") -> real(nil) oracle(nil)
op=15 Add(parent=6,src="xB:>Z>:XX",isDir=true) -> real(7,nil) oracle(7,nil)
op=16 Add(parent=6,src="X",isDir=true) -> real(8,nil) oracle(8,nil)
op=17 Add(parent=5,src="x_\\x |-c%Z \"BbZ z.%\"",isDir=false) -> real(9,nil) oracle(9,nil)
op=18 Add(parent=8,src="C-A<_ABAXcbA\\<-A_?zaBB",isDir=true) -> real(10,nil) oracle(10,nil)
op=19 Add(parent=6,src="*|YcB:ZbCb_b%x?C><YB?\\a%",isDir=false) -> real(11,nil) oracle(11,nil)
op=20 Rename(parent=5,"B" -> "xx b*Z") -> real(nil) oracle(nil)
op=21 Add(parent=5,src="a/b",isDir=true) -> real(0,mapper: invalid name) oracle(0,mapper: invalid name)
op=22 Add(parent=8,src="*cc\\%aBYCX%ca<*|:XC",isDir=false) -> real(12,nil) oracle(12,nil)
op=23 Remove(parent=8,src="*cc\\%aBYCX%ca<*|:XC") -> real(nil) oracle(nil)
op=24 Remove(parent=10,src=".qqqqqqqq") -> real(mapper: entry not found) oracle(mapper: entry not found)
op=25 Rename(parent=0,"zc >X?a\"Y:" -> "lpt3") -> real(nil) oracle(nil)
op=26 Rename(parent=6,"|x" -> ".qqqqqqqqqqqqqqqqqqqqq") -> real(mapper: entry not found) oracle(mapper: entry not found)
op=27 Add(parent=10,src="?xA*",isDir=false) -> real(13,nil) oracle(13,nil)
op=28 Add(parent=0,src="yCy%xBcyy\"_\"b",isDir=true) -> real(14,nil) oracle(14,nil)
op=29 Remove(parent=6,src="X") -> real(mapper: directory is not empty) oracle(mapper: directory is not empty)
op=30 Add(parent=14,src="nul.txt",isDir=true) -> real(15,nil) oracle(15,nil)
op=31 Rename(parent=5,"x_\\x |-c%Z \"BbZ z.%\"" -> ":C-yyC\"<*") -> real(nil) oracle(nil)
op=32 Add(parent=8,src="aBac%x:X",isDir=true) -> real(16,nil) oracle(16,nil)
op=33 Add(parent=14,src="|",isDir=true) -> real(17,nil) oracle(17,nil)
op=34 Add(parent=16,src="A.%X_x?za:Y.a-_-ba",isDir=false) -> real(18,nil) oracle(18,nil)
op=35 Add(parent=14,src="-x_yyzX C-C:-y\"- ",isDir=true) -> real(19,nil) oracle(19,nil)
op=36 Rename(parent=0,"lpt3" -> "yyzByax:XA%X<xZ:  b") -> real(nil) oracle(nil)
op=37 Add(parent=17,src="c*A:A%-zzc好|Az-:_c>\"B. ",isDir=false) -> real(20,nil) oracle(20,nil)
op=38 Remove(parent=14,src="-x\"b:._<:bC-cYcb:") -> real(mapper: entry not found) oracle(mapper: entry not found)
op=39 Rename(parent=8,"C-A<_ABAXcbA\\<-A_?zaBB" -> "\"%\\- xZ>-CYX\\?") -> real(nil) oracle(nil)
op=40 Rename(parent=5,":C-yyC\"<*" -> "XA.XX-C éz*zX|xAxC") -> real(nil) oracle(nil)
op=41 Add(parent=10,src="x\"*Zz*ZzyXc",isDir=false) -> real(21,nil) oracle(21,nil)
op=42 Remove(parent=0,src="%cA.a*\\A ") -> real(mapper: directory is not empty) oracle(mapper: directory is not empty)
op=43 Add(parent=0,src="<x?%Zc|*",isDir=true) -> real(22,nil) oracle(22,nil)
op=44 Rename(parent=14,"_a_x%C\":%*|好bb.好<-<ay" -> "y.z.\\._aA") -> real(mapper: entry not found) oracle(mapper: entry not found)
op=45 Rename(parent=19,"B%b>.:%<z|" -> ">B") -> real(mapper: entry not found) oracle(mapper: entry not found)
op=46 Rename(parent=5,"XA.XX-C éz*zX|xAxC" -> ".qqqqqqqqqqqqqqqqq") -> real(nil) oracle(nil)
op=47 Add(parent=7,src="z",isDir=true) -> real(23,nil) oracle(23,nil)
op=48 Add(parent=7,src=".qqqqqq",isDir=true) -> real(24,nil) oracle(24,nil)
op=49 Rename(parent=17,"y?\\XA__a.x|>." -> "\"\"|z:|y%C") -> real(mapper: entry not found) oracle(mapper: entry not found)
## config MaxBytes=38 MaxPath=95 MaxEntries=25
op=0 Remove(parent=0,src="\\yyBB:") -> real(mapper: entry not found) oracle(mapper: entry not found)
op=1 Rename(parent=0,">y\"Z%cc>>.<_x\\bbc\">Z\"" -> "a/b") -> real(mapper: invalid name) oracle(mapper: invalid name)
op=2 Add(parent=0,src="zA\\yA%y:% -\"byYy>y<%aa_",isDir=false) -> real(1,nil) oracle(1,nil)
op=3 Remove(parent=0,src="zA\\yA%y:% -\"byYy>y<%aa_") -> real(nil) oracle(nil)
op=4 Rename(parent=0,">\\BZB B|X:\"A\\é%cYxZ-:-é" -> ".Y_?<b") -> real(mapper: entry not found) oracle(mapper: entry not found)
op=5 Add(parent=0,src=">?AcB-_Ax-|>Bc.aBxZ",isDir=true) -> real(2,nil) oracle(2,nil)
op=6 Add(parent=0,src="-yXb\\*:<Xc\\\\?.yY",isDir=false) -> real(3,nil) oracle(3,nil)
op=7 Add(parent=2,src="%x>.A? ",isDir=true) -> real(4,nil) oracle(4,nil)
op=8 Remove(parent=2,src="\xff\xfe") -> real(mapper: entry not found) oracle(mapper: entry not found)
op=9 Add(parent=0,src="a\x00b",isDir=false) -> real(0,mapper: invalid name) oracle(0,mapper: invalid name)
op=10 Add(parent=0,src="AABz X",isDir=false) -> real(5,nil) oracle(5,nil)
op=11 Rename(parent=4,"Aux" -> "|_\\??") -> real(mapper: entry not found) oracle(mapper: entry not found)
op=12 Add(parent=0,src="y_YA",isDir=true) -> real(6,nil) oracle(6,nil)
op=13 Add(parent=2,src=".qqqqq",isDir=false) -> real(7,nil) oracle(7,nil)
op=14 Remove(parent=4,src="\"\\B:>>.>Z") -> real(mapper: entry not found) oracle(mapper: entry not found)
op=15 Rename(parent=6,"z|  X" -> "Y") -> real(mapper: entry not found) oracle(mapper: entry not found)
op=16 Rename(parent=6,"a/b" -> "é_Z<>zbé\" Xc\\é好c%") -> real(mapper: entry not found) oracle(mapper: entry not found)
op=17 Add(parent=6,src="Aux.txt",isDir=true) -> real(8,nil) oracle(8,nil)
op=18 Add(parent=0,src=">x*yYz|BZ\"<.*\"",isDir=true) -> real(9,nil) oracle(9,nil)
op=19 Remove(parent=2,src="cAX\":x_Z*:") -> real(mapper: entry not found) oracle(mapper: entry not found)
op=20 Add(parent=0,src="lpt3",isDir=false) -> real(10,nil) oracle(10,nil)
op=21 Add(parent=2,src="|y ?B%ACBé-c\\yC> _Z>c",isDir=true) -> real(11,nil) oracle(11,nil)
op=22 Add(parent=9,src="a\x00b",isDir=true) -> real(0,mapper: invalid name) oracle(0,mapper: invalid name)
op=23 Rename(parent=9,"|C:CXC|:YbA|cC>->\\.Y" -> "*Z*yBA%BZ_CZ:_Aa-|*X-|X") -> real(mapper: entry not found) oracle(mapper: entry not found)
op=24 Add(parent=4,src=":C..*X|yY",isDir=false) -> real(12,nil) oracle(12,nil)
op=25 Add(parent=0,src="lpt3.txt",isDir=false) -> real(13,nil) oracle(13,nil)
op=26 Remove(parent=0,src="lpt3") -> real(nil) oracle(nil)
op=27 Add(parent=9,src=">BX\\|>\"|Y\\Xé好CZ>z?\\z?好",isDir=true) -> real(14,nil) oracle(14,nil)
op=28 Rename(parent=11,"C\":*B|%X%| ZbC<x%%-Yz: " -> "lpt3.txt") -> real(mapper: entry not found) oracle(mapper: entry not found)
op=29 Add(parent=2,src="\xff\xfe",isDir=true) -> real(0,mapper: invalid name) oracle(0,mapper: invalid name)
op=30 Add(parent=8,src="b\\?|Z-Zc\" b<%_<|a?AYa\">",isDir=true) -> real(15,nil) oracle(15,nil)
op=31 Remove(parent=14,src="c\\B>Z*Z:bz") -> real(mapper: entry not found) oracle(mapper: entry not found)
op=32 Add(parent=8,src="a\x00b",isDir=true) -> real(0,mapper: invalid name) oracle(0,mapper: invalid name)
op=33 Rename(parent=15,"lpt3.txt" -> "\"Zzxx*az?") -> real(mapper: entry not found) oracle(mapper: entry not found)
op=34 Add(parent=8,src="\xff\xfe",isDir=false) -> real(0,mapper: invalid name) oracle(0,mapper: invalid name)
op=35 Add(parent=4,src=">",isDir=true) -> real(16,nil) oracle(16,nil)
op=36 Add(parent=8,src="-好",isDir=false) -> real(17,nil) oracle(17,nil)
op=37 Add(parent=6,src=".qqqqqqqqqqqqqqqqqq",isDir=true) -> real(18,nil) oracle(18,nil)
op=38 Add(parent=15,src="<yA_bB:Bb-a\".bb*X*czyx",isDir=false) -> real(19,nil) oracle(19,nil)
op=39 Rename(parent=16,"ay%Z_Xz<A>*C_a_Y?*" -> "C\"BZZ-b<x-<\\z a") -> real(mapper: entry not found) oracle(mapper: entry not found)
op=40 Rename(parent=14,"a/b" -> "B-A->y?") -> real(mapper: entry not found) oracle(mapper: entry not found)
op=41 Rename(parent=0,"%*-Yx>\\X\"b|x" -> "Z|X.acBY>?Y>y:") -> real(mapper: entry not found) oracle(mapper: entry not found)
op=42 Add(parent=11,src="*-",isDir=true) -> real(20,nil) oracle(20,nil)
op=43 Remove(parent=0,src=">x*yYz|BZ\"<.*\"") -> real(mapper: directory is not empty) oracle(mapper: directory is not empty)
op=44 Add(parent=16,src="ZX.? :*_y\\",isDir=true) -> real(21,nil) oracle(21,nil)
op=45 Add(parent=21,src="bZ|YZ<xBa>>A\"",isDir=true) -> real(22,nil) oracle(22,nil)
op=46 Rename(parent=20,"xaCyy" -> "-\\zbzAX.x*A.x") -> real(mapper: entry not found) oracle(mapper: entry not found)
op=47 Rename(parent=11,"Y" -> "好Bz\\cc a<%Za>?.") -> real(mapper: entry not found) oracle(mapper: entry not found)
op=48 Add(parent=21,src="|",isDir=false) -> real(23,nil) oracle(23,nil)
op=49 Add(parent=21,src="lpt3",isDir=false) -> real(24,nil) oracle(24,nil)
## config MaxBytes=52 MaxPath=110 MaxEntries=12
op=0 Rename(parent=0,"-\\?" -> "|YxYbA_ *:<*zzz-") -> real(mapper: entry not found) oracle(mapper: entry not found)
op=1 Rename(parent=0,"_*||xYA" -> "c%YbBZ|A*") -> real(mapper: entry not found) oracle(mapper: entry not found)
op=2 Add(parent=0,src="c*%-好ac好\"A?éY \\a",isDir=false) -> real(1,nil) oracle(1,nil)
op=3 Add(parent=0,src="AYZb< b",isDir=false) -> real(2,nil) oracle(2,nil)
op=4 Add(parent=0,src=".qqqqqqqq",isDir=false) -> real(3,nil) oracle(3,nil)
op=5 Remove(parent=0,src=".qqqqqqqq") -> real(nil) oracle(nil)
op=6 Add(parent=0,src="**%:|Y>.",isDir=false) -> real(4,nil) oracle(4,nil)
op=7 Rename(parent=0,"c*%-好ac好\"A?éY \\a" -> "Z?") -> real(nil) oracle(nil)
op=8 Rename(parent=0,"AYZb< b" -> ":x|y>Zx> x|y") -> real(nil) oracle(nil)
op=9 Add(parent=0,src=".con.txt",isDir=true) -> real(5,nil) oracle(5,nil)
op=10 Add(parent=5,src="好xX Y?-\\*x\".cZ:好?%caé-",isDir=false) -> real(6,nil) oracle(6,nil)
op=11 Add(parent=0,src="CON",isDir=false) -> real(7,nil) oracle(7,nil)
op=12 Add(parent=5,src=" ::_\\*<B|>y|.:\\>.",isDir=true) -> real(8,nil) oracle(8,nil)
op=13 Rename(parent=8,"Z好:éaéXéax" -> ".qqqqqqqqqqqqqqqqqqqqqqqqqq") -> real(mapper: entry not found) oracle(mapper: entry not found)
op=14 Add(parent=5,src="CON",isDir=false) -> real(9,nil) oracle(9,nil)
op=15 Remove(parent=5,src=" ::_\\*<B|>y|.:\\>.") -> real(nil) oracle(nil)
op=16 Rename(parent=0,"**%:|Y>." -> ".qqqqqqqqqqqqqqqqqqqqq") -> real(nil) oracle(nil)
op=17 Add(parent=5,src="Aux.txt",isDir=true) -> real(10,nil) oracle(10,nil)
op=18 Rename(parent=8,"Ax?>*z>X--x\"%cYb<" -> "z") -> real(mapper: entry not found) oracle(mapper: entry not found)
op=19 Remove(parent=8,src="C-xcYy..>*bBZ|") -> real(mapper: entry not found) oracle(mapper: entry not found)
op=20 Remove(parent=8,src="-x%|y-A") -> real(mapper: entry not found) oracle(mapper: entry not found)
op=21 Add(parent=5,src="ya",isDir=true) -> real(11,nil) oracle(11,nil)
op=22 Add(parent=5,src=".qqqqqqqqqqqqqqqqqqqqqqqqqqqqqq",isDir=false) -> real(12,nil) oracle(12,nil)
op=23 Add(parent=0,src="<y*a\\\\y zY>XB好:>好",isDir=true) -> real(13,nil) oracle(13,nil)
op=24 Remove(parent=10,src="CON") -> real(mapper: entry not found) oracle(mapper: entry not found)
op=25 Rename(parent=10,"zyxb>::A?_zéyZ\\" -> "\\>%?yZ*C.-\"xb c<%Y\"xa>") -> real(mapper: entry not found) oracle(mapper: entry not found)
op=26 Rename(parent=5,"好xX Y?-\\*x\".cZ:好?%caé-" -> ".qqqqqqqqqqqqqqqqq") -> real(nil) oracle(nil)
op=27 Add(parent=11,src="lpt3.txt",isDir=true) -> real(14,nil) oracle(14,nil)
op=28 Remove(parent=10,src=".xcXxac:::\":%>ab\"ba_") -> real(mapper: entry not found) oracle(mapper: entry not found)
op=29 Add(parent=8,src="\\x bY>\".<?\".>|B.Yz",isDir=true) -> real(0,mapper: parent does not exist or is not a directory) oracle(0,mapper: parent does not exist or is not a directory)
op=30 Rename(parent=10,"\xff\xfe" -> ".con.txt") -> real(mapper: entry not found) oracle(mapper: entry not found)
op=31 Add(parent=5,src="b|.xZ\\ a-",isDir=true) -> real(15,nil) oracle(15,nil)
op=32 Add(parent=5,src="Aux.txt",isDir=false) -> real(0,mapper: source name already exists) oracle(0,mapper: source name already exists)
op=33 Remove(parent=14,src="_>.- >.Y>") -> real(mapper: entry not found) oracle(mapper: entry not found)
op=34 Add(parent=8,src=".qqqqqqqqqqq",isDir=true) -> real(0,mapper: parent does not exist or is not a directory) oracle(0,mapper: parent does not exist or is not a directory)
op=35 Add(parent=8,src="*--Z\\c y.:ybb:Yz好 %x",isDir=true) -> real(0,mapper: parent does not exist or is not a directory) oracle(0,mapper: parent does not exist or is not a directory)
op=36 Rename(parent=15,"az%a:baX-z*Yz--X<" -> ">BxzcB") -> real(mapper: entry not found) oracle(mapper: entry not found)
op=37 Add(parent=5,src="-",isDir=false) -> real(16,nil) oracle(16,nil)
op=38 Add(parent=11,src=" Bc.?\"A",isDir=true) -> real(17,nil) oracle(17,nil)
op=39 Add(parent=8,src="zc>x_ax_\"?c%..CyBxxxABZZ",isDir=false) -> real(0,mapper: parent does not exist or is not a directory) oracle(0,mapper: parent does not exist or is not a directory)
op=40 Rename(parent=17,"xCZ ?YxYCB<z" -> "Y\"\\A>.ac\\\\_._%?:XxB<Y") -> real(mapper: entry not found) oracle(mapper: entry not found)
op=41 Remove(parent=11,src="lpt3.txt") -> real(nil) oracle(nil)
op=42 Rename(parent=17,":AYé<:x%<:\\Xa<Czb<Z%?Y>é" -> "Prn.9.txt") -> real(mapper: entry not found) oracle(mapper: entry not found)
op=43 Add(parent=0,src=".qqqqqqqqqqqqqq",isDir=true) -> real(18,nil) oracle(18,nil)
op=44 Rename(parent=13,"éy好cz.%." -> "Bx<:aY%bc-xyY:c-XYx>\"\"%*") -> real(mapper: entry not found) oracle(mapper: entry not found)
op=45 Rename(parent=10,"B|cC\"%YyC>%\"Ca" -> "") -> real(mapper: invalid name) oracle(mapper: invalid name)
op=46 Rename(parent=11," Bc.?\"A" -> "\xff\xfe") -> real(mapper: invalid name) oracle(mapper: invalid name)
op=47 Rename(parent=0,"Z?" -> "*XA||z<Ya%x:\">zzzy >") -> real(nil) oracle(nil)
op=48 Add(parent=15,src=">%\"%aC>-Zé>YbcA_",isDir=true) -> real(19,nil) oracle(19,nil)
op=49 Add(parent=13,src="_Z\\zyyZ>Z",isDir=true) -> real(20,nil) oracle(20,nil)
## config MaxBytes=32 MaxPath=96 MaxEntries=30
op=0 Add(parent=0,src="Z好.Cc好<yZ:",isDir=false) -> real(1,nil) oracle(1,nil)
op=1 Add(parent=0,src="*<ZzCAy..A<?B_>",isDir=true) -> real(2,nil) oracle(2,nil)
op=2 Add(parent=0,src="cZ>",isDir=true) -> real(3,nil) oracle(3,nil)
op=3 Add(parent=0,src="Ay?\"ZBxC%<**_xbZ",isDir=false) -> real(4,nil) oracle(4,nil)
op=4 Rename(parent=3,".qqqqqqqqqqq" -> "<yyABZ") -> real(mapper: entry not found) oracle(mapper: entry not found)
op=5 Add(parent=3,src="YZC.? z>Y",isDir=true) -> real(5,nil) oracle(5,nil)
op=6 Rename(parent=3,"YZC.? z>Y" -> "Az_?y?>*Y:%ZyX?byYABB") -> real(nil) oracle(nil)
op=7 Rename(parent=2,"*:<*\\:azCa_xc*%B_" -> "z%%BXb-a*>") -> real(mapper: entry not found) oracle(mapper: entry not found)
op=8 Add(parent=3,src="C:",isDir=true) -> real(6,nil) oracle(6,nil)
op=9 Add(parent=0,src="|*a|",isDir=true) -> real(7,nil) oracle(7,nil)
op=10 Add(parent=7,src="cz%.",isDir=true) -> real(8,nil) oracle(8,nil)
op=11 Remove(parent=0,src="Ay?\"ZBxC%<**_xbZ") -> real(nil) oracle(nil)
op=12 Remove(parent=2,src=" ?\\éc?y*b*yéYb") -> real(mapper: entry not found) oracle(mapper: entry not found)
op=13 Rename(parent=0,"xYzx ?bX-xYXA_:|?A\"__Bxy" -> "_A|bXz?\\:") -> real(mapper: entry not found) oracle(mapper: entry not found)
op=14 Add(parent=0,src="A% _%C.A>yxZb><->_ %<Z",isDir=true) -> real(9,nil) oracle(9,nil)
op=15 Remove(parent=8,src="c\\ a?-B:\">\\_>xY") -> real(mapper: entry not found) oracle(mapper: entry not found)
op=16 Rename(parent=5,":ZB:X CX:.X" -> "Aux.txt") -> real(mapper: entry not found) oracle(mapper: entry not found)
op=17 Add(parent=5,src=" -yCa\\aab\\Ab?\\.\". XZ",isDir=true) -> real(10,nil) oracle(10,nil)
op=18 Add(parent=7,src="<xc?cYc",isDir=true) -> real(11,nil) oracle(11,nil)
op=19 Remove(parent=10,src="bZ:好\"yB-B?\\*\"ZyX ") -> real(mapper: entry not found) oracle(mapper: entry not found)
op=20 Rename(parent=0,"Z好.Cc好<yZ:" -> "b-.%:?>b*_*Y.C\"") -> real(nil) oracle(nil)
op=21 Add(parent=7,src="?xy>b<",isDir=false) -> real(12,nil) oracle(12,nil)
op=22 Remove(parent=6,src=" é?cé\"\"") -> real(mapper: entry not found) oracle(mapper: entry not found)
op=23 Remove(parent=7,src="lpt3.txt") -> real(mapper: entry not found) oracle(mapper: entry not found)
op=24 Remove(parent=8,src="%*||BY?:AéZy|aézC:c<好>?A") -> real(mapper: entry not found) oracle(mapper: entry not found)
op=25 Rename(parent=2,"C*\"é*-XbA.?Y\"X" -> "z|y|Y \\|<?|A") -> real(mapper: entry not found) oracle(mapper: entry not found)
op=26 Remove(parent=5,src=" -yCa\\aab\\Ab?\\.\". XZ") -> real(nil) oracle(nil)
op=27 Add(parent=9,src="好é_.%<<.*.Y c.y?X?",isDir=true) -> real(13,nil) oracle(13,nil)
op=28 Add(parent=3,src="-bcAY?-c<\\AA:XzcX|*",isDir=false) -> real(14,nil) oracle(14,nil)
op=29 Remove(parent=6,src="\xff\xfe") -> real(mapper: entry not found) oracle(mapper: entry not found)
op=30 Remove(parent=2,src="_CzXyy:C _YAz.\\Z") -> real(mapper: entry not found) oracle(mapper: entry not found)
op=31 Add(parent=8,src="a/b",isDir=false) -> real(0,mapper: invalid name) oracle(0,mapper: invalid name)
op=32 Rename(parent=3,"Cab% yY YZb:?-|\\:>" -> "\\*b*x<XBbx\\: Zx><<z") -> real(mapper: entry not found) oracle(mapper: entry not found)
op=33 Add(parent=0,src="",isDir=true) -> real(0,mapper: invalid name) oracle(0,mapper: invalid name)
op=34 Add(parent=8,src="Yza\"X",isDir=false) -> real(15,nil) oracle(15,nil)
op=35 Rename(parent=10,"\"b?\\|? .\\zZ?" -> "-< Xé<Z\">ZX:| >|*X*") -> real(mapper: entry not found) oracle(mapper: entry not found)
op=36 Add(parent=3,src="a/b",isDir=false) -> real(0,mapper: invalid name) oracle(0,mapper: invalid name)
op=37 Add(parent=6,src="\\\\xX\\C<zAc|\\bA<>",isDir=false) -> real(16,nil) oracle(16,nil)
op=38 Add(parent=9,src=".qqqqqqqq",isDir=false) -> real(17,nil) oracle(17,nil)
op=39 Add(parent=3,src="_|a:%.\\z.y\"A-*é<>>*%c é",isDir=true) -> real(18,nil) oracle(18,nil)
op=40 Add(parent=10,src="*Z<\\|:yaZB-Y.é",isDir=true) -> real(0,mapper: parent does not exist or is not a directory) oracle(0,mapper: parent does not exist or is not a directory)
op=41 Remove(parent=3,src=".<B%\\-::B") -> real(mapper: entry not found) oracle(mapper: entry not found)
op=42 Rename(parent=8,"Yza\"X" -> ":*é:|**:?X.%Ac\\Ayb>:|xY") -> real(nil) oracle(nil)
op=43 Add(parent=7,src="ZaBY-?Z好z_X_x\\B",isDir=false) -> real(19,nil) oracle(19,nil)
op=44 Rename(parent=3,"a?>A|YX|好" -> ".qqqqqqqqqqqqq") -> real(mapper: entry not found) oracle(mapper: entry not found)
op=45 Add(parent=11,src="z-y_bB",isDir=false) -> real(20,nil) oracle(20,nil)
op=46 Add(parent=18,src="Zyx?.>A-<:X\\<",isDir=true) -> real(21,nil) oracle(21,nil)
op=47 Remove(parent=11,src="z-y_bB") -> real(nil) oracle(nil)
op=48 Remove(parent=8,src="%%<<x|za-bZxc- xCxy\\\"ba") -> real(mapper: entry not found) oracle(mapper: entry not found)
op=49 Rename(parent=0,":?A>\\X\"cY好*>yX_%x_<XA>" -> "CyCc%") -> real(mapper: entry not found) oracle(mapper: entry not found)
## config MaxBytes=37 MaxPath=88 MaxEntries=32
op=0 Rename(parent=0,"" -> "") -> real(mapper: invalid name) oracle(mapper: invalid name)
op=1 Add(parent=0,src="\xff\xfe",isDir=true) -> real(0,mapper: invalid name) oracle(0,mapper: invalid name)
op=2 Remove(parent=0,src="- xx好: y好 :z<b:zc ") -> real(mapper: entry not found) oracle(mapper: entry not found)
op=3 Remove(parent=0,src="好cX-X Xé*C") -> real(mapper: entry not found) oracle(mapper: entry not found)
op=4 Remove(parent=0,src="BCy?y*\"YaA_aa zx") -> real(mapper: entry not found) oracle(mapper: entry not found)
op=5 Add(parent=0,src="<__<z|bX%\\Y<",isDir=true) -> real(1,nil) oracle(1,nil)
op=6 Remove(parent=1,src="Prn.9.txt") -> real(mapper: entry not found) oracle(mapper: entry not found)
op=7 Add(parent=0,src=":%%.>y<%好\"",isDir=true) -> real(2,nil) oracle(2,nil)
op=8 Add(parent=0,src="\xff\xfe",isDir=true) -> real(0,mapper: invalid name) oracle(0,mapper: invalid name)
op=9 Add(parent=1,src="-| y",isDir=false) -> real(3,nil) oracle(3,nil)
op=10 Rename(parent=2,"> Y" -> "CON") -> real(mapper: entry not found) oracle(mapper: entry not found)
op=11 Add(parent=0,src=".qqqqqqqqqqqqqqqqqqqqqqqqqqqqqqqqq",isDir=true) -> real(4,nil) oracle(4,nil)
op=12 Add(parent=1,src="A\"bB>Z--",isDir=false) -> real(5,nil) oracle(5,nil)
op=13 Rename(parent=4,"B\\A*bc%Ab" -> "Z*<ac好é\\\\Xbz?好Xx xA<") -> real(mapper: entry not found) oracle(mapper: entry not found)
op=14 Rename(parent=4,"x B:zYa.*%yC?\\\"x*\\zB|" -> " \\zaa*<C") -> real(mapper: entry not found) oracle(mapper: entry not found)
op=15 Rename(parent=1,"-| y" -> ":_é\"<.??é_Yz_%éAcéé") -> real(nil) oracle(nil)
op=16 Rename(parent=4,"%YxX_\">-|:*." -> "a\x00b") -> real(mapper: invalid name) oracle(mapper: invalid name)
op=17 Add(parent=4,src=".qqqqqqqqqqqqqqqqqqqqq",isDir=false) -> real(6,nil) oracle(6,nil)
op=18 Add(parent=1,src="\\A:.A*>*ZbBX>Zy\\_|",isDir=false) -> real(7,nil) oracle(7,nil)
op=19 Add(parent=0,src="_A?Yzz",isDir=true) -> real(8,nil) oracle(8,nil)
op=20 Rename(parent=0,".qqqqqqqqqqqqqqqqqqqqqqqqqqqqqqqqq" -> "a>->B>|ZYZ%%YyCyA_X :") -> real(nil) oracle(nil)
op=21 Remove(parent=1,src="\\A:.A*>*ZbBX>Zy\\_|") -> real(nil) oracle(nil)
op=22 Add(parent=4,src="y>X<?%<\"?zz*_B",isDir=false) -> real(9,nil) oracle(9,nil)
op=23 Rename(parent=2,".con" -> "y>") -> real(mapper: entry not found) oracle(mapper: entry not found)
op=24 Remove(parent=2,src="A\".:\" Bz\\:c??Z|<_:好a<ééé") -> real(mapper: entry not found) oracle(mapper: entry not found)
op=25 Rename(parent=1,":_é\"<.??é_Yz_%éAcéé" -> "xbC") -> real(nil) oracle(nil)
op=26 Remove(parent=4,src=".qqqqqqqqqqqqqqqqqqqqq") -> real(nil) oracle(nil)
op=27 Remove(parent=1,src="好a\"AZ好\\.<A?xx:*X?") -> real(mapper: entry not found) oracle(mapper: entry not found)
op=28 Rename(parent=8,"Aux.txt" -> "?AZ>|>Ac\"baAzy:?a%.\"") -> real(mapper: entry not found) oracle(mapper: entry not found)
op=29 Add(parent=4,src=">XBC?",isDir=false) -> real(10,nil) oracle(10,nil)
op=30 Rename(parent=0,":%%.>y<%好\"" -> "") -> real(mapper: invalid name) oracle(mapper: invalid name)
op=31 Remove(parent=2,src="yA%c..y-.<%yB-|\"\"\\_C ") -> real(mapper: entry not found) oracle(mapper: entry not found)
op=32 Add(parent=1,src="*.yé|-\\_:<\\é好Yz-|CC\\?",isDir=true) -> real(11,nil) oracle(11,nil)
op=33 Rename(parent=11,".qqqqqqqqqqqqqqqqqqqqqqqq" -> ".con") -> real(mapper: entry not found) oracle(mapper: entry not found)
op=34 Add(parent=4,src="_YXc>",isDir=false) -> real(12,nil) oracle(12,nil)
op=35 Add(parent=2,src="好C.%yéB好c> ",isDir=true) -> real(13,nil) oracle(13,nil)
op=36 Remove(parent=13,src="|") -> real(mapper: entry not found) oracle(mapper: entry not found)
op=37 Remove(parent=13,src="aYXBa\"-<") -> real(mapper: entry not found) oracle(mapper: entry not found)
op=38 Rename(parent=11,"\"\\?cA%|YX" -> "yAC>C.yXa?") -> real(mapper: entry not found) oracle(mapper: entry not found)
op=39 Add(parent=11,src="C.XX:c",isDir=true) -> real(14,nil) oracle(14,nil)
op=40 Add(parent=8,src="*Y|>.AaX.Y<x",isDir=false) -> real(15,nil) oracle(15,nil)
op=41 Add(parent=13,src=".con.txt",isDir=false) -> real(16,nil) oracle(16,nil)
op=42 Add(parent=1,src="xCzéA<.",isDir=false) -> real(17,nil) oracle(17,nil)
op=43 Add(parent=0,src="\"*xYa",isDir=true) -> real(18,nil) oracle(18,nil)
op=44 Remove(parent=14,src="xZ:>|_ z_aé\"|:") -> real(mapper: entry not found) oracle(mapper: entry not found)
op=45 Add(parent=11,src="zY",isDir=true) -> real(19,nil) oracle(19,nil)
op=46 Rename(parent=14,".qqqqqqqqqqqqqqqqqqqqq" -> "\xff\xfe") -> real(mapper: invalid name) oracle(mapper: invalid name)
op=47 Add(parent=19,src="|x\\XA好a\".*yz\\ABz\"?BX%",isDir=false) -> real(0,mapper: mapped path exceeds MaxPath) oracle(0,mapper: mapped path exceeds MaxPath)
op=48 Rename(parent=2,"" -> "A ") -> real(mapper: entry not found) oracle(mapper: entry not found)
op=49 Remove(parent=14,src="lpt3") -> real(mapper: entry not found) oracle(mapper: entry not found)
## config MaxBytes=53 MaxPath=54 MaxEntries=9
op=0 Remove(parent=0,src="z*X-Y|bCB||*y_\\-") -> real(mapper: entry not found) oracle(mapper: entry not found)
op=1 Rename(parent=0,"" -> "xB%.xccxY") -> real(mapper: entry not found) oracle(mapper: entry not found)
op=2 Remove(parent=0,src="Zc?yZ?C\\czy<Zcx好ybXX:") -> real(mapper: entry not found) oracle(mapper: entry not found)
op=3 Add(parent=0,src=">-?>\"AA_\\z",isDir=false) -> real(1,nil) oracle(1,nil)
op=4 Rename(parent=0,">-?>\"AA_\\z" -> "bx%:") -> real(nil) oracle(nil)
op=5 Rename(parent=0,"bx%:" -> " 好?AZ%Xa.") -> real(nil) oracle(nil)
op=6 Rename(parent=0,"x yXZYACB\"\\C%" -> ".qqqqqqqqqqqqqqqqqqqqqqqqqq") -> real(mapper: entry not found) oracle(mapper: entry not found)
op=7 Add(parent=0,src="?yY%AB.Xa>Cc?<|\\",isDir=true) -> real(2,nil) oracle(2,nil)
op=8 Remove(parent=0,src=" 好?AZ%Xa.") -> real(nil) oracle(nil)
op=9 Add(parent=2,src="<\"x-?B",isDir=false) -> real(3,nil) oracle(3,nil)
op=10 Remove(parent=0,src="?yY%AB.Xa>Cc?<|\\") -> real(mapper: directory is not empty) oracle(mapper: directory is not empty)
op=11 Add(parent=2,src="\xff\xfe",isDir=false) -> real(0,mapper: invalid name) oracle(0,mapper: invalid name)
op=12 Add(parent=2,src=" Y",isDir=false) -> real(4,nil) oracle(4,nil)
op=13 Add(parent=0,src="\xff\xfe",isDir=false) -> real(0,mapper: invalid name) oracle(0,mapper: invalid name)
op=14 Add(parent=0,src="CON.txt",isDir=true) -> real(5,nil) oracle(5,nil)
op=15 Rename(parent=0,"?yY%AB.Xa>Cc?<|\\" -> "*y_:>\"b:X ZZ*c") -> real(nil) oracle(nil)
op=16 Add(parent=2,src=":y*<\".y\"\"\"c>\\A",isDir=false) -> real(0,mapper: mapped path exceeds MaxPath) oracle(0,mapper: mapped path exceeds MaxPath)
op=17 Remove(parent=0,src="nul") -> real(mapper: entry not found) oracle(mapper: entry not found)
op=18 Add(parent=0,src="\xff\xfe",isDir=true) -> real(0,mapper: invalid name) oracle(0,mapper: invalid name)
op=19 Add(parent=2,src=".qqqqqqqqqqqqqqqqqqqqqqqqqqqqq",isDir=true) -> real(0,mapper: mapped path exceeds MaxPath) oracle(0,mapper: mapped path exceeds MaxPath)
op=20 Add(parent=0,src=">zZ\"B:aY:< >?x:A*B|-.::",isDir=false) -> real(6,nil) oracle(6,nil)
op=21 Add(parent=2,src="\xff\xfe",isDir=false) -> real(0,mapper: invalid name) oracle(0,mapper: invalid name)
op=22 Rename(parent=0,">zZ\"B:aY:< >?x:A*B|-.::" -> "zA XZa-A.yZ") -> real(nil) oracle(nil)
op=23 Remove(parent=5,src="ZC:B.<Zaa\"_\\Xzx \"Ba<B?z") -> real(mapper: entry not found) oracle(mapper: entry not found)
op=24 Add(parent=2,src="X:xz?\\y>:%z-XyZ_ac",isDir=false) -> real(0,mapper: mapped path exceeds MaxPath) oracle(0,mapper: mapped path exceeds MaxPath)
op=25 Rename(parent=5,".><azC A-CA-c.z_b?<xxz" -> "_Zc|-c\"Y\\yCbca\"\"-B<%Yb.") -> real(mapper: entry not found) oracle(mapper: entry not found)
op=26 Add(parent=5,src="<z-%",isDir=true) -> real(7,nil) oracle(7,nil)
op=27 Remove(parent=0,src="CON.txt") -> real(mapper: directory is not empty) oracle(mapper: directory is not empty)
op=28 Add(parent=7,src=":X ",isDir=true) -> real(8,nil) oracle(8,nil)
op=29 Rename(parent=5,"<z-%" -> "\"y*|.y_\\X\\:_z?C.") -> real(nil) oracle(nil)
op=30 Add(parent=8,src="B-<|Cac\"xa?>\"a",isDir=false) -> real(0,mapper: mapped path exceeds MaxPath) oracle(0,mapper: mapped path exceeds MaxPath)
op=31 Rename(parent=7,"?X:Az:ab好*Ca|?.Y-" -> ".con") -> real(mapper: entry not found) oracle(mapper: entry not found)
op=32 Rename(parent=5,"b a.A\\CAa|bZ-AXx" -> "a\x00b") -> real(mapper: invalid name) oracle(mapper: invalid name)
op=33 Rename(parent=8,".qqqqqqqqqqqqqqqqqqqqqqqqq" -> ".qqqqqqqqq") -> real(mapper: entry not found) oracle(mapper: entry not found)
op=34 Rename(parent=7,":X " -> ".qqqqqqqqqqqqqqqq") -> real(mapper: mapped path exceeds MaxPath) oracle(mapper: mapped path exceeds MaxPath)
op=35 Add(parent=5,src="\\_b:<y",isDir=false) -> real(9,nil) oracle(9,nil)
op=36 Add(parent=7,src="nul",isDir=true) -> real(10,nil) oracle(10,nil)
op=37 Rename(parent=10,"%*b.?é-B?好." -> "X\":z*?Cc_cA?zc*yBX%?Z*-") -> real(mapper: entry not found) oracle(mapper: entry not found)
op=38 Remove(parent=5,src="\\_b:<y") -> real(nil) oracle(nil)
op=39 Remove(parent=7,src="_*xx") -> real(mapper: entry not found) oracle(mapper: entry not found)
op=40 Add(parent=8,src="c.",isDir=false) -> real(0,mapper: mapped path exceeds MaxPath) oracle(0,mapper: mapped path exceeds MaxPath)
op=41 Add(parent=8,src=".qqqqqqqqqq",isDir=true) -> real(0,mapper: mapped path exceeds MaxPath) oracle(0,mapper: mapped path exceeds MaxPath)
op=42 Add(parent=10,src="a\x00b",isDir=false) -> real(0,mapper: invalid name) oracle(0,mapper: invalid name)
op=43 Add(parent=8,src="|?.\"**CY<<\".b",isDir=true) -> real(0,mapper: mapped path exceeds MaxPath) oracle(0,mapper: mapped path exceeds MaxPath)
op=44 Rename(parent=10,"\\Y%b<" -> ":é c_x") -> real(mapper: entry not found) oracle(mapper: entry not found)
op=45 Rename(parent=5,"\"y*|.y_\\X\\:_z?C." -> "\"") -> real(nil) oracle(nil)
op=46 Add(parent=7,src="\xff\xfe",isDir=false) -> real(0,mapper: invalid name) oracle(0,mapper: invalid name)
op=47 Add(parent=5,src="Cayb..%b--<%yxy<c",isDir=false) -> real(11,nil) oracle(11,nil)
op=48 Remove(parent=7,src="nul") -> real(nil) oracle(nil)
op=49 Remove(parent=0,src=":?Cx\"Z<*_B\\*:?好Z") -> real(mapper: entry not found) oracle(mapper: entry not found)
## config MaxBytes=20 MaxPath=86 MaxEntries=35
op=0 Remove(parent=0,src="") -> real(mapper: entry not found) oracle(mapper: entry not found)
op=1 Rename(parent=0,"\">\\_z*Aé Y_ :_-%cyAba<|Z" -> "a/b") -> real(mapper: invalid name) oracle(mapper: invalid name)
op=2 Add(parent=0,src="_  cxx",isDir=false) -> real(1,nil) oracle(1,nil)
op=3 Add(parent=0,src="\"-C<.YxB*\\%caB",isDir=true) -> real(2,nil) oracle(2,nil)
op=4 Add(parent=2,src=">_|bBAy<a%<C_",isDir=false) -> real(3,nil) oracle(3,nil)
op=5 Rename(parent=0,"\"-C<.YxB*\\%caB" -> "\"-?\"_*B-czc|%xc.Z? <") -> real(nil) oracle(nil)
op=6 Rename(parent=0,"\"-?\"_*B-czc|%xc.Z? <" -> ".qqqqqqqqqqqqqqqqqqqq") -> real(nil) oracle(nil)
op=7 Add(parent=0,src="->yB\"A:Z:%%y**",isDir=true) -> real(4,nil) oracle(4,nil)
op=8 Add(parent=2,src="|.:X<zx:<x|",isDir=true) -> real(5,nil) oracle(5,nil)
op=9 Add(parent=5,src="\\<Y_az<- a Z-_bA\\CYC",isDir=false) -> real(6,nil) oracle(6,nil)
op=10 Add(parent=4,src="nul.txt",isDir=false) -> real(7,nil) oracle(7,nil)
op=11 Remove(parent=2,src=">_|bBAy<a%<C_") -> real(nil) oracle(nil)
op=12 Add(parent=4,src="\xff\xfe",isDir=false) -> real(0,mapper: invalid name) oracle(0,mapper: invalid name)
op=13 Rename(parent=4,"nul.txt" -> "<y><_:cZac_aB<*") -> real(nil) oracle(nil)
op=14 Add(parent=0,src="._bX_zX|bcY>>Y|%a\\",isDir=false) -> real(8,nil) oracle(8,nil)
op=15 Remove(parent=0,src="") -> real(mapper: entry not found) oracle(mapper: entry not found)
op=16 Add(parent=2,src="-?_好B?\\**\"Ay好z?|:",isDir=true) -> real(9,nil) oracle(9,nil)
op=17 Rename(parent=9,"<cb" -> "a:Céz好<<a >?\"Y><X\" -a") -> real(mapper: entry not found) oracle(mapper: entry not found)
op=18 Rename(parent=0,"->yB\"A:Z:%%y**" -> "_|-B>>Ax<:zC>cZ_xy_>\"xX>") -> real(nil) oracle(nil)
op=19 Add(parent=9,src="<c",isDir=false) -> real(10,nil) oracle(10,nil)
op=20 Remove(parent=0,src=".qqqqqqqqqq") -> real(mapper: entry not found) oracle(mapper: entry not found)
op=21 Add(parent=9,src="?b:zxZzb\\A?.:Z?_",isDir=true) -> real(11,nil) oracle(11,nil)
op=22 Add(parent=2,src="_ A\\",isDir=true) -> real(12,nil) oracle(12,nil)
op=23 Remove(parent=4,src="<y><_:cZac_aB<*") -> real(nil) oracle(nil)
op=24 Rename(parent=5,"\\<Y_az<- a Z-_bA\\CYC" -> "CXZ-\\|*y") -> real(nil) oracle(nil)
op=25 Add(parent=12,src="Xéc>xb",isDir=false) -> real(13,nil) oracle(13,nil)
op=26 Rename(parent=11,".con" -> "a/b") -> real(mapper: invalid name) oracle(mapper: invalid name)
op=27 Rename(parent=9,"?b:zxZzb\\A?.:Z?_" -> "<z:*Xx\\Ab|") -> real(nil) oracle(nil)
op=28 Add(parent=4,src="B<?X<:..bYB\"c",isDir=true) -> real(14,nil) oracle(14,nil)
op=29 Add(parent=14,src="%x<.?Ba|a%|\"C",isDir=true) -> real(15,nil) oracle(15,nil)
op=30 Remove(parent=0,src=".qqqqqqqqqqqqqqqqqqqq") -> real(mapper: directory is not empty) oracle(mapper: directory is not empty)
op=31 Rename(parent=11,"\".>|AC*" -> "_-_ccx<\\.XaCX?|.c?%") -> real(mapper: entry not found) oracle(mapper: entry not found)
op=32 Rename(parent=2,"_ A\\" -> "|y:\\_C|\\Y ZC>") -> real(nil) oracle(nil)
op=33 Add(parent=9,src="CA.XZ \"X:ZAA<",isDir=true) -> real(16,nil) oracle(16,nil)
op=34 Add(parent=14,src="",isDir=false) -> real(0,mapper: invalid name) oracle(0,mapper: invalid name)
op=35 Remove(parent=4,src="B<?X<:..bYB\"c") -> real(mapper: directory is not empty) oracle(mapper: directory is not empty)
op=36 Rename(parent=9,"CA.XZ \"X:ZAA<" -> "a/b") -> real(mapper: invalid name) oracle(mapper: invalid name)
op=37 Remove(parent=12,src="Xéc>xb") -> real(nil) oracle(nil)
op=38 Add(parent=0,src="*C**C<:",isDir=false) -> real(17,nil) oracle(17,nil)
op=39 Rename(parent=15,"|xyx_c|A *x 好Y_c" -> "xY |%Cx?>|_cC*>") -> real(mapper: entry not found) oracle(mapper: entry not found)
op=40 Add(parent=14,src="Prn.9",isDir=true) -> real(18,nil) oracle(18,nil)
op=41 Add(parent=2,src="a\x00b",isDir=true) -> real(0,mapper: invalid name) oracle(0,mapper: invalid name)
op=42 Add(parent=4,src="Aux.txt",isDir=true) -> real(19,nil) oracle(19,nil)
op=43 Add(parent=11,src="yy| B*cZé>AA",isDir=true) -> real(20,nil) oracle(20,nil)
op=44 Rename(parent=2,"|y:\\_C|\\Y ZC>" -> "_-.bCa?bYxZ__-Y?Aaca\"\"") -> real(nil) oracle(nil)
op=45 Add(parent=18,src="aC\"zbx .C",isDir=true) -> real(21,nil) oracle(21,nil)
op=46 Add(parent=4,src="\"\\é?X\"b >:a\"B\" éX:.",isDir=true) -> real(22,nil) oracle(22,nil)
op=47 Add(parent=20,src="a\x00b",isDir=true) -> real(0,mapper: invalid name) oracle(0,mapper: invalid name)
op=48 Rename(parent=20,"xycCCCz_<y _%\".\\c?x*|%y|" -> ":") -> real(mapper: entry not found) oracle(mapper: entry not found)
op=49 Add(parent=15,src="B*A\">\\aé>\\|_ébyBc好X%.Z-é",isDir=false) -> real(23,nil) oracle(23,nil)
## config MaxBytes=20 MaxPath=46 MaxEntries=29
op=0 Add(parent=0,src="Prn.9.txt",isDir=true) -> real(1,nil) oracle(1,nil)
op=1 Remove(parent=1,src="Czcz.cBZ\"-") -> real(mapper: entry not found) oracle(mapper: entry not found)
op=2 Rename(parent=0,"Prn.9.txt" -> "ByA_?") -> real(nil) oracle(nil)
op=3 Add(parent=1,src="",isDir=true) -> real(0,mapper: invalid name) oracle(0,mapper: invalid name)
op=4 Rename(parent=1,"XZ--%>.AB-A|%\\b><éB_b好Cx" -> "Prn.9.txt") -> real(mapper: entry not found) oracle(mapper: entry not found)
op=5 Add(parent=0,src="",isDir=false) -> real(0,mapper: invalid name) oracle(0,mapper: invalid name)
op=6 Rename(parent=1,"|<XC AY>" -> " yz*Yy*%XX<\"bZc:_.") -> real(mapper: entry not found) oracle(mapper: entry not found)
op=7 Add(parent=1,src=".con",isDir=true) -> real(2,nil) oracle(2,nil)
op=8 Remove(parent=0,src="ByA_?") -> real(mapper: directory is not empty) oracle(mapper: directory is not empty)
op=9 Add(parent=1,src="C>",isDir=false) -> real(3,nil) oracle(3,nil)
op=10 Rename(parent=0,"y-" -> "-_") -> real(mapper: entry not found) oracle(mapper: entry not found)
op=11 Rename(parent=0,"ByA_?" -> ">zzAC<y%:| _") -> real(nil) oracle(nil)
op=12 Remove(parent=1,src="C>") -> real(nil) oracle(nil)
op=13 Remove(parent=2,src="_:CYBYZ:A \"c %>_<YA\"x") -> real(mapper: entry not found) oracle(mapper: entry not found)
op=14 Remove(parent=1,src="<y:\\y -A?\\<.__?Zby|\\CC") -> real(mapper: entry not found) oracle(mapper: entry not found)
op=15 Remove(parent=1,src=" cyY\"%Bza*?X>Z") -> real(mapper: entry not found) oracle(mapper: entry not found)
op=16 Add(parent=2,src="",isDir=false) -> real(0,mapper: invalid name) oracle(0,mapper: invalid name)
op=17 Rename(parent=1,"nul.txt" -> "b_yBZY|-abZB_") -> real(mapper: entry not found) oracle(mapper: entry not found)
op=18 Rename(parent=2,"*\">a\\y|BaB |?xY-CX-" -> "c>éZ BébBC|\"_A") -> real(mapper: entry not found) oracle(mapper: entry not found)
op=19 Rename(parent=2,"CON" -> "-bcz\"Bx<\"_x\\x%%xx_<A") -> real(mapper: entry not found) oracle(mapper: entry not found)
op=20 Add(parent=0,src=".B ",isDir=false) -> real(4,nil) oracle(4,nil)
op=21 Add(parent=1,src="B?\" A-x%",isDir=true) -> real(5,nil) oracle(5,nil)
op=22 Rename(parent=1,"XZ|c<\\\"?*:_<*Xy " -> "Y:C.C") -> real(mapper: entry not found) oracle(mapper: entry not found)
op=23 Add(parent=1,src=" BcZ*-%",isDir=true) -> real(6,nil) oracle(6,nil)
op=24 Add(parent=0,src="b. .?cy|B",isDir=false) -> real(7,nil) oracle(7,nil)
op=25 Rename(parent=2,"%:b__cy<a_\"" -> "X%*_AC<好-z") -> real(mapper: entry not found) oracle(mapper: entry not found)
op=26 Rename(parent=6,"|z好|.Bé_X-xX _|" -> ". >b>yaA?.Ay-:b_ ") -> real(mapper: entry not found) oracle(mapper: entry not found)
op=27 Rename(parent=0,".B " -> "%.\"YxZ.a c\"<xxc") -> real(nil) oracle(nil)
op=28 Rename(parent=5,"Y.AXx <c\\_|Yé.\"\"z好Y<<" -> "Aux") -> real(mapper: entry not found) oracle(mapper: entry not found)
op=29 Add(parent=6,src="Prn.9.txt",isDir=false) -> real(8,nil) oracle(8,nil)
op=30 Rename(parent=2,".qqqqqqqqqqqqq" -> "|aBA<?x:*Byb_") -> real(mapper: entry not found) oracle(mapper: entry not found)
op=31 Remove(parent=5,src="-\"%>:?y%xz  z\":%") -> real(mapper: entry not found) oracle(mapper: entry not found)
op=32 Rename(parent=2,"nul.txt" -> "a/b") -> real(mapper: invalid name) oracle(mapper: invalid name)
op=33 Remove(parent=1,src=".con.txt") -> real(mapper: entry not found) oracle(mapper: entry not found)
op=34 Rename(parent=6,"Prn.9.txt" -> "A :-:Y_%% %yA") -> real(mapper: mapped path exceeds MaxPath) oracle(mapper: mapped path exceeds MaxPath)
op=35 Rename(parent=1,"B?\" A-x%" -> "a\".Y\\*?CCx *C") -> real(nil) oracle(nil)
op=36 Add(parent=5,src="",isDir=false) -> real(0,mapper: invalid name) oracle(0,mapper: invalid name)
op=37 Add(parent=6,src="",isDir=false) -> real(0,mapper: invalid name) oracle(0,mapper: invalid name)
op=38 Remove(parent=5,src="a\\ ?:\"Yz*>\\.ay") -> real(mapper: entry not found) oracle(mapper: entry not found)
op=39 Rename(parent=2,"x% -<" -> "éb.|X_z.-c") -> real(mapper: entry not found) oracle(mapper: entry not found)
op=40 Add(parent=5,src="-YcX\\-a:\\-B*C<?_< ",isDir=true) -> real(0,mapper: mapped path exceeds MaxPath) oracle(0,mapper: mapped path exceeds MaxPath)
op=41 Remove(parent=6,src="lpt3") -> real(mapper: entry not found) oracle(mapper: entry not found)
op=42 Rename(parent=2,"|\"*b\"\"|.bc<-x%yY\"\"?y.z" -> ".qqqqqqqqqqqqq") -> real(mapper: entry not found) oracle(mapper: entry not found)
op=43 Add(parent=6,src="b\"::>ZayzB<A\"|c<Yz.cx?",isDir=true) -> real(0,mapper: mapped path exceeds MaxPath) oracle(0,mapper: mapped path exceeds MaxPath)
op=44 Remove(parent=0,src="\xff\xfe") -> real(mapper: entry not found) oracle(mapper: entry not found)
op=45 Remove(parent=6,src="Prn.9.txt") -> real(nil) oracle(nil)
op=46 Rename(parent=1,"a\".Y\\*?CCx *C" -> "yYc-\\aZ ") -> real(nil) oracle(nil)
op=47 Add(parent=0,src="X.:Bb|xc\"b-*-A:.Z-x?-\\z",isDir=true) -> real(9,nil) oracle(9,nil)
op=48 Rename(parent=9,"|Z* *A: xcy*b_a_bB\\." -> "a/b") -> real(mapper: invalid name) oracle(mapper: invalid name)
op=49 Remove(parent=0,src="b. .?cy|B") -> real(nil) oracle(nil)
## config MaxBytes=53 MaxPath=53 MaxEntries=9
op=0 Remove(parent=0,src="_| .\"aéY\"C.X<|%%|éxx*") -> real(mapper: entry not found) oracle(mapper: entry not found)
op=1 Rename(parent=0,"" -> ".qqqqqqqqqq") -> real(mapper: entry not found) oracle(mapper: entry not found)
op=2 Add(parent=0,src="a\\B好YbX?x<ZX*好\\b*.",isDir=false) -> real(1,nil) oracle(1,nil)
op=3 Remove(parent=0,src="z xy?X-y.Y:") -> real(mapper: entry not found) oracle(mapper: entry not found)
op=4 Rename(parent=0,"a\\B好YbX?x<ZX*好\\b*." -> "a\x00b") -> real(mapper: invalid name) oracle(mapper: invalid name)
op=5 Rename(parent=0,"a\\B好YbX?x<ZX*好\\b*." -> " _z\\<bc y好\\*?*-\\  b") -> real(nil) oracle(nil)
op=6 Add(parent=0,src="*x* xxXy%\":?-XX|CX||z?x",isDir=true) -> real(2,nil) oracle(2,nil)
op=7 Rename(parent=2,"%:ZY_<YZx|A_C<yc" -> ".qqqqq") -> real(mapper: entry not found) oracle(mapper: entry not found)
op=8 Remove(parent=2,src="<Bcc\\ _ BBé*") -> real(mapper: entry not found) oracle(mapper: entry not found)
op=9 Add(parent=2,src=".con.txt",isDir=true) -> real(3,nil) oracle(3,nil)
op=10 Remove(parent=2,src=".con.txt") -> real(nil) oracle(nil)
op=11 Rename(parent=2,"y>C?Bé" -> "|b-.%xy.\\|-bcX") -> real(mapper: entry not found) oracle(mapper: entry not found)
op=12 Remove(parent=0,src="*x* xxXy%\":?-XX|CX||z?x") -> real(nil) oracle(nil)
op=13 Rename(parent=0," _z\\<bc y好\\*?*-\\  b" -> "z\\Ax \"a\\_X\\|%\"aB-ZAYx") -> real(nil) oracle(nil)
op=14 Rename(parent=2,"B |AZ%a-?>a<A\\yb\\_<>c" -> ">bx\"_x%X\"-") -> real(mapper: entry not found) oracle(mapper: entry not found)
op=15 Remove(parent=0,src=".qqqqqq") -> real(mapper: entry not found) oracle(mapper: entry not found)
op=16 Remove(parent=0,src="z\\Ax \"a\\_X\\|%\"aB-ZAYx") -> real(nil) oracle(nil)
op=17 Rename(parent=3,".qqqqqqqqqqqqqqqq" -> "ZcA") -> real(mapper: entry not found) oracle(mapper: entry not found)
op=18 Add(parent=2,src="a\\c-z<_%*X*a",isDir=false) -> real(0,mapper: parent does not exist or is not a directory) oracle(0,mapper: parent does not exist or is not a directory)
op=19 Remove(parent=0,src="c\\Yzxbca>>") -> real(mapper: entry not found) oracle(mapper: entry not found)
op=20 Add(parent=2,src="\"_.\"é <A\"\"yY_X好éA :",isDir=false) -> real(0,mapper: parent does not exist or is not a directory) oracle(0,mapper: parent does not exist or is not a directory)
op=21 Rename(parent=2," _ \":\"" -> "X-\\. C?C a好>A<|AB>|Y好 ") -> real(mapper: entry not found) oracle(mapper: entry not found)
op=22 Remove(parent=0,src="nul.txt") -> real(mapper: entry not found) oracle(mapper: entry not found)
op=23 Add(parent=0,src=".qqqqqq",isDir=false) -> real(4,nil) oracle(4,nil)
op=24 Add(parent=0,src="-X:Z??A>y\"?ZY\"Z\"Y",isDir=false) -> real(5,nil) oracle(5,nil)
op=25 Add(parent=3,src="%ZYcb>-Ab?:",isDir=true) -> real(0,mapper: parent does not exist or is not a directory) oracle(0,mapper: parent does not exist or is not a directory)
op=26 Rename(parent=3,"<<|ZC|.\"*xY.\"c" -> "y:?zZ_ |\\yc") -> real(mapper: entry not found) oracle(mapper: entry not found)
op=27 Add(parent=2,src="\\AZBa\\\":|az? y*bxbaaB",isDir=true) -> real(0,mapper: parent does not exist or is not a directory) oracle(0,mapper: parent does not exist or is not a directory)
op=28 Rename(parent=3,"Cb-好:" -> "._z.\"%") -> real(mapper: entry not found) oracle(mapper: entry not found)
op=29 Add(parent=3,src="_YB. \\z- yyXx\"C X<.?",isDir=true) -> real(0,mapper: parent does not exist or is not a directory) oracle(0,mapper: parent does not exist or is not a directory)
op=30 Rename(parent=2,"\xff\xfe" -> "|.:Z") -> real(mapper: entry not found) oracle(mapper: entry not found)
op=31 Rename(parent=0,".qqqqqq" -> "_好XAAy<*xzzéX|z.bxx ") -> real(nil) oracle(nil)
op=32 Rename(parent=3,".qqqqqqqqqqqqqqq" -> ".A:B<b .a") -> real(mapper: entry not found) oracle(mapper: entry not found)
op=33 Remove(parent=2,src=".\"?cbY.c\\xc*<") -> real(mapper: entry not found) oracle(mapper: entry not found)
op=34 Rename(parent=2,"YY%\\?|" -> "\"x\\Zbx CAcY") -> real(mapper: entry not found) oracle(mapper: entry not found)
op=35 Rename(parent=0,"-X:Z??A>y\"?ZY\"Z\"Y" -> "zx*Z%%Z*B>%Cay\":Yy ?") -> real(nil) oracle(nil)
op=36 Add(parent=3,src="cé\"Yyé好?*>好c",isDir=true) -> real(0,mapper: parent does not exist or is not a directory) oracle(0,mapper: parent does not exist or is not a directory)
op=37 Add(parent=0,src="A>y*ZAXxBéaC",isDir=false) -> real(6,nil) oracle(6,nil)
op=38 Add(parent=3,src="<ab|.-%",isDir=false) -> real(0,mapper: parent does not exist or is not a directory) oracle(0,mapper: parent does not exist or is not a directory)
op=39 Add(parent=3,src="<|\"<%Xyzb%",isDir=true) -> real(0,mapper: parent does not exist or is not a directory) oracle(0,mapper: parent does not exist or is not a directory)
op=40 Add(parent=2,src="Xb\\CA好\\Ab好%C:-\\cYb%",isDir=true) -> real(0,mapper: parent does not exist or is not a directory) oracle(0,mapper: parent does not exist or is not a directory)
op=41 Add(parent=3,src="Y_",isDir=false) -> real(0,mapper: parent does not exist or is not a directory) oracle(0,mapper: parent does not exist or is not a directory)
op=42 Rename(parent=2,"C?z?-:_-z" -> "*Yac\">a:Z<z >") -> real(mapper: entry not found) oracle(mapper: entry not found)
op=43 Remove(parent=3,src="BA_A>:xX") -> real(mapper: entry not found) oracle(mapper: entry not found)
op=44 Rename(parent=2,".>z_ .*-\\>bay z.aaZ .x>" -> "?zyz| A??") -> real(mapper: entry not found) oracle(mapper: entry not found)
op=45 Add(parent=2,src="nul.txt",isDir=true) -> real(0,mapper: parent does not exist or is not a directory) oracle(0,mapper: parent does not exist or is not a directory)
op=46 Remove(parent=3,src="nul") -> real(mapper: entry not found) oracle(mapper: entry not found)
op=47 Rename(parent=0,"_好XAAy<*xzzéX|z.bxx " -> "y%<?Aa\"C??*\"") -> real(nil) oracle(nil)
op=48 Rename(parent=0,"zx*Z%%Z*B>%Cay\":Yy ?" -> "\"|% A:x") -> real(nil) oracle(nil)
op=49 Rename(parent=2,"yBXC" -> "Prn.9.txt") -> real(mapper: entry not found) oracle(mapper: entry not found)
## config MaxBytes=27 MaxPath=90 MaxEntries=22
op=0 Add(parent=0,src=":ZxBZé",isDir=true) -> real(1,nil) oracle(1,nil)
op=1 Add(parent=1,src="x:aY%C B zbX. B",isDir=false) -> real(2,nil) oracle(2,nil)
op=2 Remove(parent=1,src="x:aY%C B zbX. B") -> real(nil) oracle(nil)
op=3 Remove(parent=0,src="z?XXX C_>|cZ|||<z?") -> real(mapper: entry not found) oracle(mapper: entry not found)
op=4 Rename(parent=0,":ZxBZé" -> "%C%a*<b x\\<\"\":ycY za") -> real(nil) oracle(nil)
op=5 Rename(parent=1,"xY*cBécC好>B--Yc.好Y>C:x" -> "|cBé\"x好") -> real(mapper: entry not found) oracle(mapper: entry not found)
op=6 Rename(parent=0,"%C%a*<b x\\<\"\":ycY za" -> ">\\Y|>ZCZ<cA\"|c__*x") -> real(nil) oracle(nil)
op=7 Remove(parent=1,src="\xff\xfe") -> real(mapper: entry not found) oracle(mapper: entry not found)
op=8 Add(parent=1,src=".qqqqqqqqqqqqq",isDir=false) -> real(3,nil) oracle(3,nil)
op=9 Rename(parent=0,">\\Y|>ZCZ<cA\"|c__*x" -> "-*<-b-Xy:?<ZbA-_X") -> real(nil) oracle(nil)
op=10 Rename(parent=1,".qqqqqqqqqqqqq" -> "._ZB  c-yy*_|:?%\"A*>_xZ") -> real(nil) oracle(nil)
op=11 Add(parent=1,src="A",isDir=true) -> real(4,nil) oracle(4,nil)
op=12 Add(parent=0,src=">x\":>_??_X\"X>\\X?",isDir=true) -> real(5,nil) oracle(5,nil)
op=13 Add(parent=4,src="ZxACA*YZ:<zZ|*?cbZ\\|:\\<%",isDir=false) -> real(6,nil) oracle(6,nil)
op=14 Add(parent=1,src="bA |ZYcZyA\"C:bba-**_A_Ya",isDir=true) -> real(7,nil) oracle(7,nil)
op=15 Add(parent=7,src="|YB%>a\">a\"C\\XYy",isDir=true) -> real(8,nil) oracle(8,nil)
op=16 Add(parent=0,src="<A?<bx:>\"aBa<好好_x<Z",isDir=false) -> real(9,nil) oracle(9,nil)
op=17 Add(parent=5,src="C_X\"X:AXCAYc%xyxYx. |",isDir=false) -> real(10,nil) oracle(10,nil)
op=18 Remove(parent=0,src="<A?<bx:>\"aBa<好好_x<Z") -> real(nil) oracle(nil)
op=19 Rename(parent=4,"\\XXy% *X.%A-?|<Y%b-\"->a " -> "-好%AB<C") -> real(mapper: entry not found) oracle(mapper: entry not found)
op=20 Rename(parent=7,"|YB%>a\">a\"C\\XYy" -> "X<") -> real(nil) oracle(nil)
op=21 Rename(parent=1,"A" -> "|<xY*%%\\:X|ax|%\\\"%<x") -> real(nil) oracle(nil)
op=22 Rename(parent=7,"<X*YX \\ >c%<|X>\\?|c<" -> "Zzc*aA.A") -> real(mapper: entry not found) oracle(mapper: entry not found)
op=23 Remove(parent=0,src="-*<-b-Xy:?<ZbA-_X") -> real(mapper: directory is not empty) oracle(mapper: directory is not empty)
op=24 Add(parent=4,src="Y% Cz\"y-zA%-<\\zc",isDir=false) -> real(11,nil) oracle(11,nil)
op=25 Rename(parent=1,"._ZB  c-yy*_|:?%\"A*>_xZ" -> "?cy\\_|XXa\\:%C*>yc|\"") -> real(nil) oracle(nil)
op=26 Rename(parent=4,"lpt3" -> "Aux") -> real(mapper: entry not found) oracle(mapper: entry not found)
op=27 Remove(parent=7,src="X<") -> real(nil) oracle(nil)
op=28 Remove(parent=7,src="?a*x:? yAZ") -> real(mapper: entry not found) oracle(mapper: entry not found)
op=29 Add(parent=4,src="aCyZy\"|:y",isDir=false) -> real(12,nil) oracle(12,nil)
op=30 Add(parent=4,src="\\Y好\"",isDir=false) -> real(13,nil) oracle(13,nil)
op=31 Add(parent=0,src=".|ZCax?z\"abby",isDir=false) -> real(14,nil) oracle(14,nil)
op=32 Rename(parent=4,".qqqqqqqqqqqqqqqqqqqq" -> "a\x00b") -> real(mapper: invalid name) oracle(mapper: invalid name)
op=33 Rename(parent=1,"bA |ZYcZyA\"C:bba-**_A_Ya" -> ">yxc|\"bB|%C?Y:YY?az ") -> real(nil) oracle(nil)
op=34 Add(parent=5,src=".qqqqqqqqqqqqqqqqqqqqqqqq",isDir=false) -> real(15,nil) oracle(15,nil)
op=35 Add(parent=7,src="\xff\xfe",isDir=false) -> real(0,mapper: invalid name) oracle(0,mapper: invalid name)
op=36 Rename(parent=0,"-*<-b-Xy:?<ZbA-_X" -> "Prn.9") -> real(nil) oracle(nil)
op=37 Add(parent=4,src="\"y:\"\"aCc-<y>X%zx<_",isDir=true) -> real(16,nil) oracle(16,nil)
op=38 Remove(parent=0,src="Prn.9") -> real(mapper: directory is not empty) oracle(mapper: directory is not empty)
op=39 Add(parent=0,src="<B \\%\"bC",isDir=false) -> real(17,nil) oracle(17,nil)
op=40 Add(parent=7,src="\xff\xfe",isDir=false) -> real(0,mapper: invalid name) oracle(0,mapper: invalid name)
op=41 Remove(parent=8,src="") -> real(mapper: entry not found) oracle(mapper: entry not found)
op=42 Remove(parent=5,src="c\\好X >-") -> real(mapper: entry not found) oracle(mapper: entry not found)
op=43 Rename(parent=1,">yxc|\"bB|%C?Y:YY?az " -> "XzZXaYczC%<_y\"CB?<azZxb") -> real(nil) oracle(nil)
op=44 Add(parent=16,src="Z-Y\\yaxAAYb好_é?écxY_c",isDir=false) -> real(18,nil) oracle(18,nil)
op=45 Rename(parent=4,"_a" -> "Prn.9.txt") -> real(mapper: entry not found) oracle(mapper: entry not found)
op=46 Add(parent=16,src="-%",isDir=false) -> real(19,nil) oracle(19,nil)
op=47 Rename(parent=8,"Y>xB Ba> zA_*c%Y\\%cca" -> ":Byyay|:Z-") -> real(mapper: entry not found) oracle(mapper: entry not found)
op=48 Remove(parent=5,src=".qqqqqqqqqqqqqqqqqqqqqqqq") -> real(nil) oracle(nil)
op=49 Add(parent=4,src="BZCYAzB>B%x:bBA<\\A",isDir=false) -> real(20,nil) oracle(20,nil)
